symbol,type,name
A,stock,Agilent Technologies
AAPL,stock,Apple Inc.
ABBV,stock,AbbVie
ABNB,stock,Airbnb
ABT,stock,Abbott Laboratories
ACGL,stock,Arch Capital Group
ACN,stock,Accenture
ADBE,stock,Adobe Inc.
ADI,stock,Analog Devices
ADM,stock,Archer Daniels Midland
ADP,stock,Automatic Data Processing
ADSK,stock,Autodesk
AEE,stock,Ameren
AEP,stock,American Electric Power
AES,stock,AES Corporation
AFL,stock,Aflac
AIG,stock,American International Group
AIZ,stock,Assurant
AJG,stock,Arthur J. Gallagher & Co.
AKAM,stock,Akamai Technologies
ALB,stock,Albemarle Corporation
ALGN,stock,Align Technology
ALL,stock,Allstate
ALLE,stock,Allegion
AMAT,stock,Applied Materials
AMCR,stock,Amcor
AMD,stock,Advanced Micro Devices
AME,stock,Ametek
AMGN,stock,Amgen
AMP,stock,Ameriprise Financial
AMT,stock,American Tower
AMZN,stock,Amazon
ANET,stock,Arista Networks
AON,stock,Aon plc
AOS,stock,A. O. Smith
APA,stock,APA Corporation
APD,stock,Air Products
APH,stock,Amphenol
APO,stock,Apollo Global Management
APTV,stock,Aptiv
ARE,stock,Alexandria Real Estate Equities
ATO,stock,Atmos Energy
AVB,stock,AvalonBay Communities
AVGO,stock,Broadcom
AVY,stock,Avery Dennison
AWK,stock,American Water Works
AXON,stock,Axon Enterprise
AXP,stock,American Express
AZO,stock,AutoZone
BA,stock,Boeing
BAC,stock,Bank of America
BALL,stock,Ball Corporation
BAX,stock,Baxter International
BBY,stock,Best Buy
BDX,stock,Becton Dickinson
BEN,stock,Franklin Resources
BF-B,stock,Brown–Forman
BG,stock,Bunge Global
BIIB,stock,Biogen
BK,stock,BNY Mellon
BKNG,stock,Booking Holdings
BKR,stock,Baker Hughes
BLDR,stock,Builders FirstSource
BLK,stock,BlackRock
BMY,stock,Bristol Myers Squibb
BR,stock,Broadridge Financial Solutions
BRK-B,stock,Berkshire Hathaway
BRO,stock,Brown & Brown
BSX,stock,Boston Scientific
BX,stock,Blackstone Inc.
BXP,stock,"BXP, Inc."
C,stock,Citigroup
CAG,stock,Conagra Brands
CAH,stock,Cardinal Health
CARR,stock,Carrier Global
CAT,stock,Caterpillar Inc.
CB,stock,Chubb Limited
CBOE,stock,Cboe Global Markets
CBRE,stock,CBRE Group
CCI,stock,Crown Castle
CCL,stock,Carnival
CDNS,stock,Cadence Design Systems
CDW,stock,CDW Corporation
CEG,stock,Constellation Energy
CF,stock,CF Industries
CFG,stock,Citizens Financial Group
CHD,stock,Church & Dwight
CHRW,stock,C.H. Robinson
CHTR,stock,Charter Communications
CI,stock,Cigna
CINF,stock,Cincinnati Financial
CL,stock,Colgate-Palmolive
CLX,stock,Clorox
CMCSA,stock,Comcast
CME,stock,CME Group
CMG,stock,Chipotle Mexican Grill
CMI,stock,Cummins
CMS,stock,CMS Energy
CNC,stock,Centene Corporation
CNP,stock,CenterPoint Energy
COF,stock,Capital One
COIN,stock,Coinbase
COO,stock,Cooper Companies (The)
COP,stock,ConocoPhillips
COR,stock,Cencora
COST,stock,Costco
CPAY,stock,Corpay
CPB,stock,Campbell's Company (The)
CPRT,stock,Copart
CPT,stock,Camden Property Trust
CRL,stock,Charles River Laboratories
CRM,stock,Salesforce
CRWD,stock,CrowdStrike
CSCO,stock,Cisco
CSGP,stock,CoStar Group
CSX,stock,CSX Corporation
CTAS,stock,Cintas
CTRA,stock,Coterra
CTSH,stock,Cognizant
CTVA,stock,Corteva
CVS,stock,CVS Health
CVX,stock,Chevron Corporation
CZR,stock,Caesars Entertainment
D,stock,Dominion Energy
DAL,stock,Delta Air Lines
DASH,stock,DoorDash
DAY,stock,Dayforce
DD,stock,DuPont
DDOG,stock,Datadog
DE,stock,Deere & Company
DECK,stock,Deckers Brands
DELL,stock,Dell Technologies
DG,stock,Dollar General
DGX,stock,Quest Diagnostics
DHI,stock,D. R. Horton
DHR,stock,Danaher Corporation
DIS,stock,Walt Disney Company (The)
DLR,stock,Digital Realty
DLTR,stock,Dollar Tree
DOC,stock,Healthpeak Properties
DOV,stock,Dover Corporation
DOW,stock,Dow Inc.
DPZ,stock,Domino's
DRI,stock,Darden Restaurants
DTE,stock,DTE Energy
DUK,stock,Duke Energy
DVA,stock,DaVita
DVN,stock,Devon Energy
DXCM,stock,Dexcom
EA,stock,Electronic Arts
EBAY,stock,eBay Inc.
ECL,stock,Ecolab
ED,stock,Consolidated Edison
EFX,stock,Equifax
EG,stock,Everest Group
EIX,stock,Edison International
EL,stock,Estée Lauder Companies (The)
ELV,stock,Elevance Health
EMN,stock,Eastman Chemical Company
EMR,stock,Emerson Electric
ENPH,stock,Enphase Energy
EOG,stock,EOG Resources
EPAM,stock,EPAM Systems
EQIX,stock,Equinix
EQR,stock,Equity Residential
EQT,stock,EQT Corporation
ERIE,stock,Erie Indemnity
ES,stock,Eversource Energy
ESS,stock,Essex Property Trust
ETN,stock,Eaton Corporation
ETR,stock,Entergy
EVRG,stock,Evergy
EW,stock,Edwards Lifesciences
EXC,stock,Exelon
EXE,stock,Expand Energy
EXPD,stock,Expeditors International
EXPE,stock,Expedia Group
EXR,stock,Extra Space Storage
F,stock,Ford Motor Company
FANG,stock,Diamondback Energy
FAST,stock,Fastenal
FCX,stock,Freeport-McMoRan
FDS,stock,FactSet
FDX,stock,FedEx
FE,stock,FirstEnergy
FFIV,stock,"F5, Inc."
FI,stock,Fiserv
FICO,stock,Fair Isaac
FIS,stock,Fidelity National Information Services
FITB,stock,Fifth Third Bancorp
FOX,stock,Fox Corporation (Class B)
FOXA,stock,Fox Corporation (Class A)
FRT,stock,Federal Realty Investment Trust
FSLR,stock,First Solar
FTNT,stock,Fortinet
FTV,stock,Fortive
GD,stock,General Dynamics
GDDY,stock,GoDaddy
GE,stock,GE Aerospace
GEHC,stock,GE HealthCare
GEN,stock,Gen Digital
GEV,stock,GE Vernova
GILD,stock,Gilead Sciences
GIS,stock,General Mills
GL,stock,Globe Life
GLW,stock,Corning Inc.
GM,stock,General Motors
GNRC,stock,Generac
GOOG,stock,Alphabet Inc. (Class C)
GOOGL,stock,Alphabet Inc. (Class A)
GPC,stock,Genuine Parts Company
GPN,stock,Global Payments
GRMN,stock,Garmin
GS,stock,Goldman Sachs
GWW,stock,W. W. Grainger
HAL,stock,Halliburton
HAS,stock,Hasbro
HBAN,stock,Huntington Bancshares
HCA,stock,HCA Healthcare
HD,stock,Home Depot (The)
HIG,stock,Hartford (The)
HII,stock,Huntington Ingalls Industries
HLT,stock,Hilton Worldwide
HOLX,stock,Hologic
HON,stock,Honeywell
HPE,stock,Hewlett Packard Enterprise
HPQ,stock,HP Inc.
HRL,stock,Hormel Foods
HSIC,stock,Henry Schein
HST,stock,Host Hotels & Resorts
HSY,stock,Hershey Company (The)
HUBB,stock,Hubbell Incorporated
HUM,stock,Humana
HWM,stock,Howmet Aerospace
IBM,stock,IBM
ICE,stock,Intercontinental Exchange
IDXX,stock,Idexx Laboratories
IEX,stock,IDEX Corporation
IFF,stock,International Flavors & Fragrances
INCY,stock,Incyte
INTC,stock,Intel
INTU,stock,Intuit
INVH,stock,Invitation Homes
IP,stock,International Paper
IPG,stock,Interpublic Group of Companies (The)
IQV,stock,IQVIA
IR,stock,Ingersoll Rand
IRM,stock,Iron Mountain
ISRG,stock,Intuitive Surgical
IT,stock,Gartner
ITW,stock,Illinois Tool Works
IVZ,stock,Invesco
J,stock,Jacobs Solutions
JBHT,stock,J.B. Hunt
JBL,stock,Jabil
JCI,stock,Johnson Controls
JKHY,stock,Jack Henry & Associates
JNJ,stock,Johnson & Johnson
JPM,stock,JPMorgan Chase
K,stock,Kellanova
KDP,stock,Keurig Dr Pepper
KEY,stock,KeyCorp
KEYS,stock,Keysight Technologies
KHC,stock,Kraft Heinz
KIM,stock,Kimco Realty
KKR,stock,KKR & Co.
KLAC,stock,KLA Corporation
KMB,stock,Kimberly-Clark
KMI,stock,Kinder Morgan
KMX,stock,CarMax
KO,stock,Coca-Cola Company (The)
KR,stock,Kroger
KVUE,stock,Kenvue
L,stock,Loews Corporation
LDOS,stock,Leidos
LEN,stock,Lennar
LH,stock,Labcorp
LHX,stock,L3Harris
LII,stock,Lennox International
LIN,stock,Linde plc
LKQ,stock,LKQ Corporation
LLY,stock,Lilly (Eli)
LMT,stock,Lockheed Martin
LNT,stock,Alliant Energy
LOW,stock,Lowe's
LRCX,stock,Lam Research
LULU,stock,Lululemon Athletica
LUV,stock,Southwest Airlines
LVS,stock,Las Vegas Sands
LW,stock,Lamb Weston
LYB,stock,LyondellBasell
LYV,stock,Live Nation Entertainment
MA,stock,Mastercard
MAA,stock,Mid-America Apartment Communities
MAR,stock,Marriott International
MAS,stock,Masco
MCD,stock,McDonald's
MCHP,stock,Microchip Technology
MCK,stock,McKesson Corporation
MCO,stock,Moody's Corporation
MDLZ,stock,Mondelez International
MDT,stock,Medtronic
MET,stock,MetLife
META,stock,Meta Platforms
MGM,stock,MGM Resorts
MHK,stock,Mohawk Industries
MKC,stock,McCormick & Company
MKTX,stock,MarketAxess
MLM,stock,Martin Marietta Materials
MMC,stock,Marsh McLennan
MMM,stock,3M
MNST,stock,Monster Beverage
MO,stock,Altria
MOH,stock,Molina Healthcare
MOS,stock,Mosaic Company (The)
MPC,stock,Marathon Petroleum
MPWR,stock,Monolithic Power Systems
MRK,stock,Merck & Co.
MRNA,stock,Moderna
MS,stock,Morgan Stanley
MSCI,stock,MSCI Inc.
MSFT,stock,Microsoft
MSI,stock,Motorola Solutions
MTB,stock,M&T Bank
MTCH,stock,Match Group
MTD,stock,Mettler Toledo
MU,stock,Micron Technology
NCLH,stock,Norwegian Cruise Line Holdings
NDAQ,stock,"Nasdaq, Inc."
NDSN,stock,Nordson Corporation
NEE,stock,NextEra Energy
NEM,stock,Newmont
NFLX,stock,Netflix
NI,stock,NiSource
NKE,stock,"Nike, Inc."
NOC,stock,Northrop Grumman
NOW,stock,ServiceNow
NRG,stock,NRG Energy
NSC,stock,Norfolk Southern
NTAP,stock,NetApp
NTRS,stock,Northern Trust
NUE,stock,Nucor
NVDA,stock,Nvidia
NVR,stock,"NVR, Inc."
NWS,stock,News Corp (Class B)
NWSA,stock,News Corp (Class A)
NXPI,stock,NXP Semiconductors
O,stock,Realty Income
ODFL,stock,Old Dominion
OKE,stock,Oneok
OMC,stock,Omnicom Group
ON,stock,ON Semiconductor
ORCL,stock,Oracle Corporation
ORLY,stock,O’Reilly Automotive
OTIS,stock,Otis Worldwide
OXY,stock,Occidental Petroleum
PANW,stock,Palo Alto Networks
PAYC,stock,Paycom
PAYX,stock,Paychex
PCAR,stock,Paccar
PCG,stock,PG&E Corporation
PEG,stock,Public Service Enterprise Group
PEP,stock,PepsiCo
PFE,stock,Pfizer
PFG,stock,Principal Financial Group
PG,stock,Procter & Gamble
PGR,stock,Progressive Corporation
PH,stock,Parker Hannifin
PHM,stock,PulteGroup
PKG,stock,Packaging Corporation of America
PLD,stock,Prologis
PLTR,stock,Palantir Technologies
PM,stock,Philip Morris International
PNC,stock,PNC Financial Services
PNR,stock,Pentair
PNW,stock,Pinnacle West Capital
PODD,stock,Insulet Corporation
POOL,stock,Pool Corporation
PPG,stock,PPG Industries
PPL,stock,PPL Corporation
PRU,stock,Prudential Financial
PSA,stock,Public Storage
PSKY,stock,Paramount Skydance Corporation
PSX,stock,Phillips 66
PTC,stock,PTC Inc.
PWR,stock,Quanta Services
PYPL,stock,PayPal
QCOM,stock,Qualcomm
RCL,stock,Royal Caribbean Group
REG,stock,Regency Centers
REGN,stock,Regeneron Pharmaceuticals
RF,stock,Regions Financial Corporation
RJF,stock,Raymond James Financial
RL,stock,Ralph Lauren Corporation
RMD,stock,ResMed
ROK,stock,Rockwell Automation
ROL,stock,"Rollins, Inc."
ROP,stock,Roper Technologies
ROST,stock,Ross Stores
RSG,stock,Republic Services
RTX,stock,RTX Corporation
RVTY,stock,Revvity
SBAC,stock,SBA Communications
SBUX,stock,Starbucks
SCHW,stock,Charles Schwab Corporation
SHW,stock,Sherwin-Williams
SJM,stock,J.M. Smucker Company (The)
SLB,stock,Schlumberger
SMCI,stock,Supermicro
SNA,stock,Snap-on
SNPS,stock,Synopsys
SO,stock,Southern Company
SOLV,stock,Solventum
SPG,stock,Simon Property Group
SPGI,stock,S&P Global
SRE,stock,Sempra
STE,stock,Steris
STLD,stock,Steel Dynamics
STT,stock,State Street Corporation
STX,stock,Seagate Technology
STZ,stock,Constellation Brands
SW,stock,Smurfit Westrock
SWK,stock,Stanley Black & Decker
SWKS,stock,Skyworks Solutions
SYF,stock,Synchrony Financial
SYK,stock,Stryker Corporation
SYY,stock,Sysco
T,stock,AT&T
TAP,stock,Molson Coors Beverage Company
TDG,stock,TransDigm Group
TDY,stock,Teledyne Technologies
TECH,stock,Bio-Techne
TEL,stock,TE Connectivity
TER,stock,Teradyne
TFC,stock,Truist Financial
TGT,stock,Target Corporation
TJX,stock,TJX Companies
TKO,stock,TKO Group Holdings
TMO,stock,Thermo Fisher Scientific
TMUS,stock,T-Mobile US
TPL,stock,Texas Pacific Land Corporation
TPR,stock,"Tapestry, Inc."
TRGP,stock,Targa Resources
TRMB,stock,Trimble Inc.
TROW,stock,T. Rowe Price
TRV,stock,Travelers Companies (The)
TSCO,stock,Tractor Supply
TSLA,stock,"Tesla, Inc."
TSN,stock,Tyson Foods
TT,stock,Trane Technologies
TTD,stock,Trade Desk (The)
TTWO,stock,Take-Two Interactive
TXN,stock,Texas Instruments
TXT,stock,Textron
TYL,stock,Tyler Technologies
UAL,stock,United Airlines Holdings
UBER,stock,Uber
UDR,stock,"UDR, Inc."
UHS,stock,Universal Health Services
ULTA,stock,Ulta Beauty
UNH,stock,UnitedHealth Group
UNP,stock,Union Pacific Corporation
UPS,stock,United Parcel Service
URI,stock,United Rentals
USB,stock,U.S. Bancorp
V,stock,Visa Inc.
VICI,stock,Vici Properties
VLO,stock,Valero Energy
VLTO,stock,Veralto
VMC,stock,Vulcan Materials Company
VRSK,stock,Verisk Analytics
VRSN,stock,Verisign
VRTX,stock,Vertex Pharmaceuticals
VST,stock,Vistra Corp.
VTR,stock,Ventas
VTRS,stock,Viatris
VZ,stock,Verizon
WAB,stock,Wabtec
WAT,stock,Waters Corporation
WBA,stock,Walgreens Boots Alliance
WBD,stock,Warner Bros. Discovery
WDAY,stock,"Workday, Inc."
WDC,stock,Western Digital
WEC,stock,WEC Energy Group
WELL,stock,Welltower
WFC,stock,Wells Fargo
WM,stock,Waste Management
WMB,stock,Williams Companies
WMT,stock,Walmart
WRB,stock,W. R. Berkley Corporation
WSM,stock,"Williams-Sonoma, Inc."
WST,stock,West Pharmaceutical Services
WTW,stock,Willis Towers Watson
WY,stock,Weyerhaeuser
WYNN,stock,Wynn Resorts
XEL,stock,Xcel Energy
XOM,stock,ExxonMobil
XYL,stock,Xylem Inc.
XYZ,stock,"Block, Inc."
YUM,stock,Yum! Brands
ZBH,stock,Zimmer Biomet
ZBRA,stock,Zebra Technologies
ZTS,stock,Zoetis
VOO,ETF,Vanguard S&P 500 ETF
IVV,ETF,iShares Core S&P 500 ETF
SPY,ETF,State Street SPDR S&P 500 ETF
VTI,ETF,Vanguard Total Stock Market ETF
QQQ,ETF,Invesco QQQ Trust Series I
VEA,ETF,Vanguard FTSE Developed Markets ETF
VUG,ETF,Vanguard Growth ETF
IEFA,ETF,iShares Core MSCI EAFE ETF
GLD,ETF,SPDR Gold Shares
VTV,ETF,Vanguard Value ETF
BND,ETF,Vanguard Total Bond Market ETF
IEMG,ETF,iShares Core MSCI Emerging Markets ETF
VXUS,ETF,Vanguard Total International Stock ETF
AGG,ETF,iShares Core U.S. Aggregate Bond ETF
IWF,ETF,iShares Russell 1000 Growth ETF
VWO,ETF,Vanguard FTSE Emerging Markets ETF
VGT,ETF,Vanguard Information Technology ETF
IJH,ETF,iShares Core S&P Mid-Cap ETF
SPYM,ETF,State Street SPDR Portfolio S&P 500 ETF
VIG,ETF,Vanguard Dividend Appreciation ETF
IJR,ETF,iShares Core S&P Small-Cap ETF
VO,ETF,Vanguard Mid-Cap ETF
XLK,ETF,State Street Technology Select Sector SPDR ETF
RSP,ETF,Invesco S&P 500® Equal Weight ETF
SCHD,ETF,Schwab US Dividend Equity ETF
ITOT,ETF,iShares Core S&P Total U.S. Stock Market ETF
IAU,ETF,iShares Gold Trust
EFA,ETF,iShares MSCI EAFE ETF
IWM,ETF,iShares Russell 2000 ETF
BNDX,ETF,Vanguard Total International Bond ETF
VYM,ETF,Vanguard High Dividend Yield Index ETF
VB,ETF,Vanguard Small Cap ETF
SGOV,ETF,iShares 0-3 Month Treasury Bond ETF
QQQM,ETF,Invesco NASDAQ 100 ETF
IWD,ETF,iShares Russell 1000 Value ETF
IVW,ETF,iShares S&P 500 Growth ETF
VT,ETF,Vanguard Total World Stock ETF
SCHX,ETF,Schwab U.S. Large-Cap ETF
VCIT,ETF,Vanguard Intermediate-Term Corporate Bond ETF
VEU,ETF,Vanguard FTSE All-World ex-US Index Fund
SCHF,ETF,Schwab International Equity ETF
IXUS,ETF,iShares Core MSCI Total International Stock ETF
XLF,ETF,State Street Financial Select Sector SPDR ETF
IBIT,ETF,iShares Bitcoin Trust ETF
SCHG,ETF,Schwab U.S. Large-Cap Growth ETF
IVE,ETF,iShares S&P 500 Value ETF
QUAL,ETF,iShares MSCI USA Quality Factor ETF
IWR,ETF,iShares Russell Midcap ETF
VV,ETF,Vanguard Large Cap ETF
IEF,ETF,iShares 7-10 Year Treasury Bond ETF
IWB,ETF,iShares Russell 1000 ETF
SMH,ETF,VanEck Semiconductor ETF
DIA,ETF,SPDR Dow Jones Industrial Average ETF Trust
SLV,ETF,iShares Silver Trust
SPYG,ETF,State Street SPDR Portfolio S&P 500 Growth ETF
TLT,ETF,iShares 20+ Year Treasury Bond ETF
JEPI,ETF,JPMorgan Equity Premium Income Fund
BSV,ETF,Vanguard Short-Term Bond ETF
BIL,ETF,State Street SPDR Bloomberg 1-3 Month T-Bill ETF
MUB,ETF,iShares National Muni Bond ETF
DFAC,ETF,Dimensional U.S. Core Equity 2 ETF
VTEB,ETF,Vanguard Tax-Exempt Bond ETF
XLV,ETF,State Street Health Care Select Sector SPDR ETF
VCSH,ETF,Vanguard Short-Term Corporate Bond ETF
VGIT,ETF,Vanguard Intermediate-Term Treasury ETF
MBB,ETF,iShares MBS ETF
SCHB,ETF,Schwab U.S. Broad Market ETF
DGRO,ETF,iShares Core Dividend Growth ETF
SPDW,ETF,State Street SPDR Portfolio Developed World ex-US ETF
VONG,ETF,Vanguard Russell 1000 Growth ETF
XLE,ETF,State Street Energy Select Sector SPDR ETF
JPST,ETF,JPMorgan Ultra-Short Income ETF
VNQ,ETF,Vanguard Real Estate ETF
GOVT,ETF,iShares U.S. Treasury Bond ETF
IUSB,ETF,iShares Core Total USD Bond Market ETF
VBR,ETF,Vanguard Small Cap Value ETF
JEPQ,ETF,JPMorgan NASDAQ Equity Premium Income ETF
GDX,ETF,VanEck Gold Miners ETF
SPYV,ETF,State Street SPDR Portfolio S&P 500 Value ETF
DYNF,ETF,iShares U.S. Equity Factor Rotation Active ETF
GLDM,ETF,SPDR Gold Minishares Trust of beneficial interest
VGK,ETF,Vanguard FTSE Europe ETF
EFV,ETF,iShares MSCI EAFE Value ETF
CGDV,ETF,Capital Group Dividend Value ETF
XLI,ETF,State Street Industrial Select Sector SPDR ETF
MGK,ETF,Vanguard Mega Cap Growth ETF
LQD,ETF,iShares iBoxx $ Investment Grade Corporate Bond ETF
OEF,ETF,iShares S&P 100 ETF
IDEV,ETF,iShares Core MSCI International Developed Markets ETF
TQQQ,ETF,ProShares UltraPro QQQ
BIV,ETF,Vanguard Intermediate-Term Bond ETF
EEM,ETF,iShares MSCI Emerging Markets ETF
ACWI,ETF,iShares MSCI ACWI ETF
VGSH,ETF,Vanguard Short-Term Treasury ETF
IUSG,ETF,iShares Core S&P U.S. Growth ETF
JAAA,ETF, Janus Henderson AAA CLO ETF
XLC,ETF,State Street Communication Services Select Sector SPDR ETF
VXF,ETF,Vanguard Extended Market ETF
USHY,ETF,iShares Broad USD High Yield Corporate Bond ETF
MDY,ETF,State Street SPDR S&P MIDCAP 400 ETF Trust
IUSV,ETF,iShares Core S&P U.S. Value ETF
SHY,ETF,iShares 1-3 Year Treasury Bond ETF
FBND,ETF,Fidelity Total Bond ETF
FNDX,ETF,Schwab Fundamental U.S. Large Company ETF
AVUV,ETF,Avantis U.S. Small Cap Value ETF
USMV,ETF,iShares MSCI USA Min Vol Factor ETF
DVY,ETF,iShares Select Dividend ETF
XLY,ETF,State Street Consumer Discretionary Select Sector SPDR ETF
SOXX,ETF,iShares Semiconductor ETF
XLU,ETF,State Street Utilities Select Sector SPDR ETF
IGSB,ETF,iShares 1-5 Year Investment Grade Corporate Bond ETF
FNDF,ETF,Schwab Fundamental International Equity ETF
VOOG,ETF,Vanguard S&P 500 Growth ETF
VOE,ETF,Vanguard Mid-Cap Value ETF
SDY,ETF,State Street SPDR S&P Dividend ETF
MTUM,ETF,iShares MSCI USA Momentum Factor ETF
VBK,ETF,Vanguard Small Cap Growth ETF
SCHA,ETF,Schwab U.S. Small-Cap ETF
RDVY,ETF,First Trust Rising Dividend Achievers ETF
SHV,ETF,iShares Trust iShares 0-1 Year Treasury Bond ETF
IYW,ETF,iShares U.S. Technology ETF
AVEM,ETF,Avantis Emerging Markets Equity ETF
IWP,ETF,iShares Russell Mid-Cap Growth ETF
CGGR,ETF,Capital Group Growth ETF
COWZ,ETF,Pacer US Cash Cows 100 ETF
IWV,ETF,iShares Russell 3000 ETF
EWJ,ETF,iShares MSCI Japan ETF
DFUS,ETF,Dimensional U.S. Equity Market ETF
DFIV,ETF,Dimensional International Value ETF
AVDV,ETF,Avantis International Small Cap Value ETF
VYMI,ETF,Vanguard International High Dividend Yield ETF
IEI,ETF,iShares 3-7 Year Treasury Bond ETF
IGIB,ETF,iShares 5-10 Year Investment Grade Corporate Bond ETF
VOT,ETF,Vanguard Mid-Cap Growth ETF
HYG,ETF,iShares iBoxx $ High Yield Corporate Bond ETF
VHT,ETF,Vanguard Health Care ETF
XLP,ETF,State Street Consumer Staples Select Sector SPDR ETF
SPEM,ETF,State Street SPDR Portfolio Emerging Markets ETF
EMXC,ETF,iShares MSCI Emerging Markets ex China ETF
BINC,ETF,iShares Flexible Income Active ETF
USIG,ETF,iShares Broad USD Investment Grade Corporate Bond ETF
SPHQ,ETF,Invesco S&P 500® Quality ETF
SPMD,ETF,State Street SPDR Portfolio S&P 400 Mid Cap ETF
DGRW,ETF,WisdomTree US Quality Dividend Growth Fund
BBJP,ETF,JPMorgan BetaBuilders Japan ETF
USFR,ETF,WisdomTree Floating Rate Treasury Fund
VTIP,ETF,Vanguard Short-Term Inflation-Protected Securities ETF
FTEC,ETF,Fidelity MSCI Information Technology Index ETF
EMB,ETF,iShares J.P. Morgan USD Emerging Markets Bond ETF
IWY,ETF,iShares Russell Top 200 Growth ETF
ESGU,ETF,iShares ESG Aware MSCI USA ETF
VONV,ETF,Vanguard Russell 1000 Value ETF
SCHV,ETF,Schwab U.S. Large-Cap Value ETF
SCHP,ETF,Schwab U.S. TIPS ETF
IWS,ETF,iShares Russell Mid-Cap Value ETF
VMBS,ETF,Vanguard Mortgage-Backed Securities ETF
MINT,ETF,PIMCO Enhanced Short Maturity Active Exchange-Traded Fund
ITA,ETF,iShares U.S. Aerospace & Defense ETF
SPSM,ETF,State Street SPDR Portfolio S&P 600 Small Cap ETF
GSLC,ETF,TR Activebeta US Large Cap Equity ETF
VTWO,ETF,Vanguard Russell 2000 ETF
DFAI,ETF,Dimensional International Core Equity Market ETF
AVDE,ETF,Avantis International Equity ETF
SCZ,ETF,iShares MSCI EAFE Small-Cap ETF
DFUV,ETF,Dimensional US Marketwide Value ETF
STIP,ETF,iShares 0-5 Year TIPS Bond ETF
PFF,ETF,iShares Preferred & Income Securities ETF
TIP,ETF,iShares TIPS Bond ETF
PULS,ETF,PGIM Ultra Short Bond ETF
DFAT,ETF,Dimensional U.S. Targeted Value ETF
HDV,ETF,iShares Core High Dividend ETF
SOXL,ETF,Direxion Daily Semiconductor Bull 3x Shares
SPMO,ETF,Invesco S&P 500® Momentum ETF
DFAS,ETF,Dimensional U.S. Small Cap ETF
DFIC,ETF,Dimensional International Core Equity 2 ETF
SCHM,ETF,Schwab US Mid-Cap ETF
IWO,ETF,iShares Russell 2000 Growth ETF
EWY,ETF,iShares MSCI South Korea ETF
VFH,ETF,Vanguard Financials ETF
MOAT,ETF,VanEck Morningstar Wide Moat ETF
IWN,ETF,iShares Russell 2000 Value ETF
FBTC,ETF,Fidelity Wise Origin Bitcoin Fund
IQLT,ETF,iShares MSCI Intl Quality Factor ETF
SCHR,ETF,Schwab Intermediate-Term U.S. Treasury ETF
SCHE,ETF,Schwab Emerging Markets Equity ETF
TLH,ETF,iShares 10-20 Year Treasury Bond ETF
PAVE,ETF,Global X US Infrastructure Development ETF
SPTM,ETF,State Street SPDR Portfolio S&P 1500 Composite Stock Market ETF
PYLD,ETF,PIMCO Multisector Bond Active Exchange-Traded Fund
NOBL,ETF,ProShares S&P 500 Dividend Aristocrats ETF
ESGV,ETF,Vanguard ESG U.S. Stock ETF
IAGG,ETF,iShares Core International Aggregate Bond ETF
MGV,ETF,Vanguard Mega Cap Value ETF
SCHO,ETF,Schwab Short-Term U.S. Treasury ETF
ESGD,ETF,iShares ESG Aware MSCI EAFE ETF
AMLP,ETF,Alerian MLP ETF
AVUS,ETF,Avantis U.S. Equity ETF
VSS,ETF,Vanguard FTSE All-World ex-US Small-Cap ETF
DFAX,ETF,Dimensional World ex U.S. Core Equity 2 ETF
GDXJ,ETF,VanEck Junior Gold Miners ETF
XLG,ETF,Invesco S&P 500® Top 50 ETF
DUHP,ETF,Dimensional US High Profitability ETF
SPTL,ETF,State Street SPDR Portfolio Long Term Treasury ETF
SPHY,ETF,State Street SPDR Portfolio High Yield Bond ETF
SUB,ETF,iShares Short-Term National Muni Bond ETF
SDVY,ETF,First Trust SMID Cap Rising Dividend Achievers ETF
DFAU,ETF,Dimensional US Core Equity Market ETF
SPIB,ETF,State Street SPDR Portfolio Intermediate Term Corporate Bond ETF
AVLV,ETF,Avantis U.S. Large Cap Value ETF
GBTC,ETF,Grayscale Bitcoin Trust ETF
JIRE,ETF,JPMorgan International Research Enhanced Equity ETF
PBUS,ETF,Invesco MSCI USA ETF
QLD,ETF,ProShares Ultra QQQ
CIBR,ETF,First Trust NASDAQ Cybersecurity ETF
BBCA,ETF,JPMorgan BetaBuilders Canada ETF
SCHI,ETF,Schwab 5-10 Year Corporate Bond ETF
VLUE,ETF,iShares MSCI USA Value Factor ETF
VGLT,ETF,Vanguard Long-Term Treasury ETF
EFG,ETF,iShares MSCI EAFE Growth ETF
JCPB,ETF,JPMorgan Core Plus Bond ETF
SCHZ,ETF,Schwab U.S. Aggregate Bond ETF
FNDA,ETF,Schwab Fundamental U.S. Small Company ETF
IGF,ETF,iShares Global Infrastructure ETF
EZU,ETF,iShares MSCI Eurozone ETF
BOXX,ETF,Alpha Architect 1-3 Month Box ETF
IJK,ETF,iShares S&P Mid-Cap 400 Growth ETF
VPL,ETF,Vanguard FTSE Pacific ETF
MGC,ETF,Vanguard Mega Cap ETF
SPTI,ETF,State Street SPDR Portfolio Intermediate Term Treasury ETF
SCHH,ETF,Schwab US REIT ETF
INDA,ETF,iShares MSCI India ETF
DFCF,ETF,Dimensional Core Fixed Income ETF
EWZ,ETF,iShares MSCI Brazil ETF
VIGI,ETF,Vanguard International Dividend Appreciation ETF
FNDE,ETF,Schwab Fundamental Emerging Markets Equity ETF
BBEU,ETF,JPMorgan BetaBuilders Europe ETF
ONEQ,ETF,Fidelity Nasdaq Composite Index ETF
FLOT,ETF,iShares Floating Rate Bond ETF
CGGO,ETF,Capital Group Global Growth Equity ETF
SPAB,ETF,State Street SPDR Portfolio Aggregate Bond ETF
PRF,ETF,Invesco RAFI US 1000 ETF
ACWX,ETF,iShares MSCI ACWI ex U.S. ETF
VDE,ETF,Vanguard Energy ETF
CGUS,ETF,Capital Group Core Equity ETF
FDVV,ETF,Fidelity High Dividend ETF
BAI,ETF,iShares A.I. Innovation and Tech Active ETF
SGOL,ETF,abrdn Physical Gold Shares ETF
SPSB,ETF,State Street SPDR Portfolio Short Term Corporate Bond ETF
XBI,ETF,State Street SPDR S&P Biotech ETF
DBEF,ETF,Xtrackers MSCI EAFE Hedged Equity ETF
FVD,ETF,First Trust Value Line Dividend Index Fund
AIRR,ETF,First Trust RBA American Industrial Renaissance ETF
IJJ,ETF,iShares S&P Mid-Cap 400 Value ETF
BUFR,ETF,FT Vest Laddered Buffer ETF
QQQI,ETF,NEOS Nasdaq 100 High Income ETF
PVAL,ETF,Putnam Focused Large Cap Value ETF
DFAE,ETF,Dimensional Emerging Core Equity Market ETF
IGM,ETF,iShares Expanded Tech Sector ETF
JGRO,ETF,JPMorgan Active Growth ETF
FTCS,ETF,First Trust Capital Strength ETF
IBB,ETF,iShares Biotechnology ETF
QYLD,ETF,Global X NASDAQ 100 Covered Call ETF
VPU,ETF,Vanguard Utilities ETF
EWT,ETF,iShares MSCI Taiwan ETF
VDC,ETF,Vanguard Consumer Staples ETF
IOO,ETF,iShares Global 100 ETF
DFEM,ETF,Dimensional Emerging Markets Core Equity 2 ETF
RWL,ETF,Invesco S&P 500 Revenue ETF
IAUM,ETF,iShares Gold Trust Micro ETF of Benef Interest
JPIE,ETF,JPMorgan Income ETF
IDV,ETF,iShares International Select Dividend ETF
KWEB,ETF,KraneShares CSI China Internet ETF
SPLV,ETF,Invesco S&P 500® Low Volatility ETF
JNK,ETF,State Street SPDR Bloomberg High Yield Bond ETF
SHYG,ETF,iShares 0-5 Year High Yield Corporate Bond ETF
COPX,ETF,Global X Copper Miners ETF
FENI,ETF,Fidelity Enhanced International ETF
PPA,ETF,Invesco Aerospace & Defense ETF
MCHI,ETF,iShares MSCI China ETF
SPYI,ETF,NEOS S&P 500 High Income ETF
THRO,ETF,iShares U.S. Thematic Rotation Active ETF
IJS,ETF,iShares S&P Small-Cap 600 Value ETF
SPYD,ETF,State Street SPDR Portfolio S&P 500 High Dividend ETF
AIQ,ETF,Global X Artificial Intelligence & Technology ETF
AKRE,ETF,Akre Focus ETF
IGV,ETF,iShares Expanded Tech-Software Sector ETF
GRID,ETF,First Trust Nasdaq Clean Edge Smart GRID Infrastructure Index
VUSB,ETF,Vanguard Ultra-Short Bond ETF
VCLT,ETF,Vanguard Long-Term Corporate Bond ETF
IEUR,ETF,iShares Core MSCI Europe ETF
JQUA,ETF,JPMorgan U.S. Quality Factor ETF
SSO,ETF,ProShares Ultra S&P 500
VIS,ETF,Vanguard Industrials ETF
BOND,ETF,PIMCO Active Bond Exchange-Traded Fund
XLRE,ETF,State Street Real Estate Select Sector SPDR ETF
URA,ETF,Global X Uranium ETF
VONE,ETF,Vanguard Russell 1000 ETF
BBUS,ETF,JPMorgan BetaBuilders U.S. Equity ETF
BKLN,ETF,Invesco Senior Loan ETF
GUNR,ETF,FlexShares Morningstar Global Upstream Natural Resources Index Fund
HEFA,ETF,iShares Currency Hedged MSCI EAFE ETF
GBIL,ETF,ACCESS TREASURY 0-1 YEAR ETF
FDL,ETF,First Trust Morningstar Dividend Leaders Index Fund
DFSV,ETF,Dimensional US Small Cap Value ETF
JGLO,ETF,JPMorgan Global Select Equity ETF Global Select Equity ETF
SHLD,ETF,Global X Defense Tech ETF
XLB,ETF,State Street Materials Select Sector SPDR ETF
CGCP,ETF, Capital Group Core Plus Income ETF
ICSH,ETF,iShares Ultra Short Duration Bond Active ETF
URTH,ETF,iShares MSCI World ETF
JMUB,ETF,JPMorgan Municipal ETF
SPMB,ETF,State Street SPDR Portfolio Mortgage Backed Bond ETF
IJT,ETF,iShares S&P Small-Cap 600 Growth ETF
SIL,ETF,Global X Silver Miners ETF
JMBS,ETF,Janus Henderson Mortgage-Backed Securities ETF
IXN,ETF,iShares Global Tech ETF
FELC,ETF,Fidelity Enhanced Large Cap Core ETF
FXI,ETF,iShares China Large-Cap ETF
DXJ,ETF,WisdomTree Japan Hedged Equity Fund
DIVO,ETF,Amplify CWP Enhanced Dividend Income ETF
FPE,ETF,First Trust Preferred Securities & Income ETF
SIVR,ETF,abrdn Physical Silver Shares ETF
ESGE,ETF,iShares ESG Aware MSCI EM ETF
BBIN,ETF,JPMorgan BetaBuilders International Equity ETF
TFLO,ETF,iShares Treasury Floating Rate Bond ETF
BBAX,ETF,JPMorgan BetaBuilders Developed Asia Pacific-ex Japan ETF
TCAF,ETF,T. Rowe Price Capital Appreciation Equity ETF
TBIL,ETF,F/m US Treasury 3 Month Bill Fund
FTSM,ETF,First Trust Enhanced Short Maturity ETF
KBWB,ETF,Invesco KBW Bank ETF
ETHA,ETF,iShares Ethereum Trust ETF
VSGX,ETF,Vanguard ESG International Stock ETF
DFSD,ETF,Dimensional Short-Duration Fixed Income ETF
VOOV,ETF,Vanguard S&P 500 Value ETF
VFLO,ETF,VictoryShares Free Cash Flow ETF
VCR,ETF,Vanguard Consumer Discretionary ETF
JMST,ETF,JPMorgan Ultra-Short Municipal Income ETF
ARKK,ETF,ARK Innovation ETF
VWOB,ETF,Vanguard Emerging Markets Government Bond ETF
BLV,ETF,Vanguard Long-Term Bond ETF
VOX,ETF,Vanguard Communication Services ETF
JAVA,ETF,JPMorgan Active Value ETF
SRLN,ETF,State Street Blackstone Senior Loan ETF
TSLL,ETF,Direxion Daily TSLA Bull 2X Shares
LMBS,ETF,First Trust Low Duration Opportunities ETF
DLN,ETF,WisdomTree U.S. LargeCap Dividend Fund
FDN,ETF,First Trust Dow Jones Internet Index Fund
SPXL,ETF,Direxion Daily S&P 500 Bull 3X Shares
XAR,ETF,State Street SPDR S&P Aerospace & Defense ETF
EFAV,ETF,iShares MSCI EAFE Min Vol Factor ETF
DIHP,ETF,Dimensional International High Profitability ETF
SCHC,ETF,Schwab International Small-Cap Equity ETF
SILJ,ETF,Amplify Junior Silver Miners ETF
SPTS,ETF,State Street SPDR Portfolio Short Term Treasury ETF
DFIS,ETF,Dimensional International Small Cap ETF
XMMO,ETF,Invesco S&P MidCap Momentum ETF
ICVT,ETF,iShares Convertible Bond ETF
GSIE,ETF,Goldman Sachs ActiveBeta International Equity ETF
FBCG,ETF,Fidelity Blue Chip Growth ETF
XMHQ,ETF,Invesco S&P MidCap Quality ETF
FEZ,ETF,State Street SPDR EURO STOXX 50 ETF
FMDE,ETF,Fidelity Enhanced Mid Cap ETF
DFLV,ETF,Dimensional US Large Cap Value ETF
CGMU,ETF,Capital Group Municipal Income ETF
SJNK,ETF,State Street SPDR Bloomberg Short Term High Yield Bond ETF
BKLC,ETF,BNY Mellon US Large Cap Core Equity ETF
PDBC,ETF,Invesco Optimum Yield Diversified Commodity Strategy No K-1 ETF
CGBL,ETF,Capital Group Core Balanced ETF
CWB,ETF,State Street SPDR Bloomberg Convertible Securities ETF
DSI,ETF,iShares ESG MSCI KLD 400 ETF
RECS,ETF,Columbia Research Enhanced Core ETF
CGXU,ETF,Capital Group International Focus Equity ETF
JHMM,ETF,John Hancock Multifactor Mid Cap ETF
EMLC,ETF,VanEck J. P. Morgan EM Local Currency Bond ETF
SCHK,ETF,Schwab 1000 Index ETF
EUFN,ETF,iShares MSCI Europe Financials ETF
ISTB,ETF,iShares Core 1-5 Year USD Bond ETF
GNR,ETF,State Street SPDR S&P Global Natural Resources ETF
NLR,ETF,VanEck Uranium and Nuclear ETF
DISV,ETF,Dimensional International Small Cap Value ETF
XME,ETF,State Street SPDR S&P Metals & Mining ETF
UPRO,ETF,ProShares UltraPro S&P500
KRE,ETF,State Street SPDR S&P Regional Banking ETF
CGDG,ETF,Capital Group Dividend Growers ETF
REET,ETF,iShares Global REIT ETF
OMFL,ETF,Invesco Russell 1000 Dynamic Multifactor ETF
FELG,ETF,Fidelity Enhanced Large Cap Growth ETF
BSCR,ETF,Invesco BulletShares 2027 Corporate Bond ETF
EAGG,ETF,iShares ESG Aware US Aggregate Bond ETF
IXJ,ETF,iShares Global Healthcare ETF
SLYV,ETF,State Street SPDR S&P 600 Small Cap Value ETF
FSEC,ETF,Fidelity Investment Grade Securitized ETF
LVHI,ETF,Franklin International Low Volatility High Dividend Index ETF
ILF,ETF,iShares Latin America 40 ETF
EWC,ETF,iShares MSCI Canada ETF
HYD,ETF,VanEck High Yield Muni ETF
GRNY,ETF,Fundstrat Granny Shots US Large Cap ETF
BSCQ,ETF,Invesco BulletShares 2026 Corporate Bond ETF
VTHR,ETF,Vanguard Russell 3000 ETF
TOTL,ETF,State Street DoubleLine Total Return Tactical ETF
RSPT,ETF,Invesco S&P 500 Equal Weight Technology ETF
IYF,ETF,iShares U.S. Financials ETF
NVDL,ETF,GraniteShares 2x Long NVDA Daily ETF
NEAR,ETF,iShares Short Duration Bond Active ETF
FESM,ETF,Fidelity Enhanced Small Cap ETF
CMF,ETF,iShares California Muni Bond ETF
DON,ETF,WisdomTree U.S. MidCap Dividend Fund
PGX,ETF,Invesco Preferred ETF
BILS,ETF,State Street SPDR Bloomberg 3-12 Month T-Bill ETF
GVI,ETF,iShares Intermediate Government/Credit Bond ETF
EDV,ETF,Vanguard Extended Duration Treasury ETF
IVLU,ETF,iShares MSCI Intl Value Factor ETF
SLYG,ETF,State Street SPDR S&P 600 Small Cap Growth ETF
HELO,ETF,JPMorgan Hedged Equity Laddered Overlay ETF
IMTM,ETF,iShares MSCI Intl Momentum Factor ETF
TDIV,ETF,First Trust NASDAQ Technology Dividend Index Fund
IBDR,ETF,iShares iBonds Dec 2026 Term Corporate ETF
IWX,ETF,iShares Russell Top 200 Value ETF
TECL,ETF,Direxion Daily Technology Bull 3X Shares
IFRA,ETF,iShares U.S. Infrastructure ETF
VNQI,ETF,Vanguard Global ex-U.S. Real Estate ETF
EMLP,ETF,First Trust North American Energy Infrastructure Fund
IBDT,ETF,iShares iBonds Dec 2028 Term Corporate ETF
EAGL,ETF,Eagle Capital Select Equity ETF
AAXJ,ETF,iShares MSCI All Country Asia ex-Japan ETF
SUSA,ETF,iShares ESG Optimized MSCI USA ETF
QTUM,ETF,Defiance Quantum ETF
MAGS,ETF,Roundhill Magnificent Seven ETF
IYR,ETF,iShares U.S. Real Estate ETF
RING,ETF,iShares MSCI Global Gold Miners ETF
IBDS,ETF,iShares iBonds Dec 2027 Term Corporate ETF
XT,ETF,iShares Future Exponential Technologies ETF
PZA,ETF,Invesco National AMT-Free Municipal Bond ETF
FV,ETF,First Trust Dorsey Wright Focus 5 ETF
IBDU,ETF,iShares iBonds Dec 2029 Term Corporate ETF
KNG,ETF,FT Vest S&P 500 Dividend Aristocrats Target Income ETF
DEM,ETF,WisdomTree Emerging Markets High Dividend Fund
CALF,ETF,Pacer US Small Cap Cash Cows ETF
IHI,ETF,iShares U.S. Medical Devices ETF
MSLC,ETF,Morgan Stanley Pathway Large Cap Equity ETF
HYLB,ETF,Xtrackers USD High Yield Corporate Bond ETF
SHM,ETF,State Street SPDR Nuveen ICE Short Term Municipal Bond ETF
VIOO,ETF,Vanguard S&P Small-Cap 600 ETF
USRT,ETF,iShares Core U.S. REIT ETF
ACWV,ETF,iShares MSCI Global Min Vol Factor ETF
FIXD,ETF,First Trust Smith Opportunistic Fixed Income ETF
EEMV,ETF,iShares MSCI Emerging Markets Min Vol Factor ETF
GSY,ETF,Invesco Ultra Short Duration ETF
BOTZ,ETF,Global X Robotics & Artificial Intelligence ETF
BTC,ETF,Grayscale Bitcoin Mini Trust ETF
QLTY,ETF,GMO U.S. Quality ETF
IYH,ETF,iShares U.S. Healthcare ETF
SPHD,ETF,Invesco S&P 500® High Dividend Low Volatility ETF
FNDC,ETF,Schwab Fundamental International Small Equity ETF
BSCS,ETF,Invesco BulletShares 2028 Corporate Bond ETF
SMLF,ETF, iShares U.S. Small‑Cap Equity Factor ETF
PTLC,ETF,Pacer Trendpilot US Large Cap ETF
AOR,ETF,iShares Core 60/40 Balanced Allocation ETF
JTEK,ETF,JPMorgan U.S. Tech Leaders ETF
DFGR,ETF,Dimensional Global Real Estate ETF
GDXU,ETF,MicroSectors Gold Miners 3X Leveraged ETN
IVOO,ETF,Vanguard S&P Mid-Cap 400 ETF
INTF,ETF, iShares International Equity Factor ETF
GLTR,ETF,abrdn Physical Precious Metals Basket Shares ETF
IMCG,ETF,iShares Morningstar Mid-Cap Growth ETF
UCON,ETF,First Trust Smith Unconstrained Bond ETF
VAW,ETF,Vanguard Materials ETF
GCOW,ETF,Pacer Global Cash Cows Dividend ETF
LRGF,ETF,iShares US Equity Factor ETF
XYLD,ETF,Global X S&P 500 Covered Call ETF
TMF,ETF,Direxion Daily 20+ Year Treasury Bull 3X Shares
FLIN,ETF,Franklin FTSE India ETF
ANGL,ETF,VanEck Fallen Angel High Yield Bond ETF
GPIX,ETF,Goldman Sachs S&P 500  Premium Income ETF
AAAU,ETF,Goldman Sachs Physical Gold ETF
IDMO,ETF,Invesco S&P International Developed Momentum ETF
USMC,ETF,Principal U.S. Mega-Cap ETF
NFRA,ETF,FlexShares STOXX Global Broad Infrastructure Index Fund
CQQQ,ETF,Invesco China Technology ETF
FLJP,ETF,Franklin FTSE Japan ETF
PPLT,ETF,abrdn Physical Platinum Shares ETF
EWU,ETF,iShares MSCI United Kingdom ETF
TFI,ETF,State Street SPDR Nuveen ICE Municipal Bond ETF
GSUS,ETF,Goldman Sachs MarketBeta U.S. Equity ETF
HYMB,ETF,State Street SPDR Nuveen ICE High Yield Municipal Bond ETF
GPIQ,ETF,Goldman Sachs Nasdaq-100 Premium Income ETF
ITB,ETF,iShares U.S. Home Construction ETF
MLPX,ETF,Global X MLP & Energy Infrastructure ETF
VNLA,ETF,Janus Henderson Short Duration Income ETF
OUNZ,ETF,VanEck Merk Gold ETF
QTEC,ETF,First Trust NASDAQ-100 Technology Sector Index Fund
FHLC,ETF,Fidelity MSCI Health Care Index ETF
IBDV,ETF,iShares iBonds Dec 2030 Term Corporate ETF
ILCG,ETF,iShares Morningstar Growth ETF
AOA,ETF,iShares Core 80/20 Aggressive Allocation ETF
RDVI,ETF,FT Vest Rising Dividend Achievers Target Income ETF
FLCB,ETF,Franklin U.S. Core Bond ETF
IGLB,ETF,iShares 10+ Year Investment Grade Corporate Bond ETF
BSCT,ETF,Invesco BulletShares 2029 Corporate Bond ETF
USCA,ETF,Xtrackers MSCI USA Climate Action Equity ETF
IYY,ETF,iShares Dow Jones U.S. ETF
FLRN,ETF,State Street SPDR Bloomberg Investment Grade Floating Rate ETF
PRFZ,ETF,Invesco RAFI US 1500 Small-Mid ETF
FELV,ETF,Fidelity Enhanced Large Cap Value ETF
EPI,ETF,WisdomTree India Earnings Fund
MUNI,ETF,PIMCO Intermediate Municipal Bond Active Exchange-Traded Fund
FRDM,ETF,Freedom 100 Emerging Markets ETF
CGHM,ETF,Capital Group Municipal High-Income ETF
FLXR,ETF,TCW Flexible Income ETF
UITB,ETF,VictoryShares Core Intermediate Bond ETF
DCOR,ETF,Dimensional US Core Equity 1 ETF
NUGO,ETF,Nuveen Growth Opportunities ETF
WTV,ETF,WisdomTree U.S. Value Fund
REMX,ETF,VanEck Rare Earth and Strategic Metals ETF
MDYV,ETF,State Street SPDR S&P 400 Mid Cap Value ETF
AGQ,ETF,ProShares Ultra Silver
BITB,ETF,Bitwise Bitcoin ETF Trust
MDYG,ETF,State Street SPDR S&P 400 Mid Cap Growth ETF
PXF,ETF,Invesco RAFI Developed Markets ex-U.S. ETF
CWI,ETF,State Street SPDR MSCI ACWI ex-US ETF
FLTR,ETF,VanEck IG Floating Rate ETF
AIA,ETF,iShares Asia 50 ETF
KOMP,ETF,State Street SPDR S&P Kensho New Economies Composite ETF
BDYN,ETF,iShares Dynamic Equity Active ETF
TDTT,ETF,FlexShares iBoxx 3-Year Target Duration TIPS Index Fund
HIMU,ETF,iShares High Yield Muni Active ETF
IPAC,ETF,iShares Core MSCI Pacific ETF
OIH,ETF,VanEck Oil Services ETF
SMTH,ETF,ALPS | Smith Core Plus Bond ETF
SECT,ETF,Main Sector Rotation ETF
DBMF,ETF,iMGP DBi Managed Futures Strategy ETF
AVSC,ETF,Avantis U.S Small Cap Equity ETF
URNM,ETF,Sprott Uranium Miners ETF
SKYY,ETF,First Trust Cloud Computing ETF
IXC,ETF,iShares Global Energy ETF
VRP,ETF,Invesco Variable Rate Preferred ETF
ARKB,ETF,ARK 21Shares Bitcoin ETF
BSCU,ETF,Invesco BulletShares 2030 Corporate Bond ETF
SPGP,ETF,Invesco S&P 500 GARP ETF
FBT,ETF,First Trust NYSE Arca Biotechnology Index Fund
EWW,ETF,iShares MSCI Mexico ETF
JMEE,ETF,JPMorgan Small & Mid Cap Enhanced Equity ETF
SPYX,ETF,State Street SPDR S&P 500 Fossil Fuel Reserves Free ETF
FNCL,ETF,Fidelity MSCI Financials Index ETF
SNPE,ETF,Xtrackers S&P 500 Scored & Screened ETF
HDEF,ETF,Xtrackers MSCI EAFE High Dividend Yield Equity ETF
SLQD,ETF,iShares 0-5 Year Investment Grade Corporate Bond ETF
XSMO,ETF,Invesco S&P SmallCap Momentum ETF
IBTG,ETF,iShares iBonds Dec 2026 Term Treasury ETF
IHDG,ETF,WisdomTree International Hedged Quality Dividend Growth Fund
EBND,ETF,SPDR Bloomberg Emerging Markets Local Bond ETF
HTRB,ETF,Hartford Total Return Bond ETF
COWG,ETF,Pacer US Large Cap Cash Cows Growth Leaders ETF
SMMD,ETF,iShares Russell 2500 ETF
DIVI,ETF,Franklin International Core Dividend Tilt Index ETF
SCYB,ETF,Schwab High Yield Bond ETF
XOP,ETF,State Street SPDR S&P Oil & Gas Exploration & Production ETF
ESML,ETF,iShares ESG Aware MSCI USA Small-Cap ETF
ARTY,ETF,iShares Future AI & Tech ETF
FTSL,ETF,First Trust Senior Loan Fund
PABU,ETF,iShares Paris-Aligned Climate Optimized MSCI USA ETF
FUTY,ETF,Fidelity MSCI Utilities Index ETF
EQWL,ETF,Invesco S&P 100 Equal Weight ETF
PFFD,ETF,Global X U.S. Preferred ETF
APUE,ETF,ActivePassive U.S. Equity ETF
NULG,ETF,Nuveen ESG Large-Cap Growth ETF
TBLL,ETF,Invesco Short Term Treasury ETF
IBDW,ETF,iShares iBonds Dec 2031 Term Corporate ETF
SQQQ,ETF,ProShares UltraPro Short QQQ
FAS,ETF,Direxion Daily Financial Bull 3X Shares
BKAG,ETF,BNY Mellon Core Bond ETF
IYJ,ETF,iShares U.S. Industrials ETF
TSPA,ETF,T. Rowe Price U.S. Equity Research ETF
PFFA,ETF,Virtus InfraCap U.S. Preferred Stock ETF
ITM,ETF,VanEck Intermediate Muni ETF
ACIO,ETF,Aptus Collared Investment Opportunity ETF
USCL,ETF,iShares Climate Conscious & Transition MSCI USA ETF
FTLS,ETF,First Trust Long/Short Equity ETF
BCI,ETF,abrdn Bloomberg All Commodity Strategy K-1 Free ETF
GUSA,ETF,Goldman Sachs MarketBeta U.S. 1000 Equity ETF
PHO,ETF,Invesco Water Resources ETF
FSMD,ETF,Fidelity Small-Mid Multifactor ETF
PFXF,ETF,VanEck Preferred Securities ex Financials ETF
ICLN,ETF,iShares Global Clean Energy ETF
JPHY,ETF,JPMorgan Active High Yield ETF
BALT,ETF,Innovator Defined Wealth Shield ETF
QGRW,ETF,WisdomTree U.S. Quality Growth Fund
FXO,ETF,First Trust Financials AlphaDEX Fund
QGRO,ETF,American Century U.S. Quality Growth ETF 
EPP,ETF,iShares MSCI Pacific ex Japan ETF
BSVO,ETF,EA Bridgeway Omni Small-Cap Value ETF
QDF,ETF,FlexShares Quality Dividend Index Fund
SCHY,ETF,Schwab International Dividend Equity ETF
SPUS,ETF,SP Funds S&P 500 Sharia Industry Exclusions ETF
IWL,ETF,iShares Russell Top 200 ETF
CGGE,ETF,Capital Group Global Equity ETF
MLPA,ETF,Global X MLP ETF
KLMN,ETF,Invesco MSCI North America Climate ETF
FTGC,ETF,First Trust Global Tactical Commodity Strategy Fund
IYG,ETF,iShares U.S. Financial Services ETF
IBTH,ETF,iShares iBonds Dec 2027 Term Treasury ETF
ICF,ETF,iShares Select U.S. REIT ETF
DES,ETF,WisdomTree U.S. SmallCap Dividend Fund
ARKQ,ETF,ARK Autonomous Technology & Robotics ETF
FTHI,ETF,First Trust BuyWrite Income ETF
DFNM,ETF,Dimensional National Municipal Bond ETF
FIW,ETF,First Trust Water ETF
BBMC,ETF,JPMorgan BetaBuilders U.S. Mid Cap Equity ETF
NULV,ETF,Nuveen ESG Large-Cap Value ETF
PXH,ETF,Invesco RAFI Emerging Markets ETF
GTO,ETF,Invesco Total Return Bond ETF
JMOM,ETF,JPMorgan U.S. Momentum Factor ETF
FMB,ETF,First Trust Managed Municipal ETF
FIDU,ETF,Fidelity MSCI Industrial Index ETF
XSOE,ETF,WisdomTree Emerging Markets ex-State-Owned Enterprises Fund
HACK,ETF,Amplify Cybersecurity ETF
PICK,ETF,iShares MSCI Global Metals & Mining Producers ETF
DFSU,ETF,Dimensional US Sustainability Core 1 ETF
DSTL,ETF,Distillate US Fundamental Stability & Value ETF
USTB,ETF,VictoryShares Short-Term Bond ETF
FPEI,ETF,First Trust Institutional Preferred Securities & Income ETF
TILT,ETF,FlexShares Morningstar US Market Factor Tilt Index Fund
TMFC,ETF,Motley Fool 100 Index ETF
BULZ,ETF,MicroSectors Solactive FANG & Innovation 3X Leveraged ETN
BITO,ETF,ProShares Bitcoin ETF
HGER,ETF,Harbor Commodity All-Weather Strategy ETF
FALN,ETF,iShares Fallen Angels USD Bond ETF
USD,ETF,ProShares Ultra Semiconductors
XHLF,ETF,BondBloxx Bloomberg Six Month Target Duration US Treasury ETF
EWP,ETF,iShares MSCI Spain ETF
CGIE,ETF,Capital Group International Equity ETF
XHB,ETF,State Street SPDR S&P Homebuilders ETF
HEDJ,ETF,WisdomTree Europe Hedged Equity Fund
FLQL,ETF,Franklin U.S. Large Cap Multifactor Index ETF
TIPX,ETF,State Street SPDR Bloomberg 1-10 Year TIPS ETF
SPBO,ETF,State Street SPDR Portfolio Corporate Bond ETF
XSD,ETF,State Street SPDR S&P Semiconductor ETF
TAGG,ETF,T. Rowe Price QM U.S. Bond ETF
ASHR,ETF,Xtrackers Harvest CSI 300 China A-Shares ETF
PSC,ETF,Principal U.S. Small-Cap ETF
HYLS,ETF,First Trust Tactical High Yield ETF
RPV,ETF,Invesco S&P 500® Pure Value ETF
FDIS,ETF,Fidelity MSCI Consumer Discretionary Index ETF
EWG,ETF,iShares MSCI Germany ETF
FLQM,ETF,Franklin U.S. Mid Cap Multifactor Index ETF
EEMA,ETF,iShares MSCI Emerging Markets Asia ETF
TCHP,ETF,T. Rowe Price Blue Chip Growth ETF
JIVE,ETF,JPMorgan International Value ETF
IAI,ETF,iShares U.S. Broker-Dealers & Securities Exchanges ETF
REGL,ETF,ProShares S&P MidCap 400 Dividend Aristocrats ETF
BAR,ETF,GraniteShares Gold Trust
DGS,ETF,WisdomTree Emerging Markets SmallCap Dividend Fund
IEV,ETF,iShares Europe ETF
RWJ,ETF,Invesco S&P SmallCap 600 Revenue ETF
TLTW,ETF,iShares 20+ Year Treasury Bond BuyWrite Strategy ETF
QLTA,ETF,iShares Aaa - A Rated Corporate Bond ETF
UBND,ETF,VictoryShares Core Plus Intermediate Bond ETF
QQEW,ETF,First Trust Nasdaq-100 Select Equal Weight ETF
RWR,ETF,State Street SPDR Dow Jones REIT ETF
USPX,ETF,Franklin U.S. Equity Index ETF
FCOM,ETF,Fidelity MSCI Communication Services Index ETF
LIT,ETF,Global X Lithium & Battery Tech ETF
VTES,ETF,Vanguard Short-Term Tax Exempt Bond ETF
FLMI,ETF,Franklin Dynamic Municipal Bond ETF
AOM,ETF,iShares Core 40/60 Moderate Allocation ETF
EWL,ETF,iShares MSCI Switzerland ETF
BUFD,ETF,FT Vest Laddered Deep Buffer ETF
JPIB,ETF,JPMorgan International Bond Opportunities ETF of Benef Interest
HYDB,ETF,iShares High Yield Systematic Bond ETF
CGNG,ETF,Capital Group New Geography Equity ETF
ETHE,ETF,Grayscale Ethereum Staking ETF
FTXL,ETF,First Trust Nasdaq Semiconductor ETF
PKW,ETF,Invesco BuyBack Achievers™ ETF
RPG,ETF,Invesco S&P 500® Pure Growth ETF
TNA,ETF,Direxion Daily Small Cap Bull 3X Shares
VIOV,ETF,Vanguard S&P Small-Cap 600 Value ETF
ILOW,ETF,AB International Low Volatility Equity ETF
HYS,ETF,PIMCO 0-5 Year High Yield Corporate Bond Index Exchange-Traded Fund
BWX,ETF,SPDR Bloomberg International Treasury Bond ETF
ROBO,ETF,ROBO Global Robotics & Automation Index ETF
VTC,ETF,Vanguard Total Corporate Bond ETF
GSEW,ETF,Goldman Sachs Equal Weight U.S. Large Cap Equity ETF
ICOW,ETF,Pacer Developed Markets International Cash Cows 100 ETF
AVIG,ETF,Avantis Core Fixed Income ETF
ARKW,ETF,ARK Next Generation Internet ETF
TAN,ETF,Invesco Solar ETF
DFAR,ETF,Dimensional US Real Estate ETF
EMGF,ETF,iShares Emerging Markets Equity Factor ETF
IBDX,ETF,iShares iBonds Dec 2032 Term Corporate ETF
JPEF,ETF,JPMorgan Equity Focus ETF
BSCV,ETF,Invesco BulletShares 2031 Corporate Bond ETF
QUS,ETF,State Street SPDR MSCI USA StrategicFactors ETF
FENY,ETF,Fidelity MSCI Energy Index ETF
GSWO,ETF,Goldman Sachs ActiveBeta World Equity ETF
ETH,ETF,Grayscale Ethereum Staking Mini ETF
BNDW,ETF,Vanguard Total World Bond ETF
NUGT,ETF,Direxion Daily Gold Miners Index Bull 2x Shares
KBE,ETF,State Street SPDR S&P Bank ETF
EUSA,ETF,iShares MSCI USA Equal Weighted ETF
DTD,ETF,WisdomTree U.S. Total Dividend Fund
FNGU,ETF,MicroSectors FANG+ 3 Leveraged ETNs
XNTK,ETF,State Street SPDR NYSE Technology ETF
PWB,ETF,Invesco Large Cap Growth ETF
DFEV,ETF,Dimensional Emerging Markets Value ETF
BIZD,ETF,VanEck BDC Income ETF
BDVL,ETF,iShares Disciplined Volatility Equity Active ETF Trust Unit
IBTI,ETF,iShares iBonds Dec 2028 Term Treasury ETF
PJAN,ETF,Innovator U.S. Equity Power Buffer ETF - January
FWD,ETF,AB Disruptors ETF
CGMM,ETF,Capital Group U.S. Small and Mid Cap ETF
BAFE,ETF,Brown Advisory Flexible Equity ETF
XCEM,ETF,Columbia EM Core ex-China ETF
TMSL,ETF,T. Rowe Price Small-Mid Cap ETF
CLOA,ETF,iShares AAA CLO Active ETF
EMOP,ETF,AB Emerging Markets Opportunities ETF
QVML,ETF,Invesco S&P 500 QVM Multi-factor ETF
IMCB,ETF,iShares Morningstar Mid-Cap ETF
SPGM,ETF,State Street SPDR Portfolio MSCI Global Stock Market ETF
CORP,ETF,PIMCO Investment Grade Corporate Bond Index ETF
IVOG,ETF,Vanguard S&P Mid-Cap 400 Growth ETF
FSTA,ETF,Fidelity MSCI Consumer Staples Index ETF
FSIG,ETF,First Trust Limited Duration Investment Grade Corporate ETF
FDLO,ETF,Fidelity Low Volatility Factor ETF
NVDY,ETF,YieldMax NVDA Option Income Strategy ETF
QDPL,ETF,Pacer Metaurus US Large Cap Dividend Multiplier 400 ETF
KLMT,ETF,Invesco MSCI Global Climate 500 ETF
CGCV,ETF,Capital Group Conservative Equity ETF
PREF,ETF,Principal Spectrum Preferred Secs Active ETF
MISL,ETF,First Trust Indxx Aerospace & Defense ETF
IGEB,ETF,iShares Investment Grade Systematic Bond ETF
DHS,ETF,WisdomTree US High Dividend Fund
JEMA,ETF,JPMorgan ActiveBuilders Emerging Markets Equity ETF
FEX,ETF,First Trust Large Cap Core AlphaDEX Fund
ZROZ,ETF,PIMCO 25+ Year Zero Coupon US Treasury Index Exchange-Traded Fund
LCTU,ETF,iShares U.S. Carbon Transition Readiness Aware Active ETF
SFLR,ETF,Innovator Equity Managed Floor ETF
USVM,ETF,VictoryShares US Small Mid Cap Value Momentum ETF
DRSK,ETF,Aptus Defined Risk ETF
EWA,ETF,iShares MSCI-Australia ETF
INFL,ETF,Horizon Kinetics Inflation Beneficiaries ETF
IYC,ETF, iShares U.S. Consumer Discretionary ETF
YEAR,ETF,AB Ultra Short Income ETF
MMIT,ETF,NYLI MacKay Muni Intermediate ETF
RODM,ETF,Hartford Multifactor Developed Markets (ex-US) ETF
EPS,ETF,WisdomTree U.S. LargeCap Fund
RAVI,ETF,FlexShares Ultra-Short Income Fund
GEM,ETF,Goldman Sachs ActiveBeta Emerging Markets Equity ETF
IYE,ETF,iShares U.S. Energy ETF
RSSL,ETF,Global X Russell 2000 ETF
GSST,ETF,Goldman Sachs Ultra Short Bond ETF
SDOG,ETF,ALPS Sector Dividend Dogs ETF
FXL,ETF,First Trust Technology AlphaDEX Fund
IDU,ETF,iShares U.S. Utilities ETF
VRIG,ETF,Invesco Variable Rate Investment Grade ETF
PDP,ETF,Invesco Dorsey Wright Momentum ETF
DBC,ETF,Invesco DB Commodity Index Tracking Fund
SUSC,ETF,iShares ESG Aware USD Corporate Bond ETF
HFXI,ETF,IQ FTSE International Equity Currency Neutral ETF
UGL,ETF,ProShares Ultra Gold
EUAD,ETF,Select STOXX Europe Aerospace & Defense ETF
CGIC,ETF,Capital Group International Core Equity ETF
FREL,ETF,Fidelity MSCI Real Estate Index ETF
BSCW,ETF,Invesco BulletShares 2032 Corporate Bond ETF
MEAR,ETF,iShares Short Maturity Municipal Bond Active ETF
XOVR,ETF,ERShares Private-Public Crossover ETF
CLOI,ETF,VanEck CLO ETF
VFMO,ETF,Vanguard U.S. Momentum Factor ETF
PWV,ETF,Invesco Large Cap Value ETF
IYK,ETF,iShares U.S. Consumer Staples ETF
FLDR,ETF,Fidelity Low Duration Bond Factor ETF
IWC,ETF,iShares Micro-Cap ETF
UTES,ETF,Virtus Reaves Utilities ETF
PSI,ETF,Invesco Semiconductors ETF
TOUS,ETF,T. Rowe Price International Equity ETF
EQTY,ETF,Kovitz Core Equity ETF
IYM,ETF,iShares U.S. Basic Materials ETF
DIVB,ETF,iShares Core Dividend ETF
FETH,ETF,Fidelity Ethereum Fund ETF
FEGE,ETF,First Eagle Global Equity ETF
RYLD,ETF,Global X Russell 2000 Covered Call ETF
ECH,ETF,iShares MSCI Chile ETF
JSCP,ETF,JPMorgan Short Duration Core Plus ETF
PCY,ETF,Invesco Emerging Markets Sovereign Debt ETF
CTA,ETF,Simplify Managed Futures Strategy ETF
LDUR,ETF,PIMCO Enhanced Low Duration Active ETF
DDWM,ETF,WisdomTree Dynamic International Equity Fund
PIEQ,ETF,Principal International Equity ETF
FTA,ETF,First Trust Large Cap Value AlphaDEX Fund
NTSX,ETF,WisdomTree U.S. Efficient Core Fund
SLVP,ETF,iShares MSCI Global Silver Miners ETF
FNX,ETF,First Trust Mid Cap Core AlphaDEX Fund
INCM,ETF,Franklin Income Focus ETF Income Focus ETF
BKIE,ETF,BNY Mellon International Equity ETF
FDEC,ETF,FT Vest US Equity Buffer ETF - December
TDVG,ETF,T. Rowe Price Dividend Growth ETF
DVYE,ETF,iShares Emerging Markets Dividend ETF
FTC,ETF,First Trust Large Cap Growth AlphaDEX Fund
FTGS,ETF,First Trust Growth Strength ETF
VTWG,ETF,Vanguard Russell 2000 Growth ETF
SMIG,ETF,Bahl & Gaynor Small/Mid Cap Income Growth ETF
GARP,ETF,iShares MSCI USA Quality GARP ETF
SDIV,ETF,Global X SuperDividend ETF
PTNQ,ETF,Pacer Trendpilot 100 ETF
USXF,ETF,iShares ESG Advanced MSCI USA ETF
ARKG,ETF,ARK Genomic Revolution ETF
PPH,ETF,VanEck Pharmaceutical ETF
NUSC,ETF,Nuveen ESG Small-Cap ETF
SPLB,ETF,State Street SPDR Portfolio Long Term Corporate Bond ETF
IVOV,ETF,Vanguard S&P Mid-Cap 400 Value ETF
PHYL,ETF,PGIM Active High Yield Bond ETF
ISPY,ETF,ProShares S&P 500 High Income ETF
FGD,ETF,First Trust Dow Jones Global Select Dividend Index Fund
RWO,ETF,State Street SPDR Dow Jones Global Real Estate ETF
FPX,ETF,First Trust US Equity Opportunities ETF
IGRO,ETF,iShares International Dividend Growth ETF
USO,ETF,United States Oil Fund LP
EXI,ETF,iShares Global Industrials ETF
ILCV,ETF,iShares Morningstar Value ETF
FJAN,ETF,FT Vest US Equity Buffer ETF - January
JHMD,ETF,John Hancock Multifactor Developed International ETF
IBTJ,ETF,iShares iBonds Dec 2029 Term Treasury ETF
AVIV,ETF,Avantis International Large Cap Value ETF
BUFQ,ETF,FT Vest Laddered Nasdaq Buffer ETF
AVES,ETF,Avantis Emerging Markets Value ETF
PALL,ETF,abrdn Physical Palladium Shares ETF
FJUL,ETF,FT Vest U.S. Equity Buffer ETF - July
EDIV,ETF,State Street SPDR S&P Emerging Markets Dividend ETF
QQQE,ETF,Direxion NASDAQ-100 Equal Weighted Index Shares
FQAL,ETF,Fidelity Quality Factor ETF
ILCB,ETF,iShares Morningstar U.S. Equity ETF
NYF,ETF,iShares New York Muni Bond ETF
HYGV,ETF,FlexShares High Yield Value-Scored Bond Index Fund
SEIM,ETF,SEI Enhanced U.S. Large Cap Momentum Factor ETF
SEIV,ETF,SEI Enhanced U.S. Large Cap Value Factor ETF
FAUG,ETF,FT Vest U.S. Equity Buffer ETF - August
FNDB,ETF,Schwab Fundamental U.S. Broad Market ETF
IYT,ETF,iShares US Transportation ETF
FNOV,ETF,FT Vest U.S. Equity Buffer ETF - November
RWK,ETF,Invesco S&P MidCap 400 Revenue ETF
FSEP,ETF,FT Vest U.S. Equity Buffer ETF - September
DFAW,ETF,Dimensional World Equity ETF
FVAL,ETF,Fidelity Value Factor ETF
LGLV,ETF,State Street SPDR US Large Cap Low Volatility Index ETF
MUU,ETF,Direxion Daily MU Bull 2X Shares
SFGV,ETF,Sequoia Global Value ETF
JBBB,ETF,Janus Henderson B-BBB CLO ETF
PWRD,ETF,TCW Transform Systems ETF
OAKM,ETF,Oakmark U.S. Large Cap ETF
BBAG,ETF,JPMorgan BetaBuilders U.S. Aggregate Bond ETF
BSJQ,ETF,Invesco BulletShares 2026 High Yield Corp Bond ETF
TAFI,ETF,AB Tax-Aware Short Duration Municipal ETF
CAM,ETF,AB California Intermediate Municipal ETF
DTCR,ETF,Global X Data Center And Digital Infrastructure ETF
CATH,ETF,Global X S&P 500 Catholic Values Custom ETF
FFSM,ETF,Fidelity Fundamental Small-Mid Cap ETF
FOCT,ETF,FT Vest U.S. Equity Buffer ETF - October
FFEB,ETF,FT Vest U.S. Equity Buffer Fund - February
GGLL,ETF,Direxion Daily GOOGL Bull 2X Shares
BUYW,ETF,Main BuyWrite ETF
FLGV,ETF,Franklin U.S. Treasury Bond ETF
HODL,ETF,VanEck Bitcoin ETF
BBRE,ETF,JPMorgan BetaBuilders MSCI US REIT ETF
IGOV,ETF,iShares International Treasury Bond ETF
VCRM,ETF,Vanguard Core Tax-Exempt Bond ETF
FJUN,ETF,FT Vest U.S. Equity Buffer ETF - June
PEY,ETF,Invesco High Yield Equity Dividend Achievers™ ETF
DFIP,ETF,Dimensional Inflation-Protected Securities ETF
SUSB,ETF,iShares ESG Aware 1-5 Year USD Corporate Bond ETF
JHML,ETF,John Hancock Multifactor Large Cap ETF
QEFA,ETF,State Street SPDR MSCI EAFE StrategicFactors ETF
POCT,ETF,Innovator U.S. Equity Power Buffer ETF - October
PWZ,ETF,Invesco California AMT-Free Municipal Bond ETF
DLS,ETF,WisdomTree International SmallCap Dividend Fund
IQDF,ETF,FlexShares International Quality Dividend Index Fund
CGW,ETF,Invesco S&P Global Water Index ETF
FYX,ETF,First Trust Small Cap Core AlphaDEX Fund
FMAY,ETF,FT Vest U.S. Equity Buffer Fund - May
DUSA,ETF,Davis Select U.S. Equity ETF
HAUZ,ETF,DBX ETF Trust - Xtrackers International Real Estate ETF
BAB,ETF,Invesco Taxable Municipal Bond ETF
FDT,ETF,First Trust Developed Markets ex-US AlphaDEX Fund
VCEB,ETF,Vanguard ESG U.S. Corporate Bond ETF
ULTY,ETF,YieldMax Ultra Option Income Strategy ETF
BLOK,ETF,Amplify Blockchain Technology ETF
CHAT,ETF,Roundhill Generative AI & Technology ETF
MSTY,ETF,YieldMax MSTR Option Income Strategy ETF
IBHF,ETF,iShares iBonds 2026 Term High Yield and Income ETF
VTWV,ETF,Vanguard Russell 2000 Value ETF
CRBN,ETF,iShares Low Carbon Optimized MSCI ACWI ETF
SUSL,ETF,iShares ESG MSCI USA Leaders ETF
STRV,ETF,Strive 500 ETF
SLVR,ETF,Sprott Silver Miners & Physical Silver ETF
PDEC,ETF,Innovator U.S. Equity Power Buffer ETF - December
SOXQ,ETF,Invesco PHLX Semiconductor ETF
APIE,ETF,ActivePassive International Equity ETF
IHE,ETF,iShares U.S. Pharmaceuticals ETF
AVLC,ETF,Avantis U.S. Large Cap Equity ETF
WINN,ETF,Harbor Long-Term Growers ETF
DFSI,ETF,Dimensional International Sustainability Core 1 ETF
EIPI,ETF,FT Energy Income Partners Enhanced Income ETF
TGRT,ETF,T. Rowe Price Growth ETF
KXI,ETF,iShares Global Consumer Staples ETF
RSPN,ETF,Invesco S&P 500 Equal Weight Industrials ETF
SMMU,ETF,PIMCO Short Term Municipal Bond Active ETF
TSLY,ETF,YieldMax TSLA Option Income Strategy ETF
BUFC,ETF,AB Conservative Buffer ETF
PJUL,ETF,Innovator U.S. Equity Power Buffer ETF - July
EFIV,ETF,State Street SPDR S&P 500 ESG ETF
SPIP,ETF,State Street SPDR Portfolio TIPS ETF
FFLC,ETF,Fidelity Fundamental Large Cap Core ETF
WCMI,ETF,First Trust WCM International Equity ETF
IMCV,ETF,iShares Morningstar Mid-Cap Value ETF
TDTF,ETF,FlexShares iBoxx 5-Year Target Duration TIPS Index Fund
SOXS,ETF,Direxion Daily Semiconductor Bear 3x Shares
FAPR,ETF,FT Vest U.S. Equity Buffer ETF - April
IVES,ETF,Dan Ives Wedbush AI Revolution ETF
FLGB,ETF,Franklin FTSE United Kingdom ETF
IDVO,ETF,Amplify CWP International Enhanced Dividend Income ETF
RDIV,ETF,Invesco S&P Ultra Dividend Revenue ETF
SH,ETF,ProShares Short S&P500
SEIE,ETF,SEI Select International Equity ETF
PNOV,ETF,Innovator U.S. Equity Power Buffer ETF - November
FMAR,ETF,FT Vest US Equity Buffer ETF - March
GSID,ETF,Marketbeta INTL Equity ETF
MOO,ETF,VanEck Agribusiness ETF
OUSM,ETF,ALPS | O’Shares U.S. Small-Cap Quality Dividend ETF
VOTE,ETF,TCW Transform 500 ETF
TSME,ETF,Thrivent Small-Mid Cap Equity ETF
SYLD,ETF,Cambria Shareholder Yield ETF
PID,ETF,Invesco International Dividend Achievers™ ETF
ARKF,ETF,ARK Blockchain & Fintech Innovation ETF
BKDV,ETF,BNY Mellon Dynamic Value ETF
TBUX,ETF,T. Rowe Price Ultra Short-Term Bond ETF
CPER,ETF,United States Copper Index Fund
SCHQ,ETF,Schwab Long-Term U.S. Treasury ETF
FLBL,ETF,Franklin Senior Loan ETF Franklin Liberty Senior Loan Fund
FMHI,ETF,First Trust Municipal High Income ETF
YINN,ETF,Direxion Daily FTSE China Bull 3X Shares
FYC,ETF,First Trust Small Cap Growth AlphaDEX Fund
IGE,ETF,iShares North American Natural Resources ETF
NANR,ETF,State Street SPDR S&P North American Natural Resources ETF
FXH,ETF,First Trust Health Care AlphaDEX Fund
PSEP,ETF,Innovator U.S. Equity Power Buffer ETF - September
XTEN,ETF,BondBloxx Bloomberg Ten Year Target Duration US Treasury ETF
XLSR,ETF,State Street US Sector Rotation ETF
JETS,ETF,U.S. Global Jets ETF
ISCG,ETF,iShares Morningstar Small-Cap Growth ETF
QDTE,ETF,Roundhill Innovation-100 0DTE Covered Call Strategy ETF
BITX,ETF,2x Bitcoin Strategy ETF
TGRW,ETF,T. Rowe Price Growth Stock ETF
EZA,ETF,iShares MSCI South Africa ETF
GSSC,ETF,TR Activebeta US Small Cap Equity ETF
CSHI,ETF,NEOS Enhanced Income 1-3 Month T-Bill ETF
ALLW,ETF,SPDR Bridgewater All Weather ETF
QQQJ,ETF,Invesco NASDAQ Next Gen 100 ETF
PAUG,ETF,Innovator U.S. Equity Power Buffer ETF - August
VIOG,ETF,Vanguard S&P Small-Cap 600 Growth ETF
GWX,ETF,State Street SPDR S&P International Small Cap ETF
NBCR,ETF,Neuberger Core Equity ETF
EMCS,ETF,Xtrackers MSCI Emerging Markets Climate Selection ETF
AGGY,ETF,WisdomTree Yield Enhanced U.S. Aggregate Bond Fund
EZM,ETF,WisdomTree U.S. MidCap Fund
BTCI,ETF,NEOS Bitcoin High Income ETF
BUG,ETF,Global X Cybersecurity ETF
SYFI,ETF,AB Short Duration High Yield ETF
ONEY,ETF,State Street SPDR Russell 1000 Yield Focus ETF
JSMD,ETF,Janus Henderson Small/Mid Cap Growth Alpha ETF
FHEQ,ETF,Fidelity Hedged Equity ETF
WSML,ETF,iShares MSCI World Small-Cap ETF
PLDR,ETF,Putnam Sustainable Leaders ETF
LEMB,ETF,iShares J.P. Morgan EM Local Currency Bond ETF
PRIV,ETF,SPDR SSGA IG Public & Private Credit ETF
IDEQ,ETF,Lazard International Dynamic Equity ETF
PTRB,ETF,PGIM Total Return Bond ETF
GIGB,ETF,Goldman Sachs Access Investment Grade Corporate Bond ETF
SDVD,ETF,FT Vest SMID Rising Dividend Achievers Target Income ETF
GOVI,ETF,Invesco Equal Weight 0-30 Year Treasury ETF
FDD,ETF,First Trust STOXX European Select Dividend Index Fund
EIS,ETF,iShares MSCI Israel ETF
XEMD,ETF,BondBloxx JP Morgan USD Emerging Markets 1-10 Year Bond ETF
BUFZ,ETF,FT Vest Laddered Moderate Buffer ETF
ARGT,ETF,Global X MSCI Argentina ETF
NUKZ,ETF,Range Nuclear Renaissance Index ETF
REZ,ETF,iShares Residential and Multisector Real Estate ETF
PCEF,ETF,Invesco CEF Income Composite ETF
DJP,ETF,iPath Bloomberg Commodity Index Total Return ETN
SGDM,ETF,Sprott Gold Miners ETF
MFSI,ETF,MFS Active International ETF
JNUG,ETF,Direxion Daily Junior Gold Miners Index Bull 2x Shares
AUSF,ETF,Global X Adaptive U.S. Factor ETF
FXU,ETF,First Trust Utilities AlphaDEX Fund
ROM,ETF,ProShares Ultra Technology
ABFL,ETF,Abacus FCF Leaders ETF
MODL,ETF,VictoryShares WestEnd U.S. Sector ETF
IETC,ETF, iShares U.S. Tech Independence Focused ETF
PFEB,ETF,Innovator U.S. Equity Power Buffer ETF - February
QLC,ETF,FlexShares US Quality Large Cap Index Fund
BBEM,ETF,JPMorgan BetaBuilders Emerging Markets Equity ETF
UDOW,ETF,ProShares UltraPro Dow30
DSPY,ETF,Tema S&P 500 Historical Weight ETF Strategy
BALI,ETF,iShares U.S. Large Cap Premium Income Active ETF
VFVA,ETF,Vanguard U.S. Value Factor ETF
BSJR,ETF,Invesco BulletShares 2027 High Yield Corporate Bond ETF
IYZ,ETF,iShares U.S. Telecommunications ETF
AVGE,ETF,Avantis All Equity Markets ETF
SPEU,ETF,State Street SPDR Portfolio Europe ETF
OUSA,ETF,ALPS O'Shares U.S. Quality Dividend ETF
ISHG,ETF,iShares 1-3 Year International Treasury Bond ETF
IBTK,ETF,iShares iBonds Dec 2030 Term Treasury ETF
TPYP,ETF,Tortoise North American Pipeline Fund
FTQI,ETF,First Trust Nasdaq BuyWrite Income ETF
JCPI,ETF,JPMorgan Inflation Managed Bond ETF
FXR,ETF,First Trust Industrials/Producer Durables AlphaDEX Fund
MSOS,ETF,AdvisorShares Pure US Cannabis ETF
EWS,ETF,iShares MSCI Singapore ETF
AMJB,ETF,"Alerian MLP Index ETNs due January 28, 2044"
RGEF,ETF,Rockefeller Global Equity ETF
DOL,ETF,WisdomTree True Developed International Fund
QAI,ETF,NYLI Hedge Multi-Strategy Tracker ETF
PFM,ETF,Invesco Dividend Achievers™ ETF
RLY,ETF,State Street Multi-Asset Real Return ETF
PAPR,ETF,Innovator U.S. Equity Power Buffer ETF - April
FEOE,ETF,First Eagle Overseas Equity ETF
GSG,ETF,iShares S&P GSCI Commodity-Indexed Trust
RSPH,ETF,Invesco S&P 500 Equal Weight Health Care ETF
GCOR,ETF,Goldman Sachs Access U.S. Aggregate Bond ETF
CLOZ,ETF,Eldridge BBB-B CLO ETF
EWH,ETF,iShares MSCI Hong Kong ETF
BUFF,ETF,Innovator Laddered Allocation Power Buffer ETF
GII,ETF,State Street SPDR S&P Global Infrastructure ETF
XMLV,ETF,Invesco S&P MidCap Low Volatility ETF
PSK,ETF,State Street SPDR ICE Preferred Securities ETF
BGDV,ETF,Bahl & Gaynor Dividend ETF
FLHY,ETF,Franklin High Yield Corporate ETF
EQAL,ETF,Invesco Russell 1000 Equal Weight ETF
IQDG,ETF,WisdomTree International Quality Dividend Growth Fund
CDC,ETF,VictoryShares US EQ Income Enhanced Volatility Wtd ETF
HLAL,ETF,Wahed FTSE USA Shariah ETF
LRGC,ETF,AB US Large Cap Strategic Equities ETF
EWX,ETF,State Street SPDR S&P Emerging Markets Small Cap ETF
IMFL,ETF,Invesco International Developed Dynamic Multifactor ETF
PGF,ETF,Invesco Financial Preferred ETF
XBIL,ETF,US Treasury 6 Month Bill ETF
UYG,ETF,ProShares Ultra Financials
ETHU,ETF,2x Ether ETF
IUS,ETF,Invesco RAFI Strategic US ETF
AVRE,ETF,Avantis Real Estate ETF
BITW,ETF,Bitwise 10 Crypto Index ETF
AOK,ETF,iShares Core 30/70 Conservative Allocation ETF
IHAK,ETF,iShares Cybersecurity & Tech ETF
AVSF,ETF,Avantis Short-Term Fixed Income ETF
MSSM,ETF,Morgan Stanley Pathway Small-Mid Cap Equity ETF
PSQ,ETF,ProShares Short QQQ
COMT,ETF,iShares U.S. ETF Trust iShares GSCI Commodity Dynamic Roll Strategy ETF
KOKU,ETF,Xtrackers MSCI Kokusai Equity ETF
DIV,ETF,Global X SuperDividend U.S. ETF
EWJV,ETF,iShares MSCI Japan Value ETF
RSMC,ETF,Rockefeller U.S. Small-Mid Cap ETF
DBA,ETF,Invesco DB Agriculture Fund
XONE,ETF,BondBloxx Bloomberg One Year Target Duration US Treasury ETF
ARKX,ETF,ARK Space & Defense Innovation ETF
EYLD,ETF,Cambria Emerging Shareholder Yield ETF
SCHJ,ETF,Schwab 1-5 Year Corporate Bond ETF
IHF,ETF,iShares U.S. Healthcare Providers ETF
KAT,ETF,Scharf ETF
AVTM,ETF,Avantis Total Equity Markets ETF
CAIE,ETF,Calamos Autocallable Income ETF
EUSB,ETF,iShares ESG Advanced Universal USD Bond ETF
KORP,ETF,American Century Diversified Corporate Bond ETF
CVLC,ETF,Calvert US Large-Cap Core Responsible Index ETF
JHEM,ETF,John Hancock Multifactor Emerging Markets ETF
XVV,ETF,iShares ESG Select Screened S&P 500 ETF
YYY,ETF,Amplify CEF High Income ETF
FLTW,ETF,Franklin FTSE Taiwan ETF
DMXF,ETF,iShares ESG Advanced MSCI EAFE ETF
JVAL,ETF,JPMorgan U.S. Value Factor ETF US Value Factor Fund
SIXG,ETF,Defiance Connective Technologies ETF
IGPT,ETF,Invesco AI and Next Gen Software ETF
SMIN,ETF,iShares MSCI India Small-Cap ETF
JHSC,ETF,John Hancock Multifactor Small Cap ETF
ZALT,ETF,Innovator U.S. Equity 10 Buffer ETF - Quarterly
HMOP,ETF,Hartford Municipal Opportunities ETF
DBEU,ETF,Xtrackers MSCI Europe Hedged Equity ETF
SPHB,ETF,Invesco S&P 500® High Beta ETF
PBW,ETF,Invesco WilderHill Clean Energy ETF
IDHQ,ETF,Invesco S&P International Developed High Quality ETF
KSA,ETF,iShares MSCI Saudi Arabia ETF
DWM,ETF,WisdomTree International Equity Fund
XRT,ETF,State Street SPDR S&P Retail ETF
FLIA,ETF,Franklin International Aggregate Bond ETF
QQH,ETF,HCM Defender 100 Index ETF
LTPZ,ETF,PIMCO 15+ Year US TIPS Index Exchange-Traded Fund
EES,ETF,WisdomTree U.S. SmallCap Fund
FDRR,ETF,Fidelity Dividend ETF for Rising Rates
NUDM,ETF,Nuveen ESG International Developed Markets Equity ETF
PTL,ETF,Inspire 500 ETF
OSCV,ETF,Opus Small Cap Value ETF
PJUN,ETF,Innovator U.S. Equity Power Buffer ETF - June
ROBT,ETF,First Trust Nasdaq Artificial Intelligence & Robotics ETF
GDE,ETF,WisdomTree Efficient Gold Plus Equity Strategy Fund
LGOV,ETF,First Trust Long Duration Opportunities ETF
OMAH,ETF,VistaShares Target 15 Berkshire Select Income ETF
BBSC,ETF,JPMorgan BetaBuilders U.S. Small Cap Equity Fund
SMDV,ETF,ProShares Russell 2000 Dividend Growers ETF
EWI,ETF,iShares MSCI Italy ETF
XCHG,ETF,AB US Equity ETF
BKGI,ETF,BNY Mellon Global Infrastructure Income ETF
IXG,ETF,iShares Global Financials ETF
SKOR,ETF,FlexShares Credit-Scored US Corporate Bond Index Fund
IXP,ETF,iShares Global Comm Services ETF
INFO,ETF,Harbor PanAgora Dynamic Large Cap Core ETF
FDMO,ETF,Fidelity Momentum Factor ETF
HEZU,ETF,iShares Currency Hedged MSCI Eurozone ETF
DBND,ETF,DoubleLine Opportunistic Core Bond ETF
GSPY,ETF,Gotham Enhanced 500 ETF
DTH,ETF,WisdomTree International High Dividend Fund
TLTD,ETF,FlexShares Morningstar Developed Markets ex-US Factor Tilt Index Fund
HNDL,ETF,Strategy Shares Nasdaq 7HANDL Index ETF
BKMC,ETF,BNY Mellon US Mid Cap Core Equity ETF
MLN,ETF,VanEck Long Muni ETF
IAT,ETF,iShares U.S. Regional Banks ETF
IWLG,ETF,NYLI Winslow Large Cap Growth ETF
BBHY,ETF,JPMorgan BetaBuilders USD High Yield Corporate Bond ETF
INDY,ETF,iShares India 50 ETF
IWMI,ETF,NEOS Russell 2000 High Income ETF
CMDT,ETF,PIMCO Commodity Strategy Active Exchange-Traded Fund
EQL,ETF,Alps Equal Sector Weight ETF
AMDL,ETF,GraniteShares 2x Long AMD Daily ETF
FLCA,ETF,Franklin FTSE Canada ETF
RSPA,ETF,Invesco S&P 500 Equal Weight Income Advantage ETF
GFLW,ETF,VictoryShares Free Cash Flow Growth ETF
ISCV,ETF,iShares Morningstar Small Cap Value ETF
VNM,ETF,VanEck Vietnam ETF
NVDU,ETF,Direxion Daily NVDA Bull 2X Shares
BSJS,ETF,Invesco BulletShares 2028 High Yield Corporate Bond ETF
REM,ETF,iShares Mortgage Real Estate ETF
LSGR,ETF,Natixis Loomis Sayles Focused Growth ETF
ILTB,ETF,iShares Core 10+ Year USD Bond ETF
SVOL,ETF,Simplify Volatility Premium ETF
FLRT,ETF,Pacer Aristotle Pacific Floating Rate High Income ETF
DFSB,ETF,Dimensional Global Sustainability Fixed Income ETF
EPOL,ETF,iShares MSCI Poland ETF
VUSE,ETF,Vident U.S. Equity Strategy ETF
HEGD,ETF,Swan Hedged Equity US Large Cap ETF
IBMQ,ETF,iShares iBonds Dec 2028 Term Muni Bond ETF
EBI,ETF,Longview Advantage ETF
LVHD,ETF,Franklin U.S. Low Volatility High Dividend Index ETF
ULST,ETF,State Street Ultra Short Term Bond ETF
IBMP,ETF,iShares iBonds Dec 2027 Term Muni Bond ETF
FDV,ETF,Federated Hermes U.S. Strategic Dividend ETF
PIZ,ETF,Invesco Dorsey Wright Developed Markets Momentum ETF
NAIL,ETF,Direxion Daily Homebuilders & Supplies Bull 3X Shares
BRES,ETF,Burney U.S. Equity Select ETF
GXUS,ETF,Goldman Sachs MarketBeta Total International Equity ETF
IGLD,ETF,FT Vest Gold Strategy Target Income ETF
QCLN,ETF,First Trust NASDAQ Clean Edge Green Energy Index Fund
TVAL,ETF,T. Rowe Price Value ETF
ISCF,ETF,iShares International Small‑Cap Equity Factor ETF
VLU,ETF,State Street SPDR S&P 1500 Value Tilt ETF
PMAR,ETF,Innovator U.S. Equity Power Buffer ETF - March
RPAR,ETF,RPAR Risk Parity ETF
XSVM,ETF,Invesco S&P SmallCap Value with Momentum ETF
DBJP,ETF,Xtrackers MSCI Japan Hedged Equity ETF
AQEC,ETF,AQE Core ETF
MGNR,ETF,American Beacon GLG Natural Resources ETF
FLCO,ETF,Franklin Investment Grade Corporate ETF
QDVO,ETF,Amplify CWP Growth & Income ETF
PMAY,ETF,Innovator U.S. Equity Power Buffer ETF - May
GTOP,ETF,Goldman Sachs Technology Opportunities ETF
FEPI,ETF,REX FANG & Innovation Equity Premium Income ETF
PNQI,ETF,Invesco NASDAQ Internet ETF
QDEC,ETF,FT Vest Nasdaq-100 Buffer ETF - December
MSFU,ETF,Direxion Daily MSFT Bull 2X Shares
ATMP,ETF,Barclays ETN+ Select MLP ETN
FEM,ETF,First Trust Emerging Markets AlphaDEX Fund
QJUN,ETF,FT Vest Nasdaq-100 Buffer ETF - June
FLSP,ETF,Franklin Systematic Style Premia ETF
EMHY,ETF,iShares J.P. Morgan EM High Yield Bond ETF
LGH,ETF,HCM Defender 500 Index ETF
CXSE,ETF,WisdomTree China ex-State-Owned Enterprises Fund
EPU,ETF,iShares MSCI Peru and Global Exposure ETF
HYBL,ETF,State Street Blackstone High Income ETF
FYLD,ETF,Cambria Foreign Shareholder Yield ETF
CAOS,ETF,Alpha Architect Tail Risk ETF
IBMO,ETF,iShares iBonds Dec 2026 Term Muni Bond ETF
DPST,ETF,Direxion Daily Regional Banks Bull 3X Shares
GVAL,ETF,Cambria Global Value ETF
AVNM,ETF,Avantis All International Markets Equity ETF
AGZ,ETF,iShares Agency Bond ETF
HEWJ,ETF,iShares Currency Hedged MSCI Japan ETF
FXF,ETF,Invesco CurrencyShares Swiss Franc Trust
HCMT,ETF,Direxion HCM Tactical Enhanced US ETF
RSPG,ETF,Invesco S&P 500 Equal Weight Energy ETF
LSVD,ETF,LSV Disciplined Value ETF
SFY,ETF,SoFi Select 500 ETF
ONEV,ETF,State Street SPDR Russell 1000 Low Volatility Focus ETF
FMAT,ETF,Fidelity MSCI Materials Index ETF
TAXF,ETF,American Century Diversified Municipal Bond ETF
PSFF,ETF,Pacer Swan SOS Fund of Funds ETF
VFMF,ETF,Vanguard U.S. Multifactor ETF
DFSE,ETF,Dimensional Emerging Markets Sustainability Core 1 ETF
LABU,ETF,Direxion Daily S&P Biotech Bull 3x Shares
SSUS,ETF,Strategy Shares Day Hagan Smart Sector ETF
FGDL,ETF,Franklin Responsibly Sourced Gold ETF
JPSE,ETF,JPMorgan Diversified Return U.S. Small Cap Equity ETF
VXX,ETF,iPath Series B S&P 500 VIX Short-Term Futures ETN
TOTR,ETF,T. Rowe Price Total Return ETF
QQA,ETF,Invesco QQQ Income Advantage ETF
FCG,ETF,First Trust Natural Gas ETF
USSG,ETF,Xtrackers MSCI USA Selection Equity ETF
OCTW,ETF,AllianzIM U.S. Equity Buffer20 Oct ETF
HAPI,ETF,Harbor Human Capital Factor US Large Cap ETF
SETM,ETF,Sprott Critical Materials ETF
DWLD,ETF,Davis Select Worldwide ETF
CFA,ETF,VictoryShares US 500 Volatility Wtd ETF
FSMB,ETF,First Trust Short Duration Managed Municipal ETF
SEIQ,ETF,SEI Enhanced U.S. Large Cap Quality Factor ETF
QINT,ETF,American Century Quality Diversified International ETF
RAA,ETF,SMI 3Fourteen REAL Asset Allocation ETF
IPKW,ETF,Invesco International BuyBack Achievers™ ETF
DGT,ETF,State Street SPDR Global Dow ETF
ELM,ETF,Elm Market Navigator ETF
SIXH,ETF,ETC 6 Meridian Hedged Equity Index Option ETF
DDM,ETF,ProShares Ultra Dow30
ROUS,ETF,Hartford Multifactor US Equity ETF
TNGY,ETF,Tortoise Energy Fund
RAAX,ETF,VanEck Inflation Allocation ETF
KORU,ETF,Direxion MSCI Daily South Korea Bull 3X Shares
HYBB,ETF,iShares BB Rated Corporate Bond ETF
NVDX,ETF,T-Rex 2X Long NVIDIA Daily Target ETF
JDVL,ETF,John Hancock Disciplined Value Select ETF
CTEF,ETF,Castellan Targeted Equity ETF
IBTL,ETF,iShares iBonds Dec 2031 Term Treasury ETF
GXC,ETF,State Street SPDR S&P China ETF
DWX,ETF,State Street SPDR S&P International Dividend ETF
GRPM,ETF,Invesco S&P MidCap 400 GARP ETF
IBTM,ETF,iShares iBonds Dec 2032 Term Treasury ETF
RSPU,ETF,Invesco S&P 500 Equal Weight Utilities ETF
MINO,ETF,PIMCO Municipal Income Opportunities Active Exchange-Traded Fund
QDEF,ETF,FlexShares Quality Dividend Defensive Index Fund
LQDH,ETF,iShares Interest Rate Hedged Corporate Bond ETF
JUST,ETF,Goldman Sachs JUST U.S. Large Cap Equity ETF
EFAX,ETF,State Street SPDR MSCI EAFE Fossil Fuel Reserves Free ETF
QSPT,ETF,FT Vest Nasdaq-100 Buffer ETF - September
FNY,ETF,First Trust Mid Cap Growth AlphaDEX Fund
SMRI,ETF,Bushido Capital US Equity ETF
FIVA,ETF,Fidelity International Value Factor ETF
AVMV,ETF,Avantis U.S. Mid Cap Value ETF
VBND,ETF,Vident U.S. Bond Strategy ETF
BBHM,ETF,BBH Select Mid Cap ETF
FXY,ETF,Invesco Currencyshares Japanese Yen Trust
FDHY,ETF,Fidelity Enhanced High Yield ETF
IEO,ETF,iShares U.S. Oil & Gas Exploration & Production ETF
GDEC,ETF,FT Vest U.S. Equity Moderate Buffer ETF - December
IDOG,ETF,ALPS International Sector Dividend Dogs ETF
CMBS,ETF,iShares CMBS ETF
QVAL,ETF,Alpha Architect U.S. Quantitative Value ETF
NTSI,ETF,WisdomTree International Efficient Core Fund
FFLG,ETF,Fidelity Fundamental Large Cap Growth ETF
FNGO,ETF,MicroSectors FANG+ Index 2X Leveraged ETNs
OSEA,ETF,Harbor International Compounders ETF
KCE,ETF,State Street SPDR S&P Capital Markets ETF
BRNY,ETF,Burney U.S. Factor Rotation ETF
JPRE,ETF,JPMorgan Realty Income ETF
AAUS,ETF,Alpha Architect US Equity ETF
SFLO,ETF,VictoryShares Small Cap Free Cash Flow ETF
CSM,ETF,Proshares Large Cap Core Plus
IBND,ETF,SPDR Bloomberg International Corporate Bond ETF
IVOL,ETF,KraneShares Quadratic Interest Rate Volatility and Inflation Hedge ETF
VGSR,ETF,Vert Global Sustainable Real Estate ETF
WWJD,ETF,Inspire International ETF
TOPT,ETF,iShares Top 20 U.S. Stocks ETF
CDX,ETF,Simplify High Yield ETF
YLD,ETF,Principal Active High Yield ETF
AFLG,ETF,First Trust Active Factor Large Cap ETF
METU,ETF,Direxion Daily META Bull 2X Shares
GSEP,ETF,FT Vest U.S. Equity Moderate Buffer ETF - September
PLTU,ETF,Direxion Daily PLTR Bull 2X Shares
FDEM,ETF,Fidelity Emerging Markets Multifactor ETF
IBD,ETF,Inspire Corporate Bond ETF
QFLR,ETF,Innovator Nasdaq-100 Managed Floor ETF
DNL,ETF,WisdomTree Global ex-U.S. Quality Growth Fund
BBHL,ETF,BBH Select Large Cap ETF
FXE,ETF,Invesco CurrencyShares Euro Trust
DFNL,ETF,Davis Select Financial ETF
NUBD,ETF,Nuveen ESG U.S. Aggregate Bond ETF
TAFM,ETF,AB Tax-Aware Intermediate Municipal ETF
DDLS,ETF,WisdomTree Dynamic International SmallCap Equity Fund
FNGS,ETF,MicroSectors FANG+ ETN
LONZ,ETF,PIMCO Senior Loan Active Exchange-Traded Fund
BIDD,ETF,iShares International Dividend Active ETF
SPSK,ETF,SP Funds Dow Jones Global Sukuk ETF
AAEQ,ETF,Alpha Architect US Equity 2 ETF
SNXX,ETF,Tradr 2X Long SNDK Daily ETF
EIPX,ETF,FT Energy Income Partners Strategy ETF
BINV,ETF,Brandes International ETF
FEP,ETF,First Trust Europe AlphaDEX Fund
CSMD,ETF,Congress SMid Growth ETF
RSSB,ETF,Return Stacked Global Stocks & Bonds ETF
QMAR,ETF,FT Vest Nasdaq-100 Buffer ETF - March
HYGH,ETF,iShares Interest Rate Hedged High Yield Bond ETF
ICOP,ETF,iShares Copper and Metals Mining ETF
KOLD,ETF,ProShares UltraShort Bloomberg Natural Gas
AVSD,ETF,Avantis Responsible International Equity ETF
TRFK,ETF,Pacer Data and Digital Revolution ETF
URNJ,ETF,Sprott Junior Uranium Miners ETF
VSDM,ETF,Vanguard Short Duration Tax-Exempt Bond ETF
SAMT,ETF,Strategas Macro Thematic Opportunities ETF
KIE,ETF,State Street SPDR S&P Insurance ETF
DFEN,ETF,Direxion Daily Aerospace & Defense Bull 3X Shares
VFQY,ETF,Vanguard U.S. Quality Factor ETF
GVIP,ETF,Goldman Sachs Hedge Industry VIP ETF
EELV,ETF,Invesco S&P Emerging Markets Low Volatility ETF
SIXA,ETF,ETC 6 Meridian Mega Cap Equity ETF
DFVX,ETF,Dimensional US Large Cap Vector ETF
BASG,ETF,Brown Advisory Sustainable Growth ETF
BGRN,ETF,iShares Trust iShares USD Green Bond ETF
HYEM,ETF,VanEck Emerging Markets High Yield Bond ETF
UMI,ETF,USCF Midstream Energy Income Fund ETF
PTIR,ETF,GraniteShares 2x Long PLTR Daily ETF
BSJT,ETF,Invesco BulletShares 2029 High Yield Corporate Bond ETF
MFDX,ETF,PIMCO RAFI Dynamic Multi-Factor International Equity ETF
GJAN,ETF,FT Vest U.S. Equity Moderate Buffer ETF - Jan
DJD,ETF,Invesco Dow Jones Industrial Average Dividend ETF
SPYU,ETF,MAX S&P 500 4X Leveraged ETN
NXTG,ETF,First Trust Indxx NextG ETF
DIAL,ETF,Columbia Diversified Fixed Income Allocation ETF
SEEM,ETF,SEI Select Emerging Markets Equity ETF
IBHG,ETF,iShares iBonds 2027 Term High Yield and Income ETF
NUMV,ETF,Nuveen ESG Mid-Cap Value ETF
NBOS,ETF,Neuberger Option Strategy ETF
BTCO,ETF,Invesco Galaxy Bitcoin ETF
IBHH,ETF,iShares iBonds 2028 Term High Yield and Income ETF
PRAE,ETF,PlanRock Alternative Growth ETF
IDUB,ETF,Aptus International Enhanced Yield
PFLD,ETF,AAM Low Duration Preferred and Income Securities ETF
YMAX,ETF,YieldMax Universe Fund of Option Income ETFs
STPZ,ETF,PIMCO 1-5 Year US TIPS Index Exchange-Traded Fund
PKB,ETF,Invesco Building & Construction ETF
SPXU,ETF,ProShares UltraPro Short S&P500
EEMS,ETF,iShares MSCI Emerging Markets Small-Cap ETF
BGIG,ETF,Bahl & Gaynor Income Growth ETF
AVSU,ETF,Avantis Responsible U.S. Equity ETF
VIDI,ETF,Vident International Equity Strategy ETF
KBWD,ETF,Invesco KBW High Dividend Yield Financial ETF
SEIS,ETF,SEI Select Small Cap ETF
XFIV,ETF,BondBloxx Bloomberg Five Year Target Duration US Treasury ETF
AMZA,ETF,InfraCap MLP ETF
PTF,ETF,Invesco Dorsey Wright Technology Momentum ETF
FIGB,ETF,Fidelity Investment Grade Bond ETF
IAK,ETF,iShares U.S. Insurance ETF
MDAA,ETF,Myriad Dynamic Asset Allocation ETF
JPME,ETF,JPMorgan Diversified Return U.S. Mid Cap Equity ETF
PJP,ETF,Invesco Pharmaceuticals ETF
CFO,ETF,VictoryShares US 500 Enhanced Volatility Wtd ETF
JPUS,ETF,JPMorgan Diversified Return Use Equity
DJAN,ETF,FT Vest US Equity Deep Buffer ETF - January
DDEC,ETF,FT Vest US Equity Deep Buffer ETF - December
BLUX,ETF,Bluemonte Dynamic Total Market ETF
VSLU,ETF,Applied Finance Valuation Large Cap ETF
ICLO,ETF,Invesco AAA CLO Floating Rate Note ETF
SGDJ,ETF,Sprott Junior Gold Miners ETF
PFUT,ETF,Putnam Sustainable Future ETF
MDIV,ETF,Multi-Asset Diversified Income Index Fund
GVUS,ETF,Marketbeta Russell 1000 Value Equity ETF
UCO,ETF,ProShares Ultra Bloomberg Crude Oil
TECB,ETF,iShares U.S. Tech Breakthrough Multisector ETF
JPEM,ETF,JPMorgan Diversified Return Emerging Markets Equity ETF
GMOI,ETF,GMO International Value ETF
CEMB,ETF,iShares J.P. Morgan EM Corporate Bond ETF
XES,ETF,State Street SPDR S&P Oil & Gas Equipment & Services ETF
SFTX,ETF,Horizon International Managed Risk ETF
SIXO,ETF,AllianzIM U.S. Equity 6 Month Buffer10 Apr/Oct ETF
UTWO,ETF,US Treasury 2 Year Note ETF
BRRR,ETF,Coinshares Bitcoin ETF
SHYD,ETF,VanEck Short High Yield Muni ETF
FLCG,ETF,Federated Hermes MDT Large Cap Growth ETF
SDCI,ETF,USCF SummerHaven Dynamic Commodity Strategy No K-1 Fund
BIBL,ETF, Inspire 100 ETF
GQGU,ETF,GQG US Equity ETF
SIZE,ETF,iShares MSCI USA Size Factor ETF
PHB,ETF,Invesco Fundamental High Yield® Corporate Bond ETF
FAD,ETF,First Trust Multi Cap Growth AlphaDEX Fund
PTMC,ETF,Pacer Trendpilot US Mid Cap ETF
LRGE,ETF,ClearBridge Large Cap Growth Select ETF
WTPI,ETF,WisdomTree Equity Premium Income Fund
EWQ,ETF,iShares MSCI France ETF
QVMM,ETF,Invesco S&P MidCap 400 QVM Multi-factor ETF
UNG,ETF,United States Natural Gas Fund LP
GMF,ETF,State Street SPDR S&P Emerging Asia Pacific ETF
GJUL,ETF,FT Vest U.S. Equity Moderate Buffer ETF - July
MMIN,ETF,NYLI MacKay Muni Insured ETF
GNMA,ETF,iShares GNMA Bond ETF
WIP,ETF,SPDR FTSE International Government Inflation-Protected Bond ETF
DFJ,ETF,WisdomTree Japan SmallCap Dividend Fund
EZBC,ETF,Franklin Bitcoin ETF
XMVM,ETF,Invesco S&P MidCap Value with Momentum ETF
AIVL,ETF,WisdomTree U.S. AI Enhanced Value Fund
DWAS,ETF,Invesco Dorsey Wright SmallCap Momentum ETF
GGUS,ETF,Marketbeta Russell 1000 Growth Equity ETF
PDN,ETF,Invesco RAFI Developed Markets ex-U.S. Small-Mid ETF
CCNR,ETF,ALPS | CoreCommodity Natural Resources ETF
DJUL,ETF,FT Vest U.S. Equity Deep Buffer ETF - July
UVIX,ETF,2x Long VIX Futures ETF
VOLT,ETF,Tema Electrification ETF
SOFR,ETF,Amplify Samsung SOFR ETF
BBH,ETF,VanEck Biotech ETF
FLKR,ETF,Franklin FTSE South Korea ETF
AIPI,ETF,REX AI Equity Premium Income ETF
DFEB,ETF,FT Vest U.S. Equity Deep Buffer ETF - February
TEQI,ETF,T. Rowe Price Equity Income ETF
CDL,ETF,VictoryShares US Large Cap High Dividend Volatility Wtd ETF
NFLT,ETF,Virtus Newfleet Multi-Sector Bond ETF
IBHI,ETF,iShares iBonds 2029 Term High Yield and Income ETF
SRVR,ETF,Pacer Data & Infrastructure Real Estate ETF
BKHY,ETF,BNY Mellon High Yield ETF
WTAI,ETF,WisdomTree Artificial Intelligence and Innovation Fund
CEFS,ETF,Saba Closed End Funds ETF
AGGH,ETF,Simplify Aggregate Bond ETF
RUNN,ETF,Running Oak Efficient Growth ETF
DMAR,ETF,FT Vest US Equity Deep Buffer ETF - March
JIG,ETF,JPMorgan International Growth ETF
DGRS,ETF,WisdomTree US Smallcap Quality Dividend Growth Fund
DNOV,ETF,FT Vest U.S. Equity Deep Buffer ETF - November
GMAR,ETF,FT Vest U.S. Equity Moderate Buffer ETF - March
EWM,ETF,iShares MSCI Malaysia ETF
JPIN,ETF,JPMorgan Diversified Return International Equity ETF
BBLU,ETF,EA Bridgeway Blue Chip ETF
MORT,ETF,VanEck Mortgage REIT Income ETF
HEDG,ETF,Equable Shares Hedged Equity ETF
SWAN,ETF,Amplify BlackSwan Growth & Treasury Core ETF
DOCT,ETF,FT Vest U.S. Equity Deep Buffer ETF - October
USMF,ETF,WisdomTree US Multifactor Fund
QMOM,ETF,Alpha Architect U.S. Quantitative Momentum ETF
XBB,ETF,BondBloxx BB-Rated USD High Yield Corporate Bond ETF
AGOX,ETF,Adaptive Alpha Opportunities ETF
ENFR,ETF,Alerian Energy Infrastructure ETF
URTY,ETF,ProShares UltraPro Russell2000
TBFG,ETF,Brinsmere Fund Growth ETF
CHPY,ETF,YieldMax Semiconductor Portfolio Option Income ETF
BITU,ETF,ProShares Ultra Bitcoin ETF
CMDY,ETF,iShares Bloomberg Roll Select Commodity Strategy ETF
FEMB,ETF,First Trust Emerging Markets Local Currency Bond ETF
EFAA,ETF,Invesco MSCI EAFE Income Advantage ETF
IAUI,ETF,NEOS Gold High Income ETF
BJAN,ETF,Innovator U.S. Equity Buffer ETF - January
XDTE,ETF,Roundhill S&P 500 0DTE Covered Call Strategy ETF
DXUV,ETF,Dimensional US Vector Equity ETF
FPAG,ETF,FPA Global Equity ETF
XJH,ETF,iShares ESG Select Screened S&P Mid-Cap ETF
GQRE,ETF,FlexShares Global Quality Real Estate Index Fund
PSCT,ETF,Invesco S&P SmallCap Information Technology ETF
INMU,ETF,iShares Intermediate Muni Income Active ETF
UFO,ETF,Procure Space ETF
PLTY,ETF,YieldMax PLTR Option Income Strategy ETF
VFMV,ETF,Vanguard U.S. Minimum Volatility ETF
DEHP,ETF,Dimensional Emerging Markets High Profitability ETF
NUEM,ETF,Nuveen ESG Emerging Markets Equity ETF
DRIV,ETF,Global X Autonomous & Electric Vehicles ETF
TXUE,ETF,Thornburg International Equity ETF
GRNJ,ETF,Fundstrat Granny Shots US Small- & Mid-Cap ETF
NUMG,ETF,Nuveen ESG Mid-Cap Growth ETF
CONY,ETF,YieldMax COIN Option Income Strategy ETF
TMFG,ETF,Motley Fool Global Opportunities ETF
IQQQ,ETF,ProShares Nasdaq-100 High Income ETF
FLTB,ETF,Fidelity Limited Term Bond ETF
NJAN,ETF,Innovator Growth-100 Power Buffer ETF - January
QQQH,ETF,NEOS Nasdaq 100 Hedged Equity Income ETF
SMOT,ETF,VanEck Morningstar SMID Moat ETF
BCD,ETF,abrdn Bloomberg All Commodity Longer Dated Strategy K-1 Free ETF
TBFC,ETF,Brinsmere Fund Conservative ETF
FISR,ETF,State Street Fixed Income Sector Rotation ETF
GREK,ETF,Global X MSCI Greece ETF
USDX,ETF,SGI Enhanced Core ETF
BWZ,ETF,SPDR Bloomberg Short Term International Treasury Bond ETF
UVXY,ETF,ProShares Ultra VIX Short-Term Futures ETF
EWD,ETF,iShares MSCI Sweden ETF
TPLC,ETF,Timothy Plan US Large/Mid Cap Core ETF
TUSI,ETF,Touchstone Ultra Short Income ETF
BAPR,ETF,Innovator U.S. Equity Buffer ETF - April
GUSE,ETF,Goldman Sachs Enhanced U.S. Equity ETF
HCRB,ETF,Hartford Core Bond ETF
KJAN,ETF,Innovator U.S. Small Cap Power Buffer ETF - January
TUR,ETF,iShares MSCI Turkey ETF
BITQ,ETF,Bitwise Crypto Industry Innovators ETF
DCRE,ETF,DoubleLine Commercial Real Estate Debt ETF
DAUG,ETF,FT Vest U.S. Equity Deep Buffer ETF - August
TPHD,ETF,Timothy Plan High Dividend Stock ETF
FDG,ETF,American Century Focused Dynamic Growth ETF
SFTY,ETF,Horizon Managed Risk ETF
HEQT,ETF,Simplify Hedged Equity ETF
PRN,ETF,Invesco Dorsey Wright Industrials Momentum ETF
AMZU,ETF,Direxion Daily AMZN Bull 2X Shares
MPRO,ETF,Monarch ProCap Index ETF
BTAL,ETF,AGF U.S. Market Neutral Anti-Beta Fund
TSMX,ETF,Direxion Daily TSM Bull 2X Shares
XSW,ETF,State Street SPDR S&P Software & Services ETF
STOT,ETF,State Street DoubleLine Short Duration Total Return Tactical ETF
FLBR,ETF,Franklin FTSE Brazil ETF
MXI,ETF,iShares Global Materials ETF
XEON.DE,UCITS,Xtrackers II EUR Overnight Rate Swap UCITS ETF 1C
XEOD.DE,UCITS,Xtrackers II EUR Overnight Rate Swap UCITS ETF 1D
LYOR.DE,UCITS,Multi Units Luxembourg - Amundi Smart Overnight Return UCITS ETF Acc
EGV2.DE,UCITS,Multi Units Luxembourg - Amundi Smart Overnight Return UCITS ETF Dist
L8I3.DE,UCITS,Amundi EUR Overnight Return UCITS ETF Acc
PJEU.DE,UCITS,Invesco EuroMTS Cash 3 Months UCITS ETF
18M1.DE,UCITS,Amundi Euro Government Bond 0-6 M UCITS ETF Acc
JEST.DE,UCITS,JPM EUR Ultra-Short Income Active UCITS ETF - EUR (acc)
EUN6.DE,UCITS,iShares € Govt Bond 0-1yr UCITS ETF EUR (Dist)
FRNE.DE,UCITS,Amundi Index Solutions - Amundi EUR Floating Rate Corporate Bond ESG - UCITS ETF DR - EUR (C)
IS3M.DE,UCITS,iShares € Ultrashort Bond UCITS ETF
EL4W.DE,UCITS,Deka Deutsche Börse EUROGOV Germany Money Market UCITS ETF
PJSR.DE,UCITS,PIMCO Euro Short Maturity UCITS ETF EUR Accumulation
PRAB.DE,UCITS,Amundi Prime Euro Government Bond 0-1Y UCITS ETF Acc
PJS1.DE,UCITS,PIMCO Euro Short Maturity UCITS ETF EUR Income
FVSH.DE,UCITS,Franklin Euro Short Maturity UCITS ETF
XBO2.DE,UCITS,Xtrackers II Italy Government Bond 0-1 Swap UCITS ETF 1C
EXVM.DE,UCITS,iShares eb.rexxGovernment Germany 0-1yr UCITS ETF (DE)
EFRN.DE,UCITS,iShares € Floating Rate Bond Advanced UCITS ETF EUR (Dist)
EUED.DE,UCITS,iShares € Ultrashort Bond ESG SRI UCITS ETF EUR Inc
VDIV.DE,UCITS,VanEck Morningstar Developed Markets Dividend Leaders UCITS ETF
SLQX.DE,UCITS,Expat Slovenia SBI Top UCITS ETF
AHYS.DE,UCITS,Amundi EUR Short Term High Yield Corporate Bond ESG UCITS ETF D
4GLD.DE,UCITS,Xetra-Gold
EXV1.DE,UCITS,iShares STOXX Europe 600 Banks UCITS ETF (DE)
LYMH.DE,UCITS,Amundi MSCI Greece UCITS ETF
GLDA.DE,UCITS,Amundi Physical Metals PLC    E
LBNK.DE,UCITS,Multi Units Luxembourg - Amundi STOXX Europe 600 Banks UCITS ETF Acc
XGDU.DE,UCITS,XTrackers ETC PLC             E
XAD5.DE,UCITS,Xtrackers Physical Gold ETC (EUR)
AMEE.DE,UCITS,Amundi Global Hydrogen UCITS ETF - Acc
PPFB.DE,UCITS,iShares Physical Metals PLC   O
8PSG.DE,UCITS,Invesco Physical Markets PLC  O
INDA.DE,UCITS,Multi Units Luxembourg - Amundi STOXX Europe 600 Banks UCITS ETF Inc
GZUR.DE,UCITS,WisdomTree Physical Swiss Gold
SC0U.DE,UCITS,Invesco STOXX Europe 600 Optimised Banks UCITS ETF
IS0Y.DE,UCITS,iShares € Corp Bond Interest Rate Hedged ESG SRI UCITS ETF EUR (Dist)
EXX1.DE,UCITS,iShares EURO STOXX Banks 30-15 UCITS ETF (DE)
LYBK.DE,UCITS,Amundi Euro Stoxx Banks UCITS ETF Acc
ECR3.DE,UCITS,Amundi Index Solutions - Amundi EUR Corporate Bond 0-3Y ESG UCITS ETF DR (C)
XESD.DE,UCITS,Xtrackers Spain UCITS ETF 1D
XESP.DE,UCITS,Xtrackers Spain UCITS ETF 1C
AMES.DE,UCITS,Amundi IBEX 35 UCITS ETF Acc
S7XE.DE,UCITS,Invesco EURO STOXX Optimised Banks UCITS ETF
LGQI.DE,UCITS,Amundi Global Equity Quality Income UCITS ETF Dist
CZX.DE,UCITS,Expat Czech PX UCITS ETF
EUIN.DE,UCITS,Amundi US Inflation Expectations 10Y UCITS ETF Acc
GBSE.DE,UCITS,WisdomTree Physical Gold - EUR Daily Hedged
FLXD.DE,UCITS,Franklin European Quality Dividend UCITS ETF
XAD1.DE,UCITS,Xtrackers Physical Gold EUR Hedged ETC
ESIF.DE,UCITS,iShares MSCI Europe Financials Sector UCITS ETF
XGDE.DE,UCITS,XTrackers ETC PLC             E
SPYZ.DE,UCITS,SPDR MSCI Europe Financials UCITS ETF
8PSE.DE,UCITS,Invesco Physical Gold ETC EUR Hedged
ELFF.DE,UCITS,Deka Euro Corporates 0-3 Liquid UCITS ETF
XGSD.DE,UCITS,Xtrackers Stoxx Global Select Dividend 100 Swap UCITS ETF 1D
WTIF.DE,UCITS,WisdomTree Japan Equity UCITS ETF - EUR Hedged Acc
ISPA.DE,UCITS,iShares STOXX Global Select Dividend 100 UCITS ETF (DE)
RM8U.DE,UCITS,Royal Mint Responsibly Sourced Physical Gold ETC
VGWD.DE,UCITS,Vanguard FTSE All-World High Dividend Yield UCITS ETF USD Distributing
XDEV.DE,UCITS,Xtrackers MSCI World Value UCITS ETF 1C
XS7R.DE,UCITS,Xtrackers MSCI Europe Financials Screened UCITS ETF 1C
IS3S.DE,UCITS,iShares Edge MSCI World Value Factor UCITS ETF USD (Acc)
ZPRW.DE,UCITS,SPDR MSCI Europe Value UCITS ETF EUR Acc
EHF1.DE,UCITS,Amundi Index Solutions - Amundi MSCI Europe High Dividend Factor UCITS ETF-C
PSWD.DE,UCITS,Invesco FTSE RAFI All World 3000 UCITS ETF
D5BL.DE,UCITS,Xtrackers MSCI Europe Value UCITS ETF 1C
DBXI.DE,UCITS,Xtrackers FTSE MIB UCITS ETF 1D
SXRY.DE,UCITS,iShares VII PLC - iShares FTSE MIB ETF EUR Acc
CEMS.DE,UCITS,iShares Edge MSCI Europe Value Factor UCITS ETF EUR (Acc)
SYBD.DE,UCITS,SPDR Bloomberg 0-3 Year Euro Corporate Bond UCITS ETF
6PSC.DE,UCITS,Invesco FTSE RAFI Europe UCITS ETF
EHDV.DE,UCITS,Invesco EURO STOXX High Dividend Low Volatility UCITS ETF
LYPD.DE,UCITS,Amundi MSCI World Financials UCITS ETF EUR Acc
SXR3.DE,UCITS,iShares VII PLC - iShares MSCI UK ETF GBP Acc
JMLP.DE,UCITS,Alerian Midstream Energy Dividend UCITS ETF
TCRS.DE,UCITS,Janus Henderson HMT Global IG Credit Curve Steepener Core UCITS ETF Acc
SMLP.DE,UCITS,Invesco Morningstar US Energy Infrastructure MLP UCITS ETF
WTEE.DE,UCITS,WisdomTree Europe Equity Income UCITS ETF
SMLD.DE,UCITS,Invesco Morningstar US Energy Infrastructure MLP UCITS ETF (Dist)
EUHI.DE,UCITS,PIMCO Advantage Euro Short-Term High Yield Corporate Bond Index UCITS ETF EUR Income
VUKE.DE,UCITS,Vanguard FTSE 100 UCITS ETF
UBUD.DE,UCITS,UBS Solactive Global Pure Gold Miners UCITS ETF USD dis
F702.DE,UCITS,Amundi Multi-Asset Portfolio Defensive UCITS ETF Dist
DXSA.DE,UCITS,Xtrackers Euro Stoxx Quality Dividend UCITS ETF
SXRW.DE,UCITS,iShares VII PLC - iShares Core FTSE 100 ETF GBP Acc
XDWF.DE,UCITS,Xtrackers MSCI World Financials UCITS ETF 1C
XML4.DE,UCITS,L&G UK Equity UCITS ETF
IUSZ.DE,UCITS,iShares Core FTSE 100 UCITS ETF GBP (Dist)
XDUK.DE,UCITS,Xtrackers FTSE 100 UCITS ETF 1C
EUHA.DE,UCITS,PIMCO Advantage Euro Short-Term High Yield Corporate Bond Index UCITS ETF EUR Accumulation
IQSA.DE,UCITS,Invesco Global Active ESG Equity UCITS ETF USD Acc
VUKG.DE,UCITS,Vanguard FTSE 100 UCITS ETF GBP Accumulation
XUKX.DE,UCITS,Xtrackers FTSE 100 Income UCITS ETF 1D
XB4A.DE,UCITS,Xtrackers ATX UCITS ETF 1C
LGWS.DE,UCITS,Amundi MSCI EMU Value Factor ETF Distribution
IQQD.DE,UCITS,iShares UK Dividend UCITS ETF GBP (Dist)
D100.DE,UCITS,Amundi FTSE 100 Swap UCITS ETF Dist
DX2E.DE,UCITS,Xtrackers S&P Global Infrastructure Swap UCITS ETF
H4ZB.DE,UCITS,HSBC FTSE 100 UCITS ETF
XDWI.DE,UCITS,Xtrackers MSCI World Industrials UCITS ETF 1C
UIM3.DE,UCITS,UBS FTSE 100 UCITS ETF GBP dis
EXH5.DE,UCITS,iShares STOXX Europe 600 Insurance UCITS ETF (DE)
EXW3.DE,UCITS,iShares STOXX Europe 600 Top 20 UCITS ETF (DE)
QDVL.DE,UCITS,iShares € Corp Bond 0-3yr ESG SRI UCITS ETF EUR (Dist)
EL4Y.DE,UCITS,Deka STOXX Europe 50 UCITS ETF
TSWE.DE,UCITS,VanEck World Equal Weight Screened UCITS ETF
EXSH.DE,UCITS,iShares STOXX Europe Select Dividend 30 UCITS ETF (DE)
EXXX.DE,UCITS,iShares ATX UCITS ETF (DE)
ELFB.DE,UCITS,Deka Euro Prime ESG UCITS ETF
EGV1.DE,UCITS,Multi Units Luxembourg - Amundi STOXX Europe 600 Insurance UCITS ETF Inc
LIRU.DE,UCITS,Multi Units Luxembourg - Amundi STOXX Europe 600 Insurance UCITS ETF Acc
WTDX.DE,UCITS,WisdomTree Japan Equity UCITS ETF - USD Hedged
UIQ4.DE,UCITS,UBS Euro Equity Defensive Put Write SF UCITS ETF EUR acc
18MQ.DE,UCITS,Amundi ETF MSCI World ex Europe EUR A/I
NS4E.DE,UCITS,Invesco JPX-Nikkei 400 UCITS ETF (EUR Hdg)
AE50.DE,UCITS,Amundi ETF Stoxx Europe 50 UCITS ETF
JP4H.DE,UCITS,Amundi Index Solutions - Amundi JPX-Nikkei 400
SC0Y.DE,UCITS,Invesco STOXX Europe 600 Optimised Insurance UCITS ETF
TTPX.DE,UCITS,Amundi Index Solutions - Amundi Japan Topix UCITS ETF-C EUR Hedged
2B7I.DE,UCITS,ISH EU VALUE EUR-AC
XDW0.DE,UCITS,Xtrackers MSCI World Energy UCITS ETF 1C
SELD.DE,UCITS,Amundi Stoxx Europe Select Dividend 30 UCITS ETF D
ETLX.DE,UCITS,L&G Gold Mining UCITS ETF
ZPDW.DE,UCITS,SPDR MSCI Japan EUR Hdg UCITS ETF
UIM9.DE,UCITS,UBS MSCI Canada UCITS ETF CAD dis
FLXX.DE,UCITS,Franklin Global Quality Dividend UCITS ETF
GRX.DE,UCITS,Expat Greece ASE UCITS ETF
5MVW.DE,UCITS,iShares MSCI World Energy Sector UCITS ETF USD Inc
BGX.DE,UCITS,Expat Bulgaria SOFIX UCITS ETF
UET5.DE,UCITS,UBS EURO STOXX 50 ESG UCITS ETF EUR dis
EJAH.DE,UCITS,BNP Paribas Easy MSCI Japan Min TE UCITS ETF H EUR Cap
UFMA.DE,UCITS,UBS Core MSCI Japan UCITS ETF hEUR acc
IBCG.DE,UCITS,iShares MSCI Japan EUR Hedged UCITS ETF (Acc)
IS0E.DE,UCITS,iShares Gold Producers UCITS ETF USD (Acc)
LOGS.DE,UCITS,Amundi STOXX Europe 600 Energy ESG Screened
OIGS.DE,UCITS,Multi Units Luxembourg - Amundi STOXX Europe 600 Energy ESG Screened UCITS ETF Inc
EXSC.DE,UCITS,iShares STOXX Europe Large 200 UCITS ETF (DE)
JPGL.DE,UCITS,JPM Global Equity Multi-Factor UCITS ETF
VJPE.DE,UCITS,Vanguard FTSE Japan UCITS ETF EUR Hedged Accumulation
EXXW.DE,UCITS,iShares Dow Jones Asia Pacific Select Dividend 50 UCITS ETF (DE)
OPEN.DE,UCITS,iShares Inclusion and Diversity UCITS ETF
EUN1.DE,UCITS,iShares II Public Limited Company - iShares STOXX Europe 50 UCITS ETF
EDEU.DE,UCITS,BNP Paribas Easy Dividend Europe UCITS ETF Capitalisation
XMK9.DE,UCITS,Xtrackers MSCI Japan UCITS ETF 4C EUR Hedged
IBC0.DE,UCITS,iShares STOXX Europe Equity Multifactor UCITS ETF EUR (Acc)
CEBP.DE,UCITS,iShares VII PLC - iShares MSCI EMU USD Hedged ETF Acc
JPNH.DE,UCITS,Amundi Japan TOPIX II UCITS ETF
LCUK.DE,UCITS,Amundi UK Equity All Cap UCITS ETF
ZPDE.DE,UCITS,SPDR S&P U.S. Energy Select Sector UCITS ETF
QVMP.DE,UCITS,Invesco S&P 500 QVM UCITS ETF
ELFC.DE,UCITS,Deka EURO iSTOXX ex Fin Dividend+ UCITS ETF
XUEN.DE,UCITS,Xtrackers MSCI USA Energy UCITS ETF 1D
ZPRD.DE,UCITS,SPDR FTSE UK All Share UCITS ETF GBP (Dist)
G2X.DE,UCITS,VanEck Gold Miners UCITS ETF
SPYF.DE,UCITS,SPDR FTSE UK All Share UCITS ETF
QDVF.DE,UCITS,iShares S&P 500 Energy Sector UCITS ETF USD (Acc)
UIME.DE,UCITS,UBS MSCI EMU Value UCITS ETF EUR dis
D5BH.DE,UCITS,Xtrackers MSCI Canada Screened UCITS ETF 1C
LSMC.DE,UCITS,Amundi MSCI Semiconductors ESG Screened UCITS ETF
JNHD.DE,UCITS,Amundi Core MSCI Japan UCITS ETF EUR Hedged Dist
XDNE.DE,UCITS,Xtrackers MSCI Japan Screened UCITS ETF 3C EUR Hedged
ZPDI.DE,UCITS,SPDR S&P U.S. Industrials Select Sector UCITS ETF
2B7C.DE,UCITS,iShares V PLC - iShares S&P 500 Industrials Sector UCITS ETF
FGEQ.DE,UCITS,Fidelity Global Quality Income ETF Inc
V3ET.DE,UCITS,VanEck European Equal Weight Screened UCITS ETF
IUSL.DE,UCITS,iShares Dow Jones Global Leaders Screened UCITS ETF USD (Acc)
JREE.DE,UCITS,JPMorgan ETFs (Ireland) ICAV - Europe Research Enhanced Index Equity Active UCITS ETF - EUR (acc)
LYYA.DE,UCITS,Amundi MSCI World Swap II UCITS ETF Dist
IQSE.DE,UCITS,Invesco Global Active ESG Equity UCITS ETF EUR PfHedged Acc
SPP2.DE,UCITS,SPDR MSCI All Country World UCITS ETF USD Acc
EXI2.DE,UCITS,iShares Dow Jones Global Titans 50 UCITS ETF (DE)
SXR2.DE,UCITS,iShares VII PLC - iShares MSCI Canada ETF USD Acc
JREG.DE,UCITS,JPMorgan ETFs (Ireland) ICAV - Global Research Enhanced Index Equity Active UCITS ETF - USD (acc)
EUNK.DE,UCITS,iShares Core MSCI Europe UCITS ETF EUR (Acc)
H4ZR.DE,UCITS,HSBC MSCI Canada UCITS ETF
QDVW.DE,UCITS,iShares MSCI World Quality Dividend Advanced UCITS ETF USD (Dist)
UBUM.DE,UCITS,UBS S&P Dividend Aristocrats ESG Elite UCITS ETF USD dis
SPYQ.DE,UCITS,SPDR MSCI Europe Industrials UCITS ETF
PRAE.DE,UCITS,Amundi Index Solutions - Amundi Prime Europe UCITS ETF DR (C)
EXH1.DE,UCITS,iShares STOXX Europe 600 Oil & Gas UCITS ETF (DE)
VGEU.DE,UCITS,Vanguard FTSE Developed Europe UCITS ETF
VWCG.DE,UCITS,Vanguard FTSE Developed Europe UCITS ETF EUR Accumulation
VLEU.DE,UCITS,BNP Paribas Easy Low Vol EuropeUCITS ETF Cap
VLED.DE,UCITS,BNP Paribas Easy Low Vol Europe UCITS ETF Dis
SC0V.DE,UCITS,Invesco STOXX Europe 600 Optimised Oil & Gas UCITS ETF
10AI.DE,UCITS,Amundi Index Solutions - Amundi Core MSCI Europe UCITS ETF DR EUR
XUIN.DE,UCITS,Xtrackers MSCI USA Industrials UCITS ETF 1D
H4ZE.DE,UCITS,HSBC MSCI Europe UCITS ETF
IQQX.DE,UCITS,iShares Asia Pacific Dividend UCITS ETF USD (Dist)
QDVX.DE,UCITS,iShares MSCI Europe Quality Dividend Advanced UCITS ETF EUR (Dist)
SC0E.DE,UCITS,Invesco MSCI Europe UCITS ETF
SPYE.DE,UCITS,SPDR MSCI Europe UCITS ETF
PR1E.DE,UCITS,Amundi Index Solutions - Amundi Prime Europe UCITS ETF DR
EL42.DE,UCITS,Deka MSCI Europe UCITS ETF
ELFW.DE,UCITS,Deka MSCI World UCITS ETF
EMEC.DE,UCITS,BNP Paribas Easy ECPI Circular Economy Leaders UCITS ETF Cap
WTEI.DE,UCITS,WisdomTree Emerging Markets Equity Income UCITS ETF
BBCK.DE,UCITS,Invesco Global Buyback Achievers UCITS ETF
WTD8.DE,UCITS,WisdomTree Emerging Markets Equity Income UCITS ETF - Acc
AMEW.DE,UCITS,Amundi Index Solutions - Amundi MSCI World Swap UCITS ETF EUR Acc
OP5H.DE,UCITS,OSSIAM MSCI JAPAN NR 1C Hedged Index EUR
D5BI.DE,UCITS,Xtrackers MSCI Mexico UCITS ETF 1C
5MVL.DE,UCITS,iShares Edge MSCI EM Value Factor UCITS ETF USD (Acc)
LYY0.DE,UCITS,Amundi MSCI All Country World UCITS ETF EUR Acc
6PSA.DE,UCITS,Invesco FTSE RAFI US 1000 UCITS ETF
LEER.DE,UCITS,Amundi MSCI Eastern Europe Ex Russia UCITS ETF
VGVF.DE,UCITS,Vanguard FTSE Developed World UCITS ETF USD Accumulation
UIMF.DE,UCITS,UBS Core MSCI Europe UCITS ETF hEUR acc
CEBG.DE,UCITS,iShares VII PLC - iShares MSCI Mexico Capped ETF USD Acc
XSLR.DE,UCITS,XTrackers ETC PLC             E
EXSA.DE,UCITS,iShares STOXX Europe 600 UCITS ETF (DE) EUR (Dist)
VGVE.DE,UCITS,Vanguard FTSE Developed World UCITS ETF USD Distributing
XSVT.DE,UCITS,Xtrackers Bloomberg Commodity ex-Agriculture & Livestock Swap UCITS ETF 2C USD
H41J.DE,UCITS,HSBC Multi Factor Worldwide Equity UCITS ETF
XSX6.DE,UCITS,Xtrackers Stoxx Europe 600 UCITS ETF 1C
V80A.DE,UCITS,Vanguard LifeStrategy 80% Equity UCITS ETF (EUR) Accumulating
WTDH.DE,UCITS,WisdomTree Europe Equity UCITS ETF - USD Hedged
ETSA.DE,UCITS,BNP Paribas Easy Stoxx Europe 600 UCITS ETF EUR C/D
VGWE.DE,UCITS,Vanguard FTSE All-World High Dividend Yield UCITS ETF USD Accumulation
ELFA.DE,UCITS,Deka EURO STOXX 50 ESG Filtered UCITS ETF
V80D.DE,UCITS,Vanguard LifeStrategy 80% Equity UCITS ETF (EUR) Distributing
H41C.DE,UCITS,HSBC Developed World Screened Equity UCITS ETF
SPPW.DE,UCITS,SPDR MSCI World UCITS ETF
ETSZ.DE,UCITS,BNP Paribas Easy Stoxx Europe 600 UCITS ETF EUR C
WTEU.DE,UCITS,WisdomTree US Equity Income UCITS ETF
SC0C.DE,UCITS,Invesco STOXX Europe 600 UCITS ETF
UFMB.DE,UCITS,UBS MSCI United Kingdom UCITS ETF hEUR acc
S5SD.DE,UCITS,UBS S&P 500 Scored & Screened UCITS ETF USD dis
5ESG.DE,UCITS,Invesco S&P 500 Scored & Screened ETF Acc
4UBQ.DE,UCITS,UBS S&P 500 Scored & Screened UCITS ETF USD acc
EUN0.DE,UCITS,iShares Edge MSCI Europe Minimum Volatility UCITS ETF EUR (Acc)
ETL2.DE,UCITS,L&G Longer Dated All Commodities UCITS ETF
SLMC.DE,UCITS,iShares MSCI Europe Screened UCITS ETF EUR (Acc)
SLMD.DE,UCITS,iShares MSCI Europe Screened UCITS ETF EUR (Dist)
IQQY.DE,UCITS,iShares Core MSCI Europe UCITS ETF EUR (Dist)
XMAW.DE,UCITS,Xtrackers MSCI AC World Screened UCITS ETF 1C
EUNL.DE,UCITS,iShares Core MSCI World UCITS ETF USD (Acc)
XDWD.DE,UCITS,Xtrackers MSCI World UCITS ETF 1C
SC0J.DE,UCITS,Invesco MSCI World UCITS ETF
WTD9.DE,UCITS,WisdomTree US Equity Income UCITS ETF - Acc
IS0H.DE,UCITS,iShares V Public Limited Company - iShares Austria Government Bond UCITS ETF
VWCE.DE,UCITS,Vanguard FTSE All-World UCITS ETF USD Accumulation
OP4E.DE,UCITS,OSSIAM BLOOMBERG EUROPE ex EUROZONE PAB NR 1C EUR
VGWL.DE,UCITS,Vanguard FTSE All-World UCITS ETF
UBU7.DE,UCITS,UBS Core MSCI World UCITS ETF USD dis
UETW.DE,UCITS,UBS Core MSCI World UCITS ETF USD acc
LYY5.DE,UCITS,Amundi MSCI Europe UCITS ETF Acc
AHYQ.DE,UCITS,Amundi Index Solutions - Amundi Core MSCI World Swap UCITS ETF Dist
ETLQ.DE,UCITS,L&G Global Equity UCITS ETF
ZPDX.DE,UCITS,SPDR STOXX Europe 600 SRI UCITS ETF EUR Acc
WTDM.DE,UCITS,WisdomTree US Quality Dividend Growth UCITS ETF - USD Acc
ACM9.DE,UCITS,Amundi MSCI World ex EMU UCITS ETF Acc
EEUX.DE,UCITS,BNP Paribas Easy MSCI Europe Min TE UCITS ETF Cap
IUSQ.DE,UCITS,iShares MSCI ACWI UCITS ETF USD Acc
SPPY.DE,UCITS,SPDR S&P 500 Leaders UCITS ETF
C030.DE,UCITS,Amundi Index Solutions - Amundi DJ Switzerland Titans 30 UCITS ETF CHF Distributing
CEUG.DE,UCITS,Amundi MSCI Europe ESG Broad Transition - UCITS ETF DR - EUR (C)
XSXE.DE,UCITS,Xtrackers Stoxx Europe 600 UCITS ETF 2C - EUR Hedged
QDVD.DE,UCITS,iShares MSCI USA Quality Dividend Advanced UCITS ETF USD (Dist)
LYTR.DE,UCITS,Amundi Bloomberg Equal-weight Commodity ex-Agriculture UCITS ETF Acc
WTED.DE,UCITS,WisdomTree Emerging Markets SmallCap Dividend UCITS ETF
DBXW.DE,UCITS,Xtrackers MSCI World Swap UCITS ETF
H4ZJ.DE,UCITS,HSBC MSCI World UCITS ETF
PRAZ.DE,UCITS,Amundi Index Solutions - Amundi Prime Eurozone UCITS ETF DR (C)
MIVA.DE,UCITS,Amundi Index Solutions - Amundi MSCI Europe Minimum Volatility Factor UCITS ETF-C
XESC.DE,UCITS,Xtrackers Euro Stoxx 50 UCITS ETF 1C
XESX.DE,UCITS,Xtrackers Euro Stoxx 50 UCITS ETF 1D
ETBB.DE,UCITS,BNP Paribas Easy Euro Stoxx 50 UCITS ETF EUR C/D
UIM1.DE,UCITS,UBS EURO STOXX 50 UCITS ETF EUR dis
SXRT.DE,UCITS,iShares VII PLC - iShares Core EURO STOXX 50 ETF EUR Acc
EXW1.DE,UCITS,iShares Core EURO STOXX 50 UCITS ETF (DE)
EL4G.DE,UCITS,Deka EURO STOXX Select Dividend 30 UCITS ETF
ETDD.DE,UCITS,BNP Paribas Easy Euro Stoxx 50 UCITS ETF EUR C
SPYY.DE,UCITS,SPDR MSCI All Country World UCITS ETF
SPYN.DE,UCITS,SPDR MSCI Europe Energy UCITS ETF
EL4B.DE,UCITS,Deka EURO STOXX 50 UCITS ETF
S6DW.DE,UCITS,iShares MSCI World Screened UCITS ETF USD (Dist)
H4ZA.DE,UCITS,HSBC EURO STOXX 50 UCITS ETF
SNAW.DE,UCITS,iShares MSCI World Screened UCITS ETF USD (Acc)
V50D.DE,UCITS,Amundi Core EURO STOXX 50 UCITS ETF EUR Dist
V50A.DE,UCITS,Amundi Core EURO STOXX 50 UCITS ETF EUR Acc
XDJE.DE,UCITS,Xtrackers Nikkei 225 UCITS ETF 2D EUR Hedged
LYP6.DE,UCITS,Amundi Core Stoxx Europe 600 UCITS ETF Acc
BCFU.DE,UCITS,UBS BBG Commodity CMCI SF UCITS ETF USD acc
FTGE.DE,UCITS,First Trust Eurozone AlphaDEX UCITS ETF Class A Shares
PR1Z.DE,UCITS,Amundi Index Solutions - Amundi Prime Eurozone UCITS ETF DR
LYPS.DE,UCITS,Amundi Core S&P 500 Swap UCITS ETF EUR Dist
EXSG.DE,UCITS,iShares EURO STOXX Select Dividend 30 UCITS ETF (DE)
XDWL.DE,UCITS,Xtrackers MSCI World UCITS ETF 1D
UIM7.DE,UCITS,UBS MSCI World UCITS ETF USD dis
IQQW.DE,UCITS,iShares MSCI World UCITS ETF USD (Dist)
IQQA.DE,UCITS,iShares Euro Dividend UCITS ETF EUR Dist
S6X0.DE,UCITS,Invesco EURO STOXX 50 UCITS ETF (Dist)
SC0D.DE,UCITS,Invesco EURO STOXX 50 UCITS ETF
ESIE.DE,UCITS,iShares MSCI Europe Energy Sector UCITS ETF
ESGW.DE,UCITS,Invesco MSCI World Universal Screened UCITS ETF
WDNR.DE,UCITS,Amundi Global Bioenergy UCITS ETF EUR Acc
AME6.DE,UCITS,Amundi Index Solutions - AMUNDI STOXX EUROPE 600 ESG - UCITS ETF DR - EUR (C)
CD91.DE,UCITS,Amundi Index Solutions - Amundi NYSE Arca Gold BUGS UCITS ETF USD Distributing
UEQU.DE,UCITS,UBS CMCI ex-Agriculture SF UCITS ETF USD acc
ESEE.DE,UCITS,BNP Paribas Easy S&P 500 UCITS ETF EUR C
D6RP.DE,UCITS,Deka MSCI World Climate Change ESG CTB UCITS ETF
EXH9.DE,UCITS,iShares STOXX Europe 600 Utilities UCITS ETF (DE)
FUSA.DE,UCITS,Fidelity US Quality Income UCITS ETF Acc
FUSD.DE,UCITS,Fidelity US Quality Income UCITS ETF Inc
ESGE.DE,UCITS,Invesco MSCI Europe Universal Screened UCITS ETF
XASX.DE,UCITS,Xtrackers - Xtrackers MSCI UK ESG UCITS ETF 1D
SPYU.DE,UCITS,SPDR MSCI Europe Utilities UCITS ETF
UIQK.DE,UCITS,UBS CMCI Composite SF UCITS ETF USD acc
CEMR.DE,UCITS,iShares Edge MSCI Europe Momentum Factor UCITS ETF EUR (Acc)
SPYW.DE,UCITS,SPDR S&P Euro Dividend Aristocrats UCITS ETF
AUM5.DE,UCITS,Amundi Index Solutions - Amundi S&P 500 Swap UCITS ETF EUR Acc
JRUD.DE,UCITS,JPMorgan ETFs (Ireland) ICAV - US Research Enhanced Index Equity Active UCITS ETF - USD (dist)
I500.DE,UCITS,iShares S&P 500 Swap UCITS ETF
EUPE.DE,UCITS,Ossiam Shiller Barclays Cape Europe Sector Value TR UCITS ETF 1C EUR Acc
EMXC.DE,UCITS,Amundi MSCI Emerging Ex China UCITS ETF Acc
EXSI.DE,UCITS,iShares EURO STOXX UCITS ETF (DE)
JREU.DE,UCITS,JPMorgan ETFs (Ireland) ICAV - US Research Enhanced Index Equity Active UCITS ETF - USD (acc)
MJMT.DE,UCITS,Amundi Index Solutions - Amundi MSCI Europe Momentum Factor UCITS ETF-C
SPYI.DE,UCITS,SPDR MSCI All Country World Investable Market UCITS ETF
M9SD.DE,UCITS,Market Access NYSE Arca Gold BUGS Index UCITS ETF
XMEA.DE,UCITS,"Xtrackers MSCI EM Europe, Middle East & Africa ESG Swap UCITS ETF 1C"
MXUK.DE,UCITS,Invesco MSCI Europe ex-UK UCITS ETF
SXR7.DE,UCITS,iShares VII PLC -iShares Core MSCI EMU UCITS ETF EUR (Acc)
STXH.DE,UCITS,Amundi Core Stoxx Europe 600 UCITS ETF EUR Hedged Dist
LUTI.DE,UCITS,Lyxor Index Fund - Lyxor Stoxx Europe 600 Utilities UCITS ETF Acc
G2XJ.DE,UCITS,VanEck Junior Gold Miners UCITS ETF
MWOP.DE,UCITS,Amundi MSCI World ESG Selection UCITS ETF ACC
ESEA.DE,UCITS,BNP Paribas Easy S&P 500 UCITS ETF
JPCT.DE,UCITS,JPMorgan ETFs (Ireland) ICAV - Carbon Transition Global Equity (CTB) UCITS ETF
LUTL.DE,UCITS,Multi Units Luxembourg - Amundi STOXX Europe 600 Utilities UCITS ETF Inc
UIM4.DE,UCITS,UBS Core MSCI EMU UCITS ETF EUR dis
XD5E.DE,UCITS,Xtrackers MSCI EMU UCITS ETF 1D
SC01.DE,UCITS,Invesco STOXX Europe 600 Optimised Construction & Materials UCITS ETF
D5BM.DE,UCITS,Xtrackers S&P 500 Swap UCITS ETF 1C
EXV8.DE,UCITS,iShares STOXX Europe 600 Construction & Materials UCITS ETF (DE)
XDEQ.DE,UCITS,Xtrackers MSCI World Quality UCITS ETF 1C
VERE.DE,UCITS,Vanguard FTSE Developed Europe ex UK UCITS ETF Accuimulation
VERX.DE,UCITS,Vanguard FTSE Developed Europe ex UK UCITS ETF Distributing
UIQN.DE,UCITS,UBS MSCI EMU Select Factor Mix UCITS ETF EUR acc
IS3Q.DE,UCITS,iShares Edge MSCI World Quality Factor UCITS ETF USD (Acc)
ZPRE.DE,UCITS,SPDR MSCI EMU UCITS ETF
P500.DE,UCITS,Invesco S&P 500 UCITS ETF
EUNW.DE,UCITS,iShares € High Yield Corp Bond UCITS ETF EUR (Dist)
EDM6.DE,UCITS,iShares MSCI Europe CTB Enhanced ESG UCITS ETF EUR Acc
IUSA.DE,UCITS,iShares Core S&P 500 UCITS ETF USD Dist
SXR8.DE,UCITS,iShares Core S&P 500 UCITS ETF USD (Acc)
FLXU.DE,UCITS,Franklin U.S. Equity UCITS ETF
CE8G.DE,UCITS,Amundi Index Solutions - Amundi MSCI World Ex Europe ETF-C EUR
XHY1.DE,UCITS,Xtrackers II Rolling Target Maturity Sept 2027 EUR High Yield UCITS ETF 1D
SPY5.DE,UCITS,SPDR S&P 500 UCITS ETF
XBAS.DE,UCITS,Xtrackers MSCI Singapore UCITS ETF 1C
EMNU.DE,UCITS,iShares MSCI Europe CTB Enhanced ESG UCITS ETF EUR Inc
FEUR.DE,UCITS,Fidelity Europe Equity Research Enhanced UCITS ETF EUR Acc
LYSX.DE,UCITS,Amundi EURO STOXX 50 II UCITS ETF
EXV2.DE,UCITS,iShares STOXX Europe 600 Telecommunications UCITS ETF (DE)
EUN2.DE,UCITS,iShares Core EURO STOXX 50 UCITS ETF EUR (Dist)
H413.DE,UCITS,HSBC Europe Screened Equity UCITS ETF
ETLN.DE,UCITS,L&G Europe ex UK Equity UCITS ETF
XIEE.DE,UCITS,Xtrackers MSCI Europe UCITS ETF 1D
XMEU.DE,UCITS,Xtrackers MSCI Europe UCITS ETF 1C
F703.DE,UCITS,Amundi Multi-Asset Portfolio Offensive UCITS ETF Dist
6TVM.DE,UCITS,Amundi Core S&P 500 Swap UCITS ETF USD Dist
EXXV.DE,UCITS,iShares Dow Jones Eurozone Sustainability Screened UCITS ETF (DE)
XSMI.DE,UCITS,Xtrackers Switzerland UCITS ETF 1D
LTCM.DE,UCITS,Lyxor Index Fund - Lyxor Stoxx Europe 600 Telecommunications UCITS ETF Acc
INDB.DE,UCITS,MULTI-UNITS LUXEMBOURG - Lyxor STOXX Europe 600 Telecommunications UCITS ETF 2
VUSA.DE,UCITS,Vanguard S&P 500 UCITS ETF
GSDE.DE,UCITS,BNP Paribas Easy Energy & Metals Enhanced Roll
H4ZF.DE,UCITS,HSBC S&P 500 UCITS ETF
IS3G.DE,UCITS,iShares MSCI EMU Large Cap UCITS ETF EUR (Acc)
U1FB.DE,UCITS,UBS MSCI Japan Socially Responsible UCITS ETF hEUR acc
ESAP.DE,UCITS,BNP Paribas Easy S&P 500 UCITS ETF
IBCZ.DE,UCITS,iShares STOXX World Equity Multifactor UCITS ETF USD (Acc)
XZW0.DE,UCITS,Xtrackers MSCI World ESG UCITS ETF 1C
XUEK.DE,UCITS,Xtrackers S&P Europe ex UK UCITS ETF 1D
XDND.DE,UCITS,Xtrackers MSCI North America High Dividend Yield UCITS ETF 1C
VUAA.DE,UCITS,Vanguard S&P 500 UCITS ETF USD Accumulation
FGLR.DE,UCITS,Fidelity Global Equity Research Enhanced UCITS ETF USD Acc
IBCH.DE,UCITS,iShares MSCI World EUR Hedged UCITS ETF (Acc)
IQQU.DE,UCITS,iShares MSCI Europe ex-UK UCITS ETF EUR (Dist)
540H.DE,UCITS,Amundi MSCI Europe Ex EMU ESG Selection UCITS ETF Acc
XS6R.DE,UCITS,Xtrackers MSCI Europe Utilities Screened UCITS ETF 1C
ZPRG.DE,UCITS,SPDR S&P Global Dividend Aristocrats UCITS ETF
XUCS.DE,UCITS,Xtrackers MSCI USA Consumer Staples UCITS ETF 1D
UIMZ.DE,UCITS,UBS Factor MSCI EMU Prime Value Screened UCITS ETF EUR dis
WTEQ.DE,UCITS,WisdomTree Global Quality Dividend Growth UCITS ETF - USD
FGEU.DE,UCITS,Fidelity Global Quality Income UCITS ETF EUR Hedged Inc
EMUX.DE,UCITS,BNP Paribas Easy MSCI EMU Min TE UCITS ETF - EUR
SLMB.DE,UCITS,iShares MSCI EMU Screened UCITS ETF EUR (Dist)
DJAM.DE,UCITS,Amundi Dow Jones Industrial Average UCITS ETF Dist
WMIN.DE,UCITS,VanEck S&P Global Mining UCITS ETF
540J.DE,UCITS,Amundi Index Solutions - Amundi MSCI Switzerland UCITS ETF-C EUR
F701.DE,UCITS,Amundi Multi-Asset Portfolio UCITS ETF Dist
LMVF.DE,UCITS,Amundi Core MSCI EMU UCITS ETF Dist
SC0Q.DE,UCITS,Invesco STOXX Europe 600 Optimised Telecommunications UCITS ETF
UBU5.DE,UCITS,UBS MSCI USA Value UCITS ETF USD dis
2B7D.DE,UCITS,iShares V PLC - iShares S&P 500 Consumer Staples Sector UCITS ETF
SLMA.DE,UCITS,iShares MSCI EMU Screened UCITS ETF EUR (Acc)
EXX5.DE,UCITS,iShares Dow Jones U.S. Select Dividend UCITS ETF (DE)
QDVE.DE,UCITS,iShares S&P 500 Information Technology Sector UCITS ETF USD (Acc)
EDM4.DE,UCITS,iShares MSCI EMU CTB Enhanced ESG UCITS ETF EUR Acc
ZPRL.DE,UCITS,SPDR EURO STOXX Low Volatility UCITS ETF
V60D.DE,UCITS,Vanguard LifeStrategy 60% Equity UCITS ETF (EUR) Distributing
18M2.DE,UCITS,Amundi MSCI EMU High Dividend UCITS ETF Acc
DX2Z.DE,UCITS,Xtrackers S&P Select Frontier Swap UCITS ETF
XDWU.DE,UCITS,Xtrackers MSCI World Utilities UCITS ETF 1C
XHYG.DE,UCITS,Xtrackers II EUR High Yield Corporate Bond UCITS ETF 1D
XHYA.DE,UCITS,Xtrackers II EUR High Yield Corporate Bond UCITS ETF 1C
V60A.DE,UCITS,Vanguard LifeStrategy 60% Equity UCITS ETF (EUR) Accumulating
UIMA.DE,UCITS,UBS Core MSCI Europe UCITS ETF EUR dis
SXRU.DE,UCITS,iShares VII PLC - iShares Dow Jones Indust Avg ETF USD Acc
VVSM.DE,UCITS,VanEck Semiconductor UCITS ETF
EL4I.DE,UCITS,Deka MSCI USA LC UCITS ETF
EMNE.DE,UCITS,iShares MSCI EMU CTB Enhanced ESG UCITS ETF EUR Inc
FUSR.DE,UCITS,Fidelity US Equity Research Enhanced UCITS ETF USD Acc
DXS0.DE,UCITS,Xtrackers SLI UCITS ETF
VNRT.DE,UCITS,Vanguard FTSE North America UCITS ETF
VNRA.DE,UCITS,Vanguard FTSE North America UCITS ETF USD Accumulation
SC0Z.DE,UCITS,Invesco STOXX Europe 600 Optimised Utilities UCITS ETF
EDMW.DE,UCITS,iShares MSCI World CTB Enhanced ESG UCITS ETF USD Acc
WTEM.DE,UCITS,WisdomTree Global Quality Dividend Growth UCITS ETF - USD Acc
XZMU.DE,UCITS,Xtrackers MSCI USA ESG UCITS ETF 1C
DBX5.DE,UCITS,Xtrackers MSCI Taiwan UCITS ETF 1C
SC0H.DE,UCITS,Invesco MSCI USA UCITS ETF
DELF.DE,UCITS,L&G MSCI Europe Climate Pathway UCITS ETF
XGLF.DE,UCITS,Xtrackers MSCI GCC Select Swap UCITS ETF 1C
USCP.DE,UCITS,Ossiam Shiller Barclays Cape US Sector Value TR 1C (EUR)
FVSJ.DE,UCITS,Franklin FTSE Asia ex China ex Japan UCITS ETF
18MN.DE,UCITS,Amundi Index Solutions - Amundi MSCI Switzerland
EUPC.DE,UCITS,Ossiam Shiller Barclays Cape US Sector Value TR 1C (USD)
XMUS.DE,UCITS,Xtrackers MSCI USA Swap UCITS ETF 1C
ROX.DE,UCITS,Expat Romania BET - BK UCITS ETF
SC0S.DE,UCITS,Invesco STOXX Europe 600 Optimised Industrial Goods & Services UCITS ETF
OSX4.DE,UCITS,Ossiam Europe ESG Machine Learning ETF UCITS 1C (EUR)
ETLS.DE,UCITS,L&G US Equity UCITS ETF
SLUS.DE,UCITS,iShares MSCI USA Screened UCITS ETF USD (Dist)
IUSD.DE,UCITS,iShares MSCI World Islamic UCITS ETF USD (Dist)
LGQG.DE,UCITS,Amundi MSCI EMU ESG Broad Transition UCITS ETF ACC
SGAS.DE,UCITS,iShares MSCI USA Screened UCITS ETF USD (Acc)
EMND.DE,UCITS,iShares MSCI World CTB Enhanced ESG UCITS ETF USD Inc
EABE.DE,UCITS,Amundi MSCI Europe Climate Paris Aligned UCITS ETF Acc
XD9U.DE,UCITS,Xtrackers MSCI USA UCITS ETF 1C
4UBB.DE,UCITS,UBS (Irl) ETF plc - MSCI USA UCITS ETF
FLX5.DE,UCITS,Franklin S&P 500 Paris Aligned Climate UCITS ETF
ZPAB.DE,UCITS,Amundi S&P Eurozone Climate Paris Aligned UCITS ETF Acc
SXRI.DE,UCITS,ISHS MSCI JP USD-AC
UBU3.DE,UCITS,UBS Core MSCI USA UCITS ETF USD dis
IQQN.DE,UCITS,iShares MSCI North America UCITS ETF USD (Dist)
SXR4.DE,UCITS,iShares VII PLC - iShares MSCI USA ETF USD Acc
8PSB.DE,UCITS,Invesco Physical Markets PLC  O
WEBH.DE,UCITS,Amundi Core MSCI USA UCITS ETF Acc
IS3F.DE,UCITS,iShares $ Corp Bond Interest Rate Hedged UCITS ETF USD (Dist)
EXI1.DE,UCITS,iShares SLI UCITS ETF (DE)
EXH4.DE,UCITS,iShares STOXX Europe 600 Industrial Goods & Services UCITS ETF (DE)
H412.DE,UCITS,HSBC USA Screened Equity UCITS ETF
MKK1.DE,UCITS,Expat Macedonia Mbi10 Ucits Etf
DBXD.DE,UCITS,Xtrackers DAX UCITS ETF 1C
BBUS.DE,UCITS,JPMorgan ETFs (Ireland) ICAV - BetaBuilders US Equity UCITS ETF - USD (acc)
UIMY.DE,UCITS,UBS Factor MSCI EMU Low Volatility UCITS ETF EUR dis
SPYX.DE,UCITS,SPDR MSCI Emerging Markets Small Cap UCITS ETF
EL4F.DE,UCITS,Deka DAX (ausschüttend) UCITS ETF
INDU.DE,UCITS,Amundi STOXX Europe 600 Industrials UCITS ETF Dist
LIGS.DE,UCITS,Amundi STOXX Europe 600 Industrials UCITS ETF Acc
XQUI.DE,UCITS,Xtrackers Portfolio UCITS ETF 1C
EL4A.DE,UCITS,Deka DAX UCITS ETF
UIM6.DE,UCITS,UBS MSCI USA UCITS ETF USD dis
H4ZU.DE,UCITS,HSBC MSCI Taiwan Capped UCITS ETF
C001.DE,UCITS,Amundi Index - Amundi Dax UCITS
EXS1.DE,UCITS,iShares Core DAX UCITS ETF (DE) EUR (Acc)
CG1G.DE,UCITS,Amundi ETF DAX UCITS ETF DR
QDVB.DE,UCITS,iShares Edge MSCI USA Quality Factor UCITS ETF USD (Acc)
AYE2.DE,UCITS,iShares € High Yield Corp Bond ESG SRI UCITS ETF EUR (Acc)
D6RQ.DE,UCITS,Deka MSCI USA Climate Change ESG CTB UCITS ETF
EXI3.DE,UCITS,iShares Dow Jones Industrial Average UCITS ETF (DE)
XDWS.DE,UCITS,Xtrackers MSCI World Consumer Staples UCITS ETF 1C
6PSK.DE,UCITS,Invesco FTSE RAFI Emerging Markets UCITS ETF
FEUQ.DE,UCITS,Fidelity Europe Quality Income UCITS ETF EUR Acc
VOOM.DE,UCITS,Amundi Global Gender Equality ETF Accumulation
WTIZ.DE,UCITS,WisdomTree Japan Equity UCITS ETF - USD Acc
QDVI.DE,UCITS,iShares Edge MSCI USA Value Factor UCITS ETF USD (Acc)
IUSF.DE,UCITS,iShares MSCI USA Islamic UCITS ETF
GGUE.DE,UCITS,UBS Global Gender Equality UCITS ETF hEUR acc
DX2G.DE,UCITS,Xtrackers CAC 40 UCITS ETF
EL4Z.DE,UCITS,Deka MSCI USA UCITS ETF
XDWY.DE,UCITS,Xtrackers MSCI World Screened UCITS ETF 1D
IBCK.DE,UCITS,iShares Edge S&P 500 Minimum Volatility UCITS ETF USD (Acc)
SYBJ.DE,UCITS,SPDR Bloomberg Euro High Yield Bond UCITS ETF
FEUI.DE,UCITS,Fidelity Europe Quality Income UCITS ETF EUR Inc
D500.DE,UCITS,Invesco S&P 500 UCITS ETF (Dist)
SPP1.DE,UCITS,SPDR MSCI All Country World EUR Hdg UCITS ETF (Acc)
XMVE.DE,UCITS,Xtrackers MSCI EMU Screened UCITS ETF 1D
GC40.DE,UCITS,Amundi Index Solutions - AMUNDI CAC 40 ESG UCITS ETF DR - EUR (C)
IS38.DE,UCITS,** SEE<IUSE.DE>
H4ZD.DE,UCITS,HSBC MSCI USA QUALITY UCITS ETF
LDAX.DE,UCITS,Amundi DAX II UCITS ETF Dist
ZPRX.DE,UCITS,SPDR MSCI Europe Small Cap Value Weighted UCITS ETF EUR Acc
LGQM.DE,UCITS,Amundi Pan Africa UCITS ETF Acc
IS3K.DE,UCITS,iShares $ Short Duration High Yield Corp Bond UCITS ETF
LYY7.DE,UCITS,Amundi DAX III UCITS ETF
ENOA.DE,UCITS,BNP Paribas Easy MSCI USA Min TE UCITS ETF Cap
B500.DE,UCITS,Amundi Index Solutions - Amundi S&P 500 Buyback
DELG.DE,UCITS,L&G US ESG Exclusions Paris Aligned UCITS ETF
WEBI.DE,UCITS,Amundi Core MSCI USA UCITS ETF Dist
GACA.DE,UCITS,Goldman Sachs ActiveBeta Paris-Aligned Sustainable US Large Cap Equity UCITS ETF USD Acc
GC=F,commodity,Gold
BTC-USD,crypto,Bitcoin
