symbol,name,price,assets,average_volume,ytd,asset_class
VOO,Vanguard S&P 500 ETF,$626.89,"$871,954","9,946,079",-0.04%,Equity
IVV,iShares Core S&P 500 ETF,$684.76,"$761,725","9,549,386",-0.03%,Equity
SPY,State Street SPDR S&P 500 ETF,$681.75,"$706,445","83,399,469",-0.02%,Equity
VTI,Vanguard Total Stock Market ETF,$336.65,"$589,172","5,349,884",0.41%,Equity
QQQ,Invesco QQQ Trust Series I,$601.92,"$399,401","57,540,047",-2.02%,Equity
VEA,Vanguard FTSE Developed Markets ETF,$68.76,"$216,332","18,806,656",10.07%,Equity
VUG,Vanguard Growth ETF,$457.98,"$198,942","1,477,122",-6.12%,Equity
IEFA,iShares Core MSCI EAFE ETF,$97.28,"$179,473","14,048,083",8.74%,Equity
GLD,SPDR Gold Shares,$462.62,"$175,674","16,972,217",16.73%,Commodity
VTV,Vanguard Value ETF,$206.13,"$171,847","4,301,670",7.93%,Equity
BND,Vanguard Total Bond Market ETF,$74.88,"$150,760","8,974,401",1.42%,Bond
IEMG,iShares Core MSCI Emerging Markets ETF,$74.97,"$145,344","16,015,372",11.53%,Equity
VXUS,Vanguard Total International Stock ETF,$82.40,"$141,791","8,063,822",9.23%,Equity
AGG,iShares Core U.S. Aggregate Bond ETF,$100.99,"$139,098","9,131,015",1.44%,Bond
IWF,iShares Russell 1000 Growth ETF,$447.17,"$118,059","2,189,414",-5.52%,Equity
VWO,Vanguard FTSE Emerging Markets ETF,$57.75,"$116,680","11,674,500",7.42%,Equity
VGT,Vanguard Information Technology ETF,$730.80,"$112,910","557,178",-3.05%,Equity
IJH,iShares Core S&P Mid-Cap ETF,$71.24,"$111,904","13,270,332",7.94%,Equity
SPYM,State Street SPDR Portfolio S&P 500 ETF,$80.20,"$106,952","11,330,522",-0.02%,Equity
VIG,Vanguard Dividend Appreciation ETF,$227.26,"$105,629","1,652,505",3.40%,Equity
IJR,iShares Core S&P Small-Cap ETF,$130.95,"$97,232","5,853,813",8.96%,Equity
VO,Vanguard Mid-Cap ETF,$302.14,"$95,514","798,592",4.11%,Equity
XLK,State Street Technology Select Sector SPDR ETF,$139.56,"$89,746","18,431,787",-3.06%,Equity
RSP,Invesco S&P 500® Equal Weight ETF,$202.87,"$86,913","19,085,787",5.90%,Equity
SCHD,Schwab US Dividend Equity ETF,$31.61,"$84,445","20,177,422",15.24%,Equity
ITOT,iShares Core S&P Total U.S. Stock Market ETF,$149.23,"$82,922","4,131,735",0.36%,Equity
IAU,iShares Gold Trust,$94.75,"$81,657","14,426,757",16.73%,Commodity
EFA,iShares MSCI EAFE ETF,$104.24,"$77,319","20,245,498",8.55%,Equity
IWM,iShares Russell 2000 ETF,$262.96,"$76,827","41,391,398",6.82%,Equity
BNDX,Vanguard Total International Bond ETF,$48.81,"$76,104","5,492,410",1.24%,Bond
VYM,Vanguard High Dividend Yield Index ETF,$155.37,"$75,624","1,663,076",8.26%,Equity
VB,Vanguard Small Cap ETF,$276.30,"$74,389","791,100",7.11%,Equity
SGOV,iShares 0-3 Month Treasury Bond ETF,$100.52,"$73,194","16,108,527",0.45%,Bond
QQQM,Invesco NASDAQ 100 ETF,$247.83,"$72,509","5,486,274",-2.01%,Equity
IWD,iShares Russell 1000 Value ETF,$223.71,"$69,860","4,300,108",6.36%,Equity
IVW,iShares S&P 500 Growth ETF,$119.01,"$65,147","3,391,005",-3.45%,Equity
VT,Vanguard Total World Stock ETF,$146.34,"$64,661","4,392,452",3.74%,Equity
SCHX,Schwab U.S. Large-Cap ETF,$26.88,"$64,504","20,910,725",-0.11%,Equity
VCIT,Vanguard Intermediate-Term Corporate Bond ETF,$84.49,"$63,992","10,998,305",1.28%,Bond
VEU,Vanguard FTSE All-World ex-US Index Fund,$80.48,"$61,761","3,417,287",9.41%,Equity
SCHF,Schwab International Equity ETF,$26.49,"$61,070","12,139,146",10.19%,Equity
IXUS,iShares Core MSCI Total International Stock ETF,$92.54,"$56,913","2,463,308",9.33%,Equity
XLF,State Street Financial Select Sector SPDR ETF,$51.65,"$53,653","45,106,004",-5.70%,Equity
IBIT,iShares Bitcoin Trust ETF,$38.97,"$51,529","70,975,398",-21.51%,Currency
SCHG,Schwab U.S. Large-Cap Growth ETF,$30.43,"$51,131","13,435,337",-6.71%,Equity
IVE,iShares S&P 500 Value ETF,$220.29,"$50,331","1,325,848",3.88%,Equity
QUAL,iShares MSCI USA Quality Factor ETF,$201.75,"$50,054","2,206,254",1.58%,Equity
IWR,iShares Russell Midcap ETF,$101.72,"$48,966","2,347,854",5.66%,Equity
VV,Vanguard Large Cap ETF,$313.21,"$47,775","326,521",-0.51%,Equity
IEF,iShares 7-10 Year Treasury Bond ETF,$97.21,"$47,224","9,305,982",1.42%,Bond
IWB,iShares Russell 1000 ETF,$373.74,"$46,768","1,360,613",0.08%,Equity
SMH,VanEck Semiconductor ETF,$407.72,"$46,570","7,467,118",13.21%,Equity
DIA,SPDR Dow Jones Industrial Average ETF Trust,$495.28,"$45,641","6,411,628",3.10%,Equity
SLV,iShares Silver Trust,$69.72,"$44,766","99,350,406",8.23%,Commodity
SPYG,State Street SPDR Portfolio S&P 500 Growth ETF,$103.01,"$44,542","4,519,729",-3.46%,Equity
TLT,iShares 20+ Year Treasury Bond ETF,$89.72,"$44,273","36,456,168",3.33%,Bond
JEPI,JPMorgan Equity Premium Income Fund,$59.31,"$43,935","5,196,981",4.22%,Equity
BSV,Vanguard Short-Term Bond ETF,$79.10,"$43,499","3,446,735",0.70%,Bond
BIL,State Street SPDR Bloomberg 1-3 Month T-Bill ETF,$91.51,"$42,823","8,766,728",0.44%,Bond
MUB,iShares National Muni Bond ETF,$108.26,"$42,650","3,836,287",1.33%,Bond
DFAC,Dimensional U.S. Core Equity 2 ETF,$40.79,"$42,630","2,854,827",3.03%,Equity
VTEB,Vanguard Tax-Exempt Bond ETF,$50.84,"$42,538","7,105,995",1.37%,Bond
XLV,State Street Health Care Select Sector SPDR ETF,$157.67,"$41,412","13,505,619",1.85%,Equity
VCSH,Vanguard Short-Term Corporate Bond ETF,$80.10,"$41,273","4,948,262",0.84%,Bond
VGIT,Vanguard Intermediate-Term Treasury ETF,$60.39,"$39,428","3,579,186",1.09%,Bond
MBB,iShares MBS ETF,$96.55,"$39,337","3,189,235",1.75%,Bond
SCHB,Schwab U.S. Broad Market ETF,$26.33,"$38,964","9,056,008",0.38%,Equity
DGRO,iShares Core Dividend Growth ETF,$73.62,"$38,762","2,220,344",6.05%,Equity
SPDW,State Street SPDR Portfolio Developed World ex-US ETF,$48.82,"$38,105","4,764,765",9.93%,Equity
VONG,Vanguard Russell 1000 Growth ETF,$115.11,"$37,680","2,529,395",-5.45%,Equity
XLE,State Street Energy Select Sector SPDR ETF,$54.35,"$36,812","40,954,000",21.56%,Equity
JPST,JPMorgan Ultra-Short Income ETF,$50.71,"$36,772","6,301,908",0.57%,Bond
VNQ,Vanguard Real Estate ETF,$94.59,"$35,970","4,070,305",6.89%,Real Estate
GOVT,iShares U.S. Treasury Bond ETF,$23.24,"$35,708","7,082,465",1.23%,Bond
IUSB,iShares Core Total USD Bond Market ETF,$47.03,"$35,528","3,332,548",1.41%,Bond
VBR,Vanguard Small Cap Value ETF,$231.31,"$34,802","398,183",9.22%,Equity
JEPQ,JPMorgan NASDAQ Equity Premium Income ETF,$57.51,"$34,145","5,710,414",-0.27%,Equity
GDX,VanEck Gold Miners ETF,$103.94,"$33,348","26,537,984",21.18%,Equity
SPYV,State Street SPDR Portfolio S&P 500 Value ETF,$58.99,"$33,141","3,657,784",3.84%,Equity
DYNF,iShares U.S. Equity Factor Rotation Active ETF,$60.52,"$32,738","3,088,825",-0.48%,Equity
GLDM,SPDR Gold Minishares Trust of beneficial interest,$99.61,"$32,447","11,155,670",16.68%,Commodity
VGK,Vanguard FTSE Europe ETF,$88.70,"$31,912","3,046,862",6.09%,Equity
EFV,iShares MSCI EAFE Value ETF,$78.63,"$30,825","3,029,306",10.11%,Equity
CGDV,Capital Group Dividend Value ETF,$45.33,"$30,544","5,180,449",3.87%,Equity
XLI,State Street Industrial Select Sector SPDR ETF,$174.17,"$30,445","11,298,368",12.28%,Equity
MGK,Vanguard Mega Cap Growth ETF,$384.69,"$30,418","501,056",-6.80%,Equity
LQD,iShares iBoxx $ Investment Grade Corporate Bond ETF,$111.59,"$29,488","30,077,596",1.64%,Bond
OEF,iShares S&P 100 ETF,$333.55,"$28,917","541,740",-2.75%,Equity
IDEV,iShares Core MSCI International Developed Markets ETF,$89.38,"$28,636","2,236,992",8.37%,Equity
TQQQ,ProShares UltraPro QQQ,$48.47,"$28,429","99,436,461",-8.06%,Equity
BIV,Vanguard Intermediate-Term Bond ETF,$78.60,"$28,249","2,076,805",1.28%,Bond
EEM,iShares MSCI Emerging Markets ETF,$61.12,"$28,115","33,205,801",11.72%,Equity
ACWI,iShares MSCI ACWI ETF,$145.94,"$27,890","4,374,776",3.15%,Equity
VGSH,Vanguard Short-Term Treasury ETF,$58.89,"$27,615","3,158,767",0.58%,Bond
IUSG,iShares Core S&P U.S. Growth ETF,$162.99,"$27,224","643,422",-2.95%,Equity
JAAA, Janus Henderson AAA CLO ETF,$50.73,"$26,847","6,196,003",0.65%,Bond
XLC,State Street Communication Services Select Sector SPDR ETF,$114.58,"$26,756","6,400,679",-2.67%,Equity
VXF,Vanguard Extended Market ETF,$216.28,"$26,422","496,130",3.42%,Equity
USHY,iShares Broad USD High Yield Corporate Bond ETF,$37.49,"$26,336","11,051,845",0.82%,Bond
MDY,State Street SPDR S&P MIDCAP 400 ETF Trust,$650.66,"$25,423","1,000,278",7.85%,Equity
IUSV,iShares Core S&P U.S. Value ETF,$106.77,"$24,921","1,066,311",4.13%,Equity
SHY,iShares 1-3 Year Treasury Bond ETF,$83.06,"$24,853","4,203,410",0.59%,Bond
FBND,Fidelity Total Bond ETF,$46.57,"$24,491","2,696,982",1.47%,Bond
FNDX,Schwab Fundamental U.S. Large Company ETF,$28.92,"$24,379","6,259,475",6.28%,Equity
AVUV,Avantis U.S. Small Cap Value ETF,$114.90,"$23,724","921,186",12.67%,Equity
USMV,iShares MSCI USA Min Vol Factor ETF,$96.19,"$23,227","2,383,319",2.16%,Equity
DVY,iShares Select Dividend ETF,$157.93,"$22,875","554,846",11.90%,Equity
XLY,State Street Consumer Discretionary Select Sector SPDR ETF,$116.18,"$22,705","10,885,981",-2.70%,Equity
SOXX,iShares Semiconductor ETF,$354.66,"$22,614","6,486,035",17.77%,Equity
XLU,State Street Utilities Select Sector SPDR ETF,$46.50,"$22,594","23,008,266",8.92%,Equity
IGSB,iShares 1-5 Year Investment Grade Corporate Bond ETF,$53.13,"$22,384","3,401,698",0.84%,Bond
FNDF,Schwab Fundamental International Equity ETF,$51.43,"$22,275","1,834,005",13.76%,Equity
VOOG,Vanguard S&P 500 Growth ETF,$429.13,"$22,126","238,970",-3.48%,Equity
VOE,Vanguard Mid-Cap Value ETF,$192.39,"$22,065","356,589",8.47%,Equity
SDY,State Street SPDR S&P Dividend ETF,$155.25,"$21,951","326,765",11.56%,Equity
MTUM,iShares MSCI USA Momentum Factor ETF,$251.48,"$21,277","873,640",0.47%,Equity
VBK,Vanguard Small Cap Growth ETF,$315.07,"$21,139","246,860",4.29%,Equity
SCHA,Schwab U.S. Small-Cap ETF,$30.61,"$20,750","3,514,018",7.48%,Equity
RDVY,First Trust Rising Dividend Achievers ETF,$71.86,"$20,744","1,618,324",3.44%,Equity
SHV,iShares Trust iShares 0-1 Year Treasury Bond ETF,$110.27,"$20,236","2,718,908",0.42%,Bond
IYW,iShares U.S. Technology ETF,$190.54,"$20,139","1,001,152",-4.58%,Equity
AVEM,Avantis Emerging Markets Equity ETF,$86.27,"$19,939","1,526,233",12.01%,Equity
IWP,iShares Russell Mid-Cap Growth ETF,$134.37,"$19,905","1,155,459",-1.88%,Equity
CGGR,Capital Group Growth ETF,$42.65,"$19,860","3,225,641",-4.09%,Equity
COWZ,Pacer US Cash Cows 100 ETF,$64.16,"$18,863","1,435,313",6.63%,Equity
IWV,iShares Russell 3000 ETF,$388.30,"$18,693","264,567",0.37%,Equity
EWJ,iShares MSCI Japan ETF,$93.85,"$18,567","7,224,740",16.24%,Equity
DFUS,Dimensional U.S. Equity Market ETF,$74.35,"$18,515","666,908",0.24%,Equity
DFIV,Dimensional International Value ETF,$55.21,"$18,472","1,375,578",10.64%,Equity
AVDV,Avantis International Small Cap Value ETF,$107.66,"$18,253","712,860",14.57%,Equity
VYMI,Vanguard International High Dividend Yield ETF,$99.47,"$18,181","1,323,291",10.52%,Equity
IEI,iShares 3-7 Year Treasury Bond ETF,$120.14,"$18,061","1,858,930",0.97%,Bond
IGIB,iShares 5-10 Year Investment Grade Corporate Bond ETF,$54.35,"$18,013","3,073,968",1.26%,Bond
VOT,Vanguard Mid-Cap Growth ETF,$273.51,"$17,752","223,776",-2.02%,Equity
HYG,iShares iBoxx $ High Yield Corporate Bond ETF,$80.85,"$17,379","37,492,520",0.77%,Bond
VHT,Vanguard Health Care ETF,$290.39,"$17,316","276,452",0.88%,Equity
XLP,State Street Consumer Staples Select Sector SPDR ETF,$89.51,"$17,258","18,363,090",15.23%,Equity
SPEM,State Street SPDR Portfolio Emerging Markets ETF,$50.26,"$16,957","2,782,800",7.37%,Equity
EMXC,iShares MSCI Emerging Markets ex China ETF,$84.31,"$16,922","2,123,114",16.00%,Equity
BINC,iShares Flexible Income Active ETF,$53.17,"$16,788","1,923,170",1.18%,Bond
USIG,iShares Broad USD Investment Grade Corporate Bond ETF,$52.30,"$16,741","1,774,638",1.40%,Bond
SPHQ,Invesco S&P 500® Quality ETF,$79.39,"$16,514","1,587,717",5.78%,Equity
SPMD,State Street SPDR Portfolio S&P 400 Mid Cap ETF,$62.50,"$16,436","2,924,902",7.93%,Equity
DGRW,WisdomTree US Quality Dividend Growth Fund,$92.62,"$16,400","777,668",3.59%,Equity
BBJP,JPMorgan BetaBuilders Japan ETF,$76.52,"$16,253","1,490,941",16.10%,Equity
USFR,WisdomTree Floating Rate Treasury Fund,$50.42,"$16,194","4,115,446",0.50%,Bond
VTIP,Vanguard Short-Term Inflation-Protected Securities ETF,$49.77,"$16,183","2,473,833",0.63%,Bond
FTEC,Fidelity MSCI Information Technology Index ETF,$217.95,"$16,172","342,890",-2.99%,Equity
EMB,iShares J.P. Morgan USD Emerging Markets Bond ETF,$97.42,"$15,915","7,825,829",1.62%,Bond
IWY,iShares Russell Top 200 Growth ETF,$260.88,"$15,740","389,424",-5.80%,Equity
ESGU,iShares ESG Aware MSCI USA ETF,$148.21,"$15,735","689,990",-0.52%,Equity
VONV,Vanguard Russell 1000 Value ETF,$98.19,"$15,676","1,167,273",6.38%,Equity
SCHV,Schwab U.S. Large-Cap Value ETF,$32.10,"$15,514","3,514,887",8.41%,Equity
SCHP,Schwab U.S. TIPS ETF,$26.84,"$15,353","4,602,203",1.32%,Bond
IWS,iShares Russell Mid-Cap Value ETF,$152.27,"$15,208","552,762",7.95%,Equity
VMBS,Vanguard Mortgage-Backed Securities ETF,$47.70,"$15,044","1,793,394",1.66%,Bond
MINT,PIMCO Enhanced Short Maturity Active Exchange-Traded Fund,$100.56,"$15,002","1,344,514",0.56%,Bond
ITA,iShares U.S. Aerospace & Defense ETF,$234.87,"$14,945","787,271",9.40%,Equity
SPSM,State Street SPDR Portfolio S&P 600 Small Cap ETF,$51.04,"$14,812","2,407,103",8.92%,Equity
GSLC,TR Activebeta US Large Cap Equity ETF,$131.17,"$14,797","367,295",-0.91%,Equity
VTWO,Vanguard Russell 2000 ETF,$106.26,"$14,654","3,423,659",6.77%,Equity
DFAI,Dimensional International Core Equity Market ETF,$41.60,"$14,596","1,462,246",9.16%,Equity
AVDE,Avantis International Equity ETF,$90.60,"$14,278","1,014,827",10.06%,Equity
SCZ,iShares MSCI EAFE Small-Cap ETF,$84.84,"$14,221","1,047,771",9.43%,Equity
DFUV,Dimensional US Marketwide Value ETF,$50.31,"$14,199","475,524",7.98%,Equity
STIP,iShares 0-5 Year TIPS Bond ETF,$103.01,"$14,063","1,247,162",0.61%,Bond
PFF,iShares Preferred & Income Securities ETF,$31.69,"$14,057","3,487,381",2.92%,Preferred Stock
TIP,iShares TIPS Bond ETF,$111.39,"$14,057","2,817,276",1.35%,Bond
PULS,PGIM Ultra Short Bond ETF,$49.72,"$13,908","2,520,376",0.63%,Bond
DFAT,Dimensional U.S. Targeted Value ETF,$66.28,"$13,647","395,544",11.32%,Equity
HDV,iShares Core High Dividend ETF,$138.76,"$13,554","722,719",14.10%,Equity
SOXL,Direxion Daily Semiconductor Bull 3x Shares,$64.59,"$13,518","88,274,250",53.68%,Equity
SPMO,Invesco S&P 500® Momentum ETF,$118.25,"$13,516","1,722,876",-0.90%,Equity
DFAS,Dimensional U.S. Small Cap ETF,$75.67,"$13,504","551,340",8.61%,Equity
DFIC,Dimensional International Core Equity 2 ETF,$37.84,"$13,417","1,155,971",9.81%,Equity
SCHM,Schwab US Mid-Cap ETF,$32.55,"$13,375","1,274,745",8.25%,Equity
IWO,iShares Russell 2000 Growth ETF,$334.76,"$13,341","501,413",3.64%,Equity
EWY,iShares MSCI South Korea ETF,$133.97,"$13,198","8,668,929",37.80%,Equity
VFH,Vanguard Financials ETF,$126.81,"$13,138","630,195",-5.00%,Equity
MOAT,VanEck Morningstar Wide Moat ETF,$105.57,"$12,981","837,257",1.94%,Equity
IWN,iShares Russell 2000 Value ETF,$199.97,"$12,963","830,497",10.35%,Equity
FBTC,Fidelity Wise Origin Bitcoin Fund,$59.89,"$12,755","7,141,981",-21.44%,Currency
IQLT,iShares MSCI Intl Quality Factor ETF,$48.73,"$12,702","2,419,051",7.22%,Equity
SCHR,Schwab Intermediate-Term U.S. Treasury ETF,$25.27,"$12,585","2,150,656",1.10%,Bond
SCHE,Schwab Emerging Markets Equity ETF,$35.20,"$12,467","2,141,146",7.48%,Equity
TLH,iShares 10-20 Year Treasury Bond ETF,$103.90,"$12,452","1,329,619",2.57%,Bond
PAVE,Global X US Infrastructure Development ETF,$55.12,"$12,257","1,343,514",15.34%,Equity
SPTM,State Street SPDR Portfolio S&P 1500 Composite Stock Market ETF,$82.96,"$12,130","734,624",0.56%,Equity
PYLD,PIMCO Multisector Bond Active Exchange-Traded Fund,$26.91,"$12,072","3,759,568",1.31%,Bond
NOBL,ProShares S&P 500 Dividend Aristocrats ETF,$114.00,"$11,986","761,241",9.54%,Equity
ESGV,Vanguard ESG U.S. Stock ETF,$118.54,"$11,849","232,846",-2.00%,Equity
IAGG,iShares Core International Aggregate Bond ETF,$50.52,"$11,827","1,065,197",1.23%,Bond
MGV,Vanguard Mega Cap Value ETF,$152.65,"$11,782","256,778",8.14%,Equity
SCHO,Schwab Short-Term U.S. Treasury ETF,$24.42,"$11,698","3,513,687",0.55%,Bond
ESGD,iShares ESG Aware MSCI EAFE ETF,$102.98,"$11,624","320,656",8.30%,Equity
AMLP,Alerian MLP ETF,$51.31,"$11,493","1,757,356",11.31%,Equity
AVUS,Avantis U.S. Equity ETF,$115.98,"$11,356","299,560",3.76%,Equity
VSS,Vanguard FTSE All-World ex-US Small-Cap ETF,$156.78,"$11,333","379,248",9.38%,Equity
DFAX,Dimensional World ex U.S. Core Equity 2 ETF,$36.23,"$11,283","786,616",10.69%,Equity
GDXJ,VanEck Junior Gold Miners ETF,$136.34,"$11,265","5,963,406",19.83%,Equity
XLG,Invesco S&P 500® Top 50 ETF,$56.86,"$11,226","4,015,100",-4.08%,Equity
DUHP,Dimensional US High Profitability ETF,$38.95,"$11,023","1,293,971",2.42%,Equity
SPTL,State Street SPDR Portfolio Long Term Treasury ETF,$27.14,"$10,860","7,466,240",2.88%,Bond
SPHY,State Street SPDR Portfolio High Yield Bond ETF,$23.74,"$10,852","5,502,641",0.87%,Bond
SUB,iShares Short-Term National Muni Bond ETF,$107.40,"$10,794","593,622",0.86%,Bond
SDVY,First Trust SMID Cap Rising Dividend Achievers ETF,$42.17,"$10,706","1,438,406",10.05%,Equity
DFAU,Dimensional US Core Equity Market ETF,$47.29,"$10,694","792,581",1.05%,Equity
SPIB,State Street SPDR Portfolio Intermediate Term Corporate Bond ETF,$34.04,"$10,677","5,293,938",1.03%,Bond
AVLV,Avantis U.S. Large Cap Value ETF,$83.32,"$10,609","453,929",9.96%,Equity
GBTC,Grayscale Bitcoin Trust ETF,$53.63,"$10,584","5,899,354",-21.55%,Currency
JIRE,JPMorgan International Research Enhanced Equity ETF,$81.30,"$10,394","670,813",8.57%,Equity
PBUS,Invesco MSCI USA ETF,$68.28,"$10,378","514,538",-0.25%,Equity
QLD,ProShares Ultra QQQ,$66.92,"$10,351","5,645,109",-4.96%,Equity
CIBR,First Trust NASDAQ Cybersecurity ETF,$66.83,"$10,304","1,091,167",-6.47%,Equity
BBCA,JPMorgan BetaBuilders Canada ETF,$96.45,"$10,257","285,714",3.71%,Equity
SCHI,Schwab 5-10 Year Corporate Bond ETF,$23.16,"$10,212","2,221,333",1.26%,Bond
VLUE,iShares MSCI USA Value Factor ETF,$151.56,"$10,204","872,708",10.85%,Equity
VGLT,Vanguard Long-Term Treasury ETF,$57.18,"$10,111","2,384,443",2.86%,Bond
EFG,iShares MSCI EAFE Growth ETF,$121.88,"$10,104","996,070",6.99%,Equity
JCPB,JPMorgan Core Plus Bond ETF,$47.90,"$9,996","1,251,249",1.57%,Bond
SCHZ,Schwab U.S. Aggregate Bond ETF,$23.62,"$9,985","2,071,675",1.43%,Bond
FNDA,Schwab Fundamental U.S. Small Company ETF,$34.58,"$9,937","823,611",9.74%,Equity
IGF,iShares Global Infrastructure ETF,$68.35,"$9,918","906,741",11.39%,Equity
EZU,iShares MSCI Eurozone ETF,$67.37,"$9,913","1,690,583",5.10%,Equity
BOXX,Alpha Architect 1-3 Month Box ETF,$115.69,"$9,814","1,820,138",0.51%,Bond
IJK,iShares S&P Mid-Cap 400 Growth ETF,$104.33,"$9,735","214,283",7.69%,Equity
VPL,Vanguard FTSE Pacific ETF,$106.42,"$9,631","947,754",17.72%,Equity
MGC,Vanguard Mega Cap ETF,$247.66,"$9,522","183,473",-1.40%,Equity
SPTI,State Street SPDR Portfolio Intermediate Term Treasury ETF,$29.06,"$9,471","2,173,657",1.08%,Bond
SCHH,Schwab US REIT ETF,$22.81,"$9,437","10,331,855",9.19%,Real Estate
INDA,iShares MSCI India ETF,$52.89,"$9,433","6,662,557",-2.15%,Equity
DFCF,Dimensional Core Fixed Income ETF,$43.13,"$9,413","873,217",1.44%,Bond
EWZ,iShares MSCI Brazil ETF,$38.06,"$9,408","35,487,555",19.80%,Equity
VIGI,Vanguard International Dividend Appreciation ETF,$95.85,"$9,337","398,143",4.81%,Equity
FNDE,Schwab Fundamental Emerging Markets Equity ETF,$39.65,"$9,299","1,583,713",9.96%,Equity
BBEU,JPMorgan BetaBuilders Europe ETF,$77.64,"$9,249","393,724",5.92%,Equity
ONEQ,Fidelity Nasdaq Composite Index ETF,$88.75,"$9,236","318,719",-2.89%,Equity
FLOT,iShares Floating Rate Bond ETF,$50.95,"$9,219","1,613,282",0.51%,Bond
CGGO,Capital Group Global Growth Equity ETF,$36.13,"$9,194","1,248,060",4.27%,Equity
SPAB,State Street SPDR Portfolio Aggregate Bond ETF,$26.05,"$9,113","2,830,083",1.48%,Bond
PRF,Invesco RAFI US 1000 ETF,$49.55,"$9,113","405,406",5.61%,Equity
ACWX,iShares MSCI ACWI ex U.S. ETF,$73.25,"$9,019","2,235,117",9.12%,Equity
VDE,Vanguard Energy ETF,$152.95,"$8,932","690,263",21.47%,Equity
CGUS,Capital Group Core Equity ETF,$40.40,"$8,917","1,096,113",0.42%,Equity
FDVV,Fidelity High Dividend ETF,$59.11,"$8,889","994,089",4.27%,Equity
BAI,iShares A.I. Innovation and Tech Active ETF,$34.56,"$8,872","1,840,140",3.78%,Equity
SGOL,abrdn Physical Gold Shares ETF,$47.94,"$8,796","7,874,938",16.70%,Commodity
SPSB,State Street SPDR Portfolio Short Term Corporate Bond ETF,$30.29,"$8,732","2,270,022",0.65%,Bond
XBI,State Street SPDR S&P Biotech ETF,$122.86,"$8,711","9,622,477",0.76%,Equity
DBEF,Xtrackers MSCI EAFE Hedged Equity ETF,$51.29,"$8,704","699,600",6.61%,Equity
FVD,First Trust Value Line Dividend Index Fund,$49.62,"$8,690","912,311",7.68%,Equity
AIRR,First Trust RBA American Industrial Renaissance ETF,$119.14,"$8,668","737,784",21.18%,Equity
IJJ,iShares S&P Mid-Cap 400 Value ETF,$142.20,"$8,643","146,037",8.06%,Equity
BUFR,FT Vest Laddered Buffer ETF,$34.38,"$8,617","1,213,887",0.34%,Equity
QQQI,NEOS Nasdaq 100 High Income ETF,$52.48,"$8,606","4,861,673",-1.39%,Equity
PVAL,Putnam Focused Large Cap Value ETF,$48.34,"$8,474","1,386,682",6.08%,Equity
DFAE,Dimensional Emerging Core Equity Market ETF,$36.29,"$8,472","851,325",11.42%,Equity
IGM,iShares Expanded Tech Sector ETF,$123.81,"$8,450","789,490",-4.14%,Equity
JGRO,JPMorgan Active Growth ETF,$87.89,"$8,445","503,643",-5.29%,Equity
FTCS,First Trust Capital Strength ETF,$97.69,"$8,402","482,141",5.59%,Equity
IBB,iShares Biotechnology ETF,$172.50,"$8,388","2,001,241",2.21%,Equity
QYLD,Global X NASDAQ 100 Covered Call ETF,$17.55,"$8,308","6,898,389",0.31%,Equity
VPU,Vanguard Utilities ETF,$201.32,"$8,296","242,422",8.80%,Equity
EWT,iShares MSCI Taiwan ETF,$73.05,"$8,242","4,595,551",14.99%,Equity
VDC,Vanguard Consumer Staples ETF,$242.63,"$8,185","170,084",14.86%,Equity
IOO,iShares Global 100 ETF,$126.16,"$8,119","222,002",-0.40%,Equity
DFEM,Dimensional Emerging Markets Core Equity 2 ETF,$36.84,"$8,024","794,459",11.37%,Equity
RWL,Invesco S&P 500 Revenue ETF,$120.47,"$7,928","244,200",5.21%,Equity
IAUM,iShares Gold Trust Micro ETF of Benef Interest,$50.17,"$7,926","6,402,700",16.70%,Commodity
JPIE,JPMorgan Income ETF,$46.49,"$7,914","1,438,255",0.87%,Bond
IDV,iShares International Select Dividend ETF,$43.42,"$7,904","1,099,511",10.06%,Equity
KWEB,KraneShares CSI China Internet ETF,$32.79,"$7,901","22,059,451",-3.70%,Equity
SPLV,Invesco S&P 500® Low Volatility ETF,$75.85,"$7,892","3,921,335",6.40%,Equity
JNK,State Street SPDR Bloomberg High Yield Bond ETF,$97.48,"$7,878","4,307,965",0.85%,Bond
SHYG,iShares 0-5 Year High Yield Corporate Bond ETF,$42.84,"$7,876","1,760,029",0.50%,Bond
COPX,Global X Copper Miners ETF,$87.94,"$7,871","4,292,692",22.50%,Equity
FENI,Fidelity Enhanced International ETF,$40.00,"$7,856","1,928,370",9.35%,Equity
PPA,Invesco Aerospace & Defense ETF,$176.10,"$7,822","240,951",12.43%,Equity
MCHI,iShares MSCI China ETF,$60.35,"$7,804","2,867,741",0.47%,Equity
SPYI,NEOS S&P 500 High Income ETF,$52.19,"$7,796","3,236,965",0.37%,Equity
THRO,iShares U.S. Thematic Rotation Active ETF,$37.98,"$7,775","974,497",-1.50%,Equity
IJS,iShares S&P Small-Cap 600 Value ETF,$124.89,"$7,775","288,660",9.82%,Equity
SPYD,State Street SPDR Portfolio S&P 500 High Dividend ETF,$48.07,"$7,763","1,946,459",11.14%,Equity
AIQ,Global X Artificial Intelligence & Technology ETF,$49.45,"$7,755","1,783,495",-2.77%,Equity
AKRE,Akre Focus ETF,N/A,"$7,735",N/A,N/A,Equity
IGV,iShares Expanded Tech-Software Sector ETF,$82.77,"$7,717","10,006,473",-21.69%,Equity
GRID,First Trust Nasdaq Clean Edge Smart GRID Infrastructure Index,$175.40,"$7,688","463,906",14.63%,Equity
VUSB,Vanguard Ultra-Short Bond ETF,$49.95,"$7,676","1,769,267",0.58%,Bond
VCLT,Vanguard Long-Term Corporate Bond ETF,$77.27,"$7,642","4,976,659",2.33%,Bond
IEUR,iShares Core MSCI Europe ETF,$75.16,"$7,606","1,256,246",5.89%,Equity
JQUA,JPMorgan U.S. Quality Factor ETF,$63.75,"$7,583","649,354",0.90%,Equity
SSO,ProShares Ultra S&P 500,$57.37,"$7,457","4,423,805",-0.95%,Equity
VIS,Vanguard Industrials ETF,$337.03,"$7,402","79,913",12.95%,Equity
BOND,PIMCO Active Bond Exchange-Traded Fund,$94.25,"$7,395","463,444",1.69%,Bond
XLRE,State Street Real Estate Select Sector SPDR ETF,$43.50,"$7,376","8,397,147",7.81%,Real Estate
URA,Global X Uranium ETF,$51.91,"$7,340","5,596,246",21.48%,Equity
VONE,Vanguard Russell 1000 ETF,$309.17,"$7,315","100,732",0.04%,Equity
BBUS,JPMorgan BetaBuilders U.S. Equity ETF,$122.88,"$7,279","287,446",-0.35%,Equity
BKLN,Invesco Senior Loan ETF,$20.64,"$7,242","13,224,611",-1.22%,Bond
GUNR,FlexShares Morningstar Global Upstream Natural Resources Index Fund,$53.29,"$7,143","588,210",16.23%,Equity
HEFA,iShares Currency Hedged MSCI EAFE ETF,$44.10,"$7,140","720,833",6.64%,Equity
GBIL,ACCESS TREASURY 0-1 YEAR ETF,$100.08,"$7,135","805,190",0.41%,Bond
FDL,First Trust Morningstar Dividend Leaders Index Fund,$50.88,"$7,111","1,076,356",14.75%,Equity
DFSV,Dimensional US Small Cap Value ETF,$36.93,"$7,098","1,151,359",12.28%,Equity
JGLO,JPMorgan Global Select Equity ETF Global Select Equity ETF,$69.03,"$7,085","343,884",2.01%,Equity
SHLD,Global X Defense Tech ETF,$72.21,"$7,032","1,455,802",11.45%,Equity
XLB,State Street Materials Select Sector SPDR ETF,$53.31,"$7,020","14,842,714",17.55%,Equity
CGCP, Capital Group Core Plus Income ETF,$22.87,"$6,975","1,493,146",1.35%,Bond
ICSH,iShares Ultra Short Duration Bond Active ETF,$50.68,"$6,961","1,752,265",0.54%,Bond
URTH,iShares MSCI World ETF,$189.40,"$6,944","461,576",1.95%,Equity
JMUB,JPMorgan Municipal ETF,$51.05,"$6,943","801,468",1.37%,Bond
SPMB,State Street SPDR Portfolio Mortgage Backed Bond ETF,$22.75,"$6,828","798,679",1.81%,Bond
IJT,iShares S&P Small-Cap 600 Growth ETF,$152.49,"$6,806","113,378",8.03%,Equity
SIL,Global X Silver Miners ETF,$101.64,"$6,633","3,670,057",21.70%,Equity
JMBS,Janus Henderson Mortgage-Backed Securities ETF,$46.28,"$6,628","912,446",1.75%,Bond
IXN,iShares Global Tech ETF,$105.70,"$6,611","278,206",0.67%,Equity
FELC,Fidelity Enhanced Large Cap Core ETF,$37.96,"$6,608","929,275",-0.55%,Equity
FXI,iShares China Large-Cap ETF,$38.33,"$6,578","31,833,395",0.10%,Equity
DXJ,WisdomTree Japan Hedged Equity Fund,$166.85,"$6,500","636,973",15.74%,Equity
DIVO,Amplify CWP Enhanced Dividend Income ETF,$46.59,"$6,497","851,713",5.11%,Equity
FPE,First Trust Preferred Securities & Income ETF,$18.38,"$6,484","1,528,437",1.24%,Preferred Stock
SIVR,abrdn Physical Silver Shares ETF,$73.22,"$6,484","4,956,957",8.25%,Commodity
ESGE,iShares ESG Aware MSCI EM ETF,$49.29,"$6,478","880,375",11.59%,Equity
BBIN,JPMorgan BetaBuilders International Equity ETF,$78.94,"$6,466","197,479",9.15%,Equity
TFLO,iShares Treasury Floating Rate Bond ETF,$50.57,"$6,423","1,419,429",0.51%,Bond
BBAX,JPMorgan BetaBuilders Developed Asia Pacific-ex Japan ETF,$62.44,"$6,404","271,608",10.91%,Equity
TCAF,T. Rowe Price Capital Appreciation Equity ETF,$37.07,"$6,384","1,011,714",-3.01%,Equity
TBIL,F/m US Treasury 3 Month Bill Fund,$49.94,"$6,368","1,997,671",0.43%,Bond
FTSM,First Trust Enhanced Short Maturity ETF,$60.03,"$6,348","952,479",0.51%,Bond
KBWB,Invesco KBW Bank ETF,$85.61,"$6,311","2,402,871",1.57%,Equity
ETHA,iShares Ethereum Trust ETF,$15.44,"$6,292","47,319,590",-31.16%,Currency
VSGX,Vanguard ESG International Stock ETF,$78.18,"$6,259","207,292",9.16%,Equity
DFSD,Dimensional Short-Duration Fixed Income ETF,$48.38,"$6,246","514,867",0.90%,Bond
VOOV,Vanguard S&P 500 Value ETF,$212.94,"$6,238","92,743",3.95%,Equity
VFLO,VictoryShares Free Cash Flow ETF,$40.26,"$6,219","1,074,556",2.23%,Equity
VCR,Vanguard Consumer Discretionary ETF,$383.87,"$6,170","44,319",-2.55%,Equity
JMST,JPMorgan Ultra-Short Municipal Income ETF,$51.13,"$6,167","1,609,421",0.56%,Bond
ARKK,ARK Innovation ETF,$70.25,"$6,106","8,625,310",-8.67%,Equity
VWOB,Vanguard Emerging Markets Government Bond ETF,$68.15,"$6,061","731,251",1.57%,Bond
BLV,Vanguard Long-Term Bond ETF,$71.07,"$5,982","815,594",2.63%,Bond
VOX,Vanguard Communication Services ETF,$187.07,"$5,982","222,356",-3.39%,Equity
JAVA,JPMorgan Active Value ETF,$76.17,"$5,935","431,698",6.20%,Equity
SRLN,State Street Blackstone Senior Loan ETF,$40.62,"$5,934","4,799,306",-0.98%,Bond
TSLL,Direxion Daily TSLA Bull 2X Shares,$15.93,"$5,930","85,922,500",-16.64%,Equity
LMBS,First Trust Low Duration Opportunities ETF,$50.43,"$5,919","589,084",1.22%,Bond
DLN,WisdomTree U.S. LargeCap Dividend Fund,$93.06,"$5,906","218,265",5.72%,Equity
FDN,First Trust Dow Jones Internet Index Fund,$236.69,"$5,833","533,813",-12.07%,Equity
SPXL,Direxion Daily S&P 500 Bull 3X Shares,$216.41,"$5,789","3,043,367",-1.90%,Equity
XAR,State Street SPDR S&P Aerospace & Defense ETF,$270.72,"$5,703","229,000",12.22%,Equity
EFAV,iShares MSCI EAFE Min Vol Factor ETF,$93.82,"$5,632","482,211",8.78%,Equity
DIHP,Dimensional International High Profitability ETF,$34.56,"$5,623","554,290",9.14%,Equity
SCHC,Schwab International Small-Cap Equity ETF,$50.35,"$5,548","509,343",10.59%,Equity
SILJ,Amplify Junior Silver Miners ETF,$33.79,"$5,545","11,142,411",22.12%,Equity
SPTS,State Street SPDR Portfolio Short Term Treasury ETF,$29.35,"$5,517","1,511,457",0.58%,Bond
DFIS,Dimensional International Small Cap ETF,$36.37,"$5,467","496,278",10.41%,Equity
XMMO,Invesco S&P MidCap Momentum ETF,$146.20,"$5,462","260,665",5.59%,Equity
ICVT,iShares Convertible Bond ETF,$104.73,"$5,450","787,308",6.43%,Bond
GSIE,Goldman Sachs ActiveBeta International Equity ETF,$46.07,"$5,440","520,873",7.29%,Equity
FBCG,Fidelity Blue Chip Growth ETF,$52.20,"$5,427","529,046",-4.81%,Equity
XMHQ,Invesco S&P MidCap Quality ETF,$107.29,"$5,342","246,513",4.75%,Equity
FEZ,State Street SPDR EURO STOXX 50 ETF,$67.54,"$5,332","1,703,113",4.89%,Equity
FMDE,Fidelity Enhanced Mid Cap ETF,$37.48,"$5,299","720,375",3.02%,Equity
DFLV,Dimensional US Large Cap Value ETF,$36.91,"$5,282","822,065",7.89%,Equity
CGMU,Capital Group Municipal Income ETF,$27.82,"$5,240","955,278",1.85%,Bond
SJNK,State Street SPDR Bloomberg Short Term High Yield Bond ETF,$25.31,"$5,208","3,684,721",0.50%,Bond
BKLC,BNY Mellon US Large Cap Core Equity ETF,$130.34,"$5,193","134,667",-0.35%,Equity
PDBC,Invesco Optimum Yield Diversified Commodity Strategy No K-1 ETF,$14.17,"$5,180","6,053,279",6.94%,Commodity
CGBL,Capital Group Core Balanced ETF,$36.24,"$5,168","1,088,778",2.58%,Multi-Asset
CWB,State Street SPDR Bloomberg Convertible Securities ETF,$94.51,"$5,144","730,517",6.05%,Bond
DSI,iShares ESG MSCI KLD 400 ETF,$128.83,"$5,116","149,903",0.00%,Equity
RECS,Columbia Research Enhanced Core ETF,$40.57,"$5,096","737,359",-0.66%,Equity
CGXU,Capital Group International Focus Equity ETF,$32.11,"$5,071","765,795",8.66%,Equity
JHMM,John Hancock Multifactor Mid Cap ETF,$70.53,"$5,071","230,875",7.71%,Equity
EMLC,VanEck J. P. Morgan EM Local Currency Bond ETF,$26.48,"$5,020","3,276,460",3.02%,Bond
SCHK,Schwab 1000 Index ETF,$32.86,"$4,946","1,363,878",0.18%,Equity
EUFN,iShares MSCI Europe Financials ETF,$36.61,"$4,795","1,238,541",-1.29%,Equity
ISTB,iShares Core 1-5 Year USD Bond ETF,$48.94,"$4,794","468,217",0.74%,Bond
GNR,State Street SPDR S&P Global Natural Resources ETF,$73.05,"$4,794","309,821",17.56%,Equity
NLR,VanEck Uranium and Nuclear ETF,$142.02,"$4,746","647,900",14.35%,Equity
DISV,Dimensional International Small Cap Value ETF,$42.76,"$4,703","395,690",12.53%,Equity
XME,State Street SPDR S&P Metals & Mining ETF,$117.83,"$4,694","2,809,024",13.72%,Equity
UPRO,ProShares UltraPro S&P500,$113.51,"$4,693","5,028,882",-1.94%,Equity
KRE,State Street SPDR S&P Regional Banking ETF,$71.28,"$4,680","16,105,023",9.98%,Equity
CGDG,Capital Group Dividend Growers ETF,$37.69,"$4,673","754,914",5.75%,Equity
REET,iShares Global REIT ETF,$26.98,"$4,665","1,650,502",8.14%,Real Estate
OMFL,Invesco Russell 1000 Dynamic Multifactor ETF,$62.57,"$4,638","248,584",2.36%,Equity
FELG,Fidelity Enhanced Large Cap Growth ETF,$39.19,"$4,614","586,967",-6.02%,Equity
BSCR,Invesco BulletShares 2027 Corporate Bond ETF,$19.78,"$4,567","984,851",0.57%,Bond
EAGG,iShares ESG Aware US Aggregate Bond ETF,$48.36,"$4,560","378,410",1.39%,Bond
IXJ,iShares Global Healthcare ETF,$100.95,"$4,550","281,622",3.64%,Equity
SLYV,State Street SPDR S&P 600 Small Cap Value ETF,$99.97,"$4,513","194,019",9.89%,Equity
FSEC,Fidelity Investment Grade Securitized ETF,$44.79,"$4,391","229,375",1.79%,Bond
LVHI,Franklin International Low Volatility High Dividend Index ETF,$40.48,"$4,368","609,079",9.94%,Equity
ILF,iShares Latin America 40 ETF,$36.26,"$4,344","3,660,216",19.08%,Equity
EWC,iShares MSCI Canada ETF,$56.17,"$4,252","2,399,208",4.15%,Equity
HYD,VanEck High Yield Muni ETF,$51.24,"$4,239","905,495",0.60%,Bond
GRNY,Fundstrat Granny Shots US Large Cap ETF,$24.72,"$4,194","3,556,409",-0.16%,Equity
BSCQ,Invesco BulletShares 2026 Corporate Bond ETF,$19.59,"$4,187","1,052,089",0.41%,Bond
VTHR,Vanguard Russell 3000 ETF,$301.60,"$4,178","50,551",0.42%,Equity
TOTL,State Street DoubleLine Total Return Tactical ETF,$40.58,"$4,152","379,768",1.23%,Bond
RSPT,Invesco S&P 500 Equal Weight Technology ETF,$47.16,"$4,133","439,943",3.63%,Equity
IYF,iShares U.S. Financials ETF,$123.83,"$4,091","382,797",-3.96%,Equity
NVDL,GraniteShares 2x Long NVDA Daily ETF,$82.29,"$4,061","11,354,516",-6.50%,Equity
NEAR,iShares Short Duration Bond Active ETF,$51.28,"$4,041","584,022",0.70%,Bond
FESM,Fidelity Enhanced Small Cap ETF,$40.08,"$4,035","587,065",6.09%,Equity
CMF,iShares California Muni Bond ETF,$58.16,"$4,010","455,624",1.46%,Bond
DON,WisdomTree U.S. MidCap Dividend Fund,$56.01,"$3,989","178,011",8.61%,Equity
PGX,Invesco Preferred ETF,$11.45,"$3,971","4,313,360",2.42%,Preferred Stock
BILS,State Street SPDR Bloomberg 3-12 Month T-Bill ETF,$99.33,"$3,931","448,048",0.41%,Bond
GVI,iShares Intermediate Government/Credit Bond ETF,$107.94,"$3,915","169,203",0.85%,Bond
EDV,Vanguard Extended Duration Treasury ETF,$68.05,"$3,910","1,108,598",4.68%,Bond
IVLU,iShares MSCI Intl Value Factor ETF,$42.44,"$3,904","1,228,267",11.54%,Equity
SLYG,State Street SPDR S&P 600 Small Cap Growth ETF,$101.81,"$3,850","125,843",8.09%,Equity
HELO,JPMorgan Hedged Equity Laddered Overlay ETF,$66.57,"$3,836","342,198",0.21%,Equity
IMTM,iShares MSCI Intl Momentum Factor ETF,$51.69,"$3,836","652,830",7.75%,Equity
TDIV,First Trust NASDAQ Technology Dividend Index Fund,$99.54,"$3,813","122,356",2.79%,Equity
IBDR,iShares iBonds Dec 2026 Term Corporate ETF,$24.24,"$3,787","935,335",0.37%,Bond
IWX,iShares Russell Top 200 Value ETF,$96.95,"$3,782","257,216",5.54%,Equity
TECL,Direxion Daily Technology Bull 3X Shares,$103.57,"$3,772","1,316,540",-11.85%,Equity
IFRA,iShares U.S. Infrastructure ETF,$60.43,"$3,771","258,968",14.84%,Equity
VNQI,Vanguard Global ex-U.S. Real Estate ETF,$50.44,"$3,752","326,246",10.03%,Real Estate
EMLP,First Trust North American Energy Infrastructure Fund,$42.96,"$3,749","237,068",13.44%,Equity
IBDT,iShares iBonds Dec 2028 Term Corporate ETF,$25.53,"$3,746","859,840",0.66%,Bond
EAGL,Eagle Capital Select Equity ETF,$31.87,"$3,745","285,503",-1.82%,Equity
AAXJ,iShares MSCI All Country Asia ex-Japan ETF,$103.65,"$3,745","621,568",11.31%,Equity
SUSA,iShares ESG Optimized MSCI USA ETF,$139.63,"$3,743","81,962",0.20%,Equity
QTUM,Defiance Quantum ETF,$117.21,"$3,736","509,565",6.88%,Equity
MAGS,Roundhill Magnificent Seven ETF,$61.15,"$3,732","3,453,775",-7.29%,Equity
IYR,iShares U.S. Real Estate ETF,$100.22,"$3,730","7,127,478",6.74%,Real Estate
RING,iShares MSCI Global Gold Miners ETF,$89.33,"$3,720","546,127",21.31%,Equity
IBDS,iShares iBonds Dec 2027 Term Corporate ETF,$24.33,"$3,705","892,200",0.55%,Bond
XT,iShares Future Exponential Technologies ETF,$72.12,"$3,681","111,146",3.42%,Equity
PZA,Invesco National AMT-Free Municipal Bond ETF,$23.45,"$3,676","1,495,206",1.43%,Bond
FV,First Trust Dorsey Wright Focus 5 ETF,$65.01,"$3,638","148,192",3.32%,Equity
IBDU,iShares iBonds Dec 2029 Term Corporate ETF,$23.52,"$3,637","873,921",0.86%,Bond
KNG,FT Vest S&P 500 Dividend Aristocrats Target Income ETF,$52.60,"$3,621","418,924",7.78%,Equity
DEM,WisdomTree Emerging Markets High Dividend Fund,$51.19,"$3,614","282,713",9.59%,Equity
CALF,Pacer US Small Cap Cash Cows ETF,$46.43,"$3,604","1,188,857",4.64%,Equity
IHI,iShares U.S. Medical Devices ETF,$57.99,"$3,595","1,676,446",-6.69%,Equity
MSLC,Morgan Stanley Pathway Large Cap Equity ETF,$54.14,"$3,585","105,627",-0.46%,Equity
HYLB,Xtrackers USD High Yield Corporate Bond ETF,$36.94,"$3,542","1,434,603",0.85%,Bond
SHM,State Street SPDR Nuveen ICE Short Term Municipal Bond ETF,$48.40,"$3,511","361,952",1.07%,Bond
VIOO,Vanguard S&P Small-Cap 600 ETF,$120.81,"$3,504","107,333",8.88%,Equity
USRT,iShares Core U.S. REIT ETF,$62.29,"$3,500","503,036",9.36%,Real Estate
ACWV,iShares MSCI Global Min Vol Factor ETF,$123.84,"$3,475","140,833",4.29%,Equity
FIXD,First Trust Smith Opportunistic Fixed Income ETF,$44.79,"$3,457","384,287",1.43%,Bond
EEMV,iShares MSCI Emerging Markets Min Vol Factor ETF,$68.14,"$3,407","468,792",6.40%,Equity
GSY,Invesco Ultra Short Duration ETF,$50.36,"$3,402","756,451",0.59%,Bond
BOTZ,Global X Robotics & Artificial Intelligence ETF,$38.34,"$3,402","847,157",5.82%,Equity
BTC,Grayscale Bitcoin Mini Trust ETF,$30.43,"$3,392","3,701,022",-21.43%,Currency
QLTY,GMO U.S. Quality ETF,$38.37,"$3,392","387,835",-0.23%,Equity
IYH,iShares U.S. Healthcare ETF,$65.75,"$3,373","861,789",1.00%,Equity
SPHD,Invesco S&P 500® High Dividend Low Volatility ETF,$52.63,"$3,371","993,386",10.09%,Equity
FNDC,Schwab Fundamental International Small Equity ETF,$49.78,"$3,362","133,267",11.74%,Equity
BSCS,Invesco BulletShares 2028 Corporate Bond ETF,$20.66,"$3,352","879,143",0.62%,Bond
SMLF, iShares U.S. Small‑Cap Equity Factor ETF,$78.86,"$3,344","254,256",5.32%,Equity
PTLC,Pacer Trendpilot US Large Cap ETF,$55.55,"$3,311","149,173",-0.05%,Multi-Asset
AOR,iShares Core 60/40 Balanced Allocation ETF,$66.85,"$3,304","418,310",2.83%,Multi-Asset
JTEK,JPMorgan U.S. Tech Leaders ETF,$84.06,"$3,290","265,959",-6.68%,Equity
DFGR,Dimensional Global Real Estate ETF,$28.53,"$3,281","487,427",7.99%,Equity
GDXU,MicroSectors Gold Miners 3X Leveraged ETN,$347.25,"$3,281","733,205",42.51%,Equity
IVOO,Vanguard S&P Mid-Cap 400 ETF,$120.62,"$3,275","86,903",7.89%,Equity
INTF, iShares International Equity Factor ETF,$41.13,"$3,269","205,770",8.95%,Equity
GLTR,abrdn Physical Precious Metals Basket Shares ETF,$231.86,"$3,260","174,602",12.77%,Commodity
IMCG,iShares Morningstar Mid-Cap Growth ETF,$82.62,"$3,255","124,183",3.48%,Equity
UCON,First Trust Smith Unconstrained Bond ETF,$25.35,"$3,233","603,298",1.07%,Bond
VAW,Vanguard Materials ETF,$241.45,"$3,199","86,225",16.33%,Equity
GCOW,Pacer Global Cash Cows Dividend ETF,$46.62,"$3,174","266,525",13.10%,Equity
LRGF,iShares US Equity Factor ETF,$68.76,"$3,169","230,673",-0.96%,Equity
XYLD,Global X S&P 500 Covered Call ETF,$40.61,"$3,169","839,506",0.83%,Equity
TMF,Direxion Daily 20+ Year Treasury Bull 3X Shares,$40.42,"$3,147","5,855,686",8.31%,Bond
FLIN,Franklin FTSE India ETF,$37.69,"$3,143","777,590",-2.33%,Equity
ANGL,VanEck Fallen Angel High Yield Bond ETF,$29.70,"$3,135","791,297",1.68%,Bond
GPIX,Goldman Sachs S&P 500  Premium Income ETF,$52.26,"$3,134","742,606",0.39%,Equity
AAAU,Goldman Sachs Physical Gold ETF,$49.65,"$3,128","4,080,906",16.69%,Commodity
IDMO,Invesco S&P International Developed Momentum ETF,$58.35,"$3,119","495,752",5.00%,Equity
USMC,Principal U.S. Mega-Cap ETF,$66.45,"$3,088","125,037",-2.92%,Equity
NFRA,FlexShares STOXX Global Broad Infrastructure Index Fund,$66.45,"$3,084","97,646",9.81%,Equity
CQQQ,Invesco China Technology ETF,$53.16,"$3,062","1,290,857",2.23%,Equity
FLJP,Franklin FTSE Japan ETF,$40.05,"$3,050","805,246",16.26%,Equity
PPLT,abrdn Physical Platinum Shares ETF,$186.98,"$3,049","1,097,054",0.30%,Commodity
EWU,iShares MSCI United Kingdom ETF,$47.25,"$3,047","2,091,368",7.44%,Equity
TFI,State Street SPDR Nuveen ICE Municipal Bond ETF,$46.29,"$3,036","382,627",1.55%,Bond
GSUS,Goldman Sachs MarketBeta U.S. Equity ETF,$93.88,"$3,012","105,938",-0.56%,Equity
HYMB,State Street SPDR Nuveen ICE High Yield Municipal Bond ETF,$25.25,"$3,010","1,042,675",1.62%,Bond
GPIQ,Goldman Sachs Nasdaq-100 Premium Income ETF,$51.39,"$2,998","1,040,952",-1.08%,Equity
ITB,iShares U.S. Home Construction ETF,$113.57,"$2,991","2,814,652",17.93%,Equity
MLPX,Global X MLP & Energy Infrastructure ETF,$69.73,"$2,984","349,657",16.48%,Equity
VNLA,Janus Henderson Short Duration Income ETF,$49.27,"$2,978","395,476",0.65%,Bond
OUNZ,VanEck Merk Gold ETF,$48.44,"$2,969","1,989,416",16.78%,Commodity
QTEC,First Trust NASDAQ-100 Technology Sector Index Fund,$226.90,"$2,956","203,756",-1.44%,Equity
FHLC,Fidelity MSCI Health Care Index ETF,$74.96,"$2,927","176,062",0.92%,Equity
IBDV,iShares iBonds Dec 2030 Term Corporate ETF,$22.21,"$2,918","964,305",1.00%,Bond
ILCG,iShares Morningstar Growth ETF,$100.42,"$2,899","82,310",-3.48%,Equity
AOA,iShares Core 80/20 Aggressive Allocation ETF,$92.59,"$2,877","118,278",3.38%,Multi-Asset
RDVI,FT Vest Rising Dividend Achievers Target Income ETF,$27.04,"$2,876","585,151",3.78%,Equity
FLCB,Franklin U.S. Core Bond ETF,$21.86,"$2,861","355,473",1.45%,Bond
IGLB,iShares 10+ Year Investment Grade Corporate Bond ETF,$51.37,"$2,811","1,673,425",2.27%,Bond
BSCT,Invesco BulletShares 2029 Corporate Bond ETF,$18.93,"$2,788","782,019",0.89%,Bond
USCA,Xtrackers MSCI USA Climate Action Equity ETF,$40.82,"$2,787","41,254",-2.43%,Equity
IYY,iShares Dow Jones U.S. ETF,$165.99,"$2,779","31,660",0.11%,Equity
FLRN,State Street SPDR Bloomberg Investment Grade Floating Rate ETF,$30.79,"$2,758","903,329",0.54%,Bond
PRFZ,Invesco RAFI US 1500 Small-Mid ETF,$48.46,"$2,757","100,071",5.59%,Equity
FELV,Fidelity Enhanced Large Cap Value ETF,$36.47,"$2,715","152,592",5.22%,Equity
EPI,WisdomTree India Earnings Fund,$45.50,"$2,712","717,763",-1.71%,Equity
MUNI,PIMCO Intermediate Municipal Bond Active Exchange-Traded Fund,$53.13,"$2,706","362,586",1.64%,Bond
FRDM,Freedom 100 Emerging Markets ETF,$60.40,"$2,688","423,954",17.81%,Equity
CGHM,Capital Group Municipal High-Income ETF,$25.84,"$2,673","391,975",1.66%,Bond
FLXR,TCW Flexible Income ETF,$39.77,"$2,669","389,248",0.93%,Bond
UITB,VictoryShares Core Intermediate Bond ETF,$47.81,"$2,654","183,038",1.36%,Bond
DCOR,Dimensional US Core Equity 1 ETF,$75.52,"$2,645","112,135",2.57%,Equity
NUGO,Nuveen Growth Opportunities ETF,$37.57,"$2,644","27,817",-5.51%,Equity
WTV,WisdomTree U.S. Value Fund,$100.07,"$2,631","163,159",7.26%,Equity
REMX,VanEck Rare Earth and Strategic Metals ETF,$89.70,"$2,617","1,368,508",21.35%,Equity
MDYV,State Street SPDR S&P 400 Mid Cap Value ETF,$91.53,"$2,609","92,087",8.13%,Equity
AGQ,ProShares Ultra Silver,$133.16,"$2,596","7,770,803",-14.16%,Commodity
BITB,Bitwise Bitcoin ETF Trust,$37.35,"$2,590","3,502,518",-21.47%,Currency
MDYG,State Street SPDR S&P 400 Mid Cap Growth ETF,$99.55,"$2,586","91,398",7.70%,Equity
PXF,Invesco RAFI Developed Markets ex-U.S. ETF,$74.08,"$2,584","83,829",13.02%,Equity
CWI,State Street SPDR MSCI ACWI ex-US ETF,$39.13,"$2,572","426,098",8.94%,Equity
FLTR,VanEck IG Floating Rate ETF,$25.54,"$2,562","790,968",0.60%,Bond
AIA,iShares Asia 50 ETF,$113.08,"$2,560","384,349",15.97%,Equity
KOMP,State Street SPDR S&P Kensho New Economies Composite ETF,$62.32,"$2,537","90,063",4.34%,Equity
BDYN,iShares Dynamic Equity Active ETF,$25.84,"$2,527","485,446",0.91%,Equity
TDTT,FlexShares iBoxx 3-Year Target Duration TIPS Index Fund,$24.20,"$2,524","267,810",0.58%,Bond
HIMU,iShares High Yield Muni Active ETF,$49.16,"$2,507","288,376",1.40%,Bond
IPAC,iShares Core MSCI Pacific ETF,$83.26,"$2,504","160,686",13.73%,Equity
OIH,VanEck Oil Services ETF,$381.32,"$2,499","574,797",33.90%,Equity
SMTH,ALPS | Smith Core Plus Bond ETF,$26.33,"$2,495","312,944",1.36%,Bond
SECT,Main Sector Rotation ETF,$63.85,"$2,493","114,635",-1.05%,Equity
DBMF,iMGP DBi Managed Futures Strategy ETF,$30.38,"$2,490","839,625",8.27%,Alternatives
AVSC,Avantis U.S Small Cap Equity ETF,$64.82,"$2,469","114,575",10.35%,Equity
URNM,Sprott Uranium Miners ETF,$68.96,"$2,462","895,735",25.63%,Equity
SKYY,First Trust Cloud Computing ETF,$114.26,"$2,454","216,056",-12.16%,Equity
IXC,iShares Global Energy ETF,$50.02,"$2,427","451,379",19.29%,Equity
VRP,Invesco Variable Rate Preferred ETF,$24.55,"$2,426","586,305",1.32%,Multi-Asset
ARKB,ARK 21Shares Bitcoin ETF,$22.82,"$2,426","6,168,205",-21.42%,Currency
BSCU,Invesco BulletShares 2030 Corporate Bond ETF,$17.01,"$2,422","897,892",0.92%,Bond
SPGP,Invesco S&P 500 GARP ETF,$114.55,"$2,419","90,079",0.61%,Equity
FBT,First Trust NYSE Arca Biotechnology Index Fund,$207.88,"$2,405","160,917",0.66%,Equity
EWW,iShares MSCI Mexico ETF,$81.03,"$2,400","1,555,105",16.88%,Equity
JMEE,JPMorgan Small & Mid Cap Enhanced Equity ETF,$70.18,"$2,389","109,149",9.01%,Equity
SPYX,State Street SPDR S&P 500 Fossil Fuel Reserves Free ETF,$55.88,"$2,379","127,362",-0.55%,Equity
FNCL,Fidelity MSCI Financials Index ETF,$73.82,"$2,377","117,214",-5.04%,Equity
SNPE,Xtrackers S&P 500 Scored & Screened ETF,$62.69,"$2,376","460,389",0.38%,Equity
HDEF,Xtrackers MSCI EAFE High Dividend Yield Equity ETF,$33.50,"$2,368","157,356",8.10%,Equity
SLQD,iShares 0-5 Year Investment Grade Corporate Bond ETF,$50.89,"$2,368","219,252",0.72%,Bond
XSMO,Invesco S&P SmallCap Momentum ETF,$79.68,"$2,360","236,141",10.65%,Equity
IBTG,iShares iBonds Dec 2026 Term Treasury ETF,$22.90,"$2,353","791,492",0.42%,Bond
IHDG,WisdomTree International Hedged Quality Dividend Growth Fund,$50.88,"$2,342","198,948",4.56%,Equity
EBND,SPDR Bloomberg Emerging Markets Local Bond ETF,$21.83,"$2,340","361,459",2.63%,Bond
HTRB,Hartford Total Return Bond ETF,$34.55,"$2,340","384,370",1.45%,Bond
COWG,Pacer US Large Cap Cash Cows Growth Leaders ETF,$34.81,"$2,339","586,154",-1.14%,Equity
SMMD,iShares Russell 2500 ETF,$80.48,"$2,339","346,394",7.39%,Equity
DIVI,Franklin International Core Dividend Tilt Index ETF,$42.45,"$2,337","217,383",9.15%,Equity
SCYB,Schwab High Yield Bond ETF,$26.49,"$2,335","999,030",0.85%,Bond
XOP,State Street SPDR S&P Oil & Gas Exploration & Production ETF,$147.89,"$2,334","3,444,789",17.13%,Equity
ESML,iShares ESG Aware MSCI USA Small-Cap ETF,$49.69,"$2,325","149,735",8.07%,Equity
ARTY,iShares Future AI & Tech ETF,$51.06,"$2,311","489,076",5.98%,Equity
FTSL,First Trust Senior Loan Fund,$45.30,"$2,309","286,814",-0.75%,Bond
PABU,iShares Paris-Aligned Climate Optimized MSCI USA ETF,$68.93,"$2,300","58,181",-5.37%,Equity
FUTY,Fidelity MSCI Utilities Index ETF,$60.05,"$2,297","271,135",8.75%,Equity
EQWL,Invesco S&P 100 Equal Weight ETF,$121.91,"$2,280","112,629",3.17%,Equity
PFFD,Global X U.S. Preferred ETF,$19.42,"$2,264","744,135",3.21%,Preferred Stock
APUE,ActivePassive U.S. Equity ETF,$41.90,"$2,262","116,110",0.56%,Equity
NULG,Nuveen ESG Large-Cap Growth ETF,$96.00,"$2,261","121,776",-1.84%,Equity
TBLL,Invesco Short Term Treasury ETF,$105.78,"$2,246","183,581",0.43%,Bond
IBDW,iShares iBonds Dec 2031 Term Corporate ETF,$21.28,"$2,241","531,381",1.02%,Bond
SQQQ,ProShares UltraPro Short QQQ,$72.73,"$2,241","44,352,441",6.18%,Equity
FAS,Direxion Daily Financial Bull 3X Shares,$138.01,"$2,237","622,694",-18.01%,Equity
BKAG,BNY Mellon Core Bond ETF,$42.87,"$2,229","166,708",1.47%,Bond
IYJ,iShares U.S. Industrials ETF,$159.55,"$2,216","88,943",7.68%,Equity
TSPA,T. Rowe Price U.S. Equity Research ETF,$42.92,"$2,208","147,794",0.33%,Equity
PFFA,Virtus InfraCap U.S. Preferred Stock ETF,$21.87,"$2,207","836,617",2.27%,Preferred Stock
ITM,VanEck Intermediate Muni ETF,$47.74,"$2,207","278,340",1.47%,Bond
ACIO,Aptus Collared Investment Opportunity ETF,$43.42,"$2,204","158,103",-0.64%,Multi-Asset
USCL,iShares Climate Conscious & Transition MSCI USA ETF,$77.59,"$2,181",462,-2.36%,Equity
FTLS,First Trust Long/Short Equity ETF,$70.81,"$2,178","118,433",-0.25%,Alternatives
BCI,abrdn Bloomberg All Commodity Strategy K-1 Free ETF,$20.96,"$2,175","1,293,989",7.32%,Commodity
GUSA,Goldman Sachs MarketBeta U.S. 1000 Equity ETF,$59.11,"$2,169",933,0.09%,Equity
PHO,Invesco Water Resources ETF,$72.58,"$2,169","58,533",3.08%,Equity
FSMD,Fidelity Small-Mid Multifactor ETF,$47.13,"$2,168","140,779",6.80%,Equity
PFXF,VanEck Preferred Securities ex Financials ETF,$18.43,"$2,166","617,400",4.63%,Preferred Stock
ICLN,iShares Global Clean Energy ETF,$18.42,"$2,160","3,983,913",12.11%,Equity
JPHY,JPMorgan Active High Yield ETF,$50.73,"$2,157","31,124",0.79%,Bond
BALT,Innovator Defined Wealth Shield ETF,$33.65,"$2,149","659,164",0.43%,Equity
QGRW,WisdomTree U.S. Quality Growth Fund,$56.36,"$2,142","334,827",-3.94%,Equity
FXO,First Trust Financials AlphaDEX Fund,$60.16,"$2,138","204,557",-0.31%,Equity
QGRO,American Century U.S. Quality Growth ETF ,$109.03,"$2,129","123,906",-4.79%,Equity
EPP,iShares MSCI Pacific ex Japan ETF,$55.31,"$2,110","401,613",9.59%,Equity
BSVO,EA Bridgeway Omni Small-Cap Value ETF,$26.29,"$2,094","190,954",12.83%,Equity
QDF,FlexShares Quality Dividend Index Fund,$82.48,"$2,093","31,692",2.07%,Equity
SCHY,Schwab International Dividend Equity ETF,$33.23,"$2,077","568,349",11.44%,Equity
SPUS,SP Funds S&P 500 Sharia Industry Exclusions ETF,$50.84,"$2,076","517,270",-0.40%,Equity
IWL,iShares Russell Top 200 ETF,$168.40,"$2,073","69,963",-1.31%,Equity
CGGE,Capital Group Global Equity ETF,$32.43,"$2,056","816,122",2.53%,Equity
MLPA,Global X MLP ETF,$52.92,"$2,055","300,094",11.45%,Equity
KLMN,Invesco MSCI North America Climate ETF,$27.92,"$2,054","372,033",-0.54%,Equity
FTGC,First Trust Global Tactical Commodity Strategy Fund,$24.44,"$2,047","638,344",5.21%,Commodity
IYG,iShares U.S. Financial Services ETF,$87.35,"$2,046","115,902",-5.31%,Equity
IBTH,iShares iBonds Dec 2027 Term Treasury ETF,$22.50,"$2,045","620,690",0.46%,Bond
ICF,iShares Select U.S. REIT ETF,$65.56,"$2,040","128,087",9.87%,Real Estate
DES,WisdomTree U.S. SmallCap Dividend Fund,$37.44,"$2,033","117,595",11.95%,Equity
ARKQ,ARK Autonomous Technology & Robotics ETF,$121.87,"$2,021","307,627",6.29%,Equity
FTHI,First Trust BuyWrite Income ETF,$23.73,"$2,021","660,733",1.21%,Equity
DFNM,Dimensional National Municipal Bond ETF,$48.78,"$2,017","173,378",1.35%,Bond
FIW,First Trust Water ETF,$113.05,"$1,999","46,519",4.06%,Equity
BBMC,JPMorgan BetaBuilders U.S. Mid Cap Equity ETF,$114.66,"$1,990","70,135",7.54%,Equity
NULV,Nuveen ESG Large-Cap Value ETF,$47.56,"$1,989","119,025",5.57%,Equity
PXH,Invesco RAFI Emerging Markets ETF,$28.05,"$1,980","290,825",8.68%,Equity
GTO,Invesco Total Return Bond ETF,$47.97,"$1,977","228,956",1.55%,Bond
JMOM,JPMorgan U.S. Momentum Factor ETF,$70.48,"$1,968","94,257",3.42%,Equity
FMB,First Trust Managed Municipal ETF,$51.83,"$1,962","175,056",1.66%,Bond
FIDU,Fidelity MSCI Industrial Index ETF,$93.38,"$1,961","104,779",13.22%,Equity
XSOE,WisdomTree Emerging Markets ex-State-Owned Enterprises Fund,$43.10,"$1,960","202,671",10.46%,Equity
HACK,Amplify Cybersecurity ETF,$77.89,"$1,957","96,805",-3.09%,Equity
PICK,iShares MSCI Global Metals & Mining Producers ETF,$60.63,"$1,953","839,143",18.10%,Equity
DFSU,Dimensional US Sustainability Core 1 ETF,$43.45,"$1,940","95,206",0.05%,Equity
DSTL,Distillate US Fundamental Stability & Value ETF,$61.47,"$1,938","104,405",4.37%,Equity
USTB,VictoryShares Short-Term Bond ETF,$50.99,"$1,937","197,560",0.72%,Bond
FPEI,First Trust Institutional Preferred Securities & Income ETF,$19.54,"$1,922","371,568",1.23%,Multi-Asset
TILT,FlexShares Morningstar US Market Factor Tilt Index Fund,$253.73,"$1,914","5,660",2.03%,Equity
TMFC,Motley Fool 100 Index ETF,$68.77,"$1,913","119,846",-4.18%,Equity
BULZ,MicroSectors Solactive FANG & Innovation 3X Leveraged ETN,$199.77,"$1,901","275,968",-23.03%,Equity
BITO,ProShares Bitcoin ETF,$9.50,"$1,899","52,021,004",-21.82%,Currency
HGER,Harbor Commodity All-Weather Strategy ETF,$26.93,"$1,888","674,964",8.50%,Commodity
FALN,iShares Fallen Angels USD Bond ETF,$27.59,"$1,885","819,343",1.59%,Bond
USD,ProShares Ultra Semiconductors,$55.27,"$1,885","854,486",5.26%,Equity
XHLF,BondBloxx Bloomberg Six Month Target Duration US Treasury ETF,$50.31,"$1,876","510,329",0.44%,Bond
EWP,iShares MSCI Spain ETF,$55.61,"$1,875","732,322",3.15%,Equity
CGIE,Capital Group International Equity ETF,$36.40,"$1,874","526,210",4.54%,Equity
XHB,State Street SPDR S&P Homebuilders ETF,$121.36,"$1,869","2,310,359",17.87%,Equity
HEDJ,WisdomTree Europe Hedged Equity Fund,$54.86,"$1,845","42,197",3.39%,Equity
FLQL,Franklin U.S. Large Cap Multifactor Index ETF,$70.78,"$1,839","63,352",2.09%,Equity
TIPX,State Street SPDR Bloomberg 1-10 Year TIPS ETF,$19.27,"$1,838","284,773",1.00%,Bond
SPBO,State Street SPDR Portfolio Corporate Bond ETF,$29.63,"$1,837","549,030",1.40%,Bond
XSD,State Street SPDR S&P Semiconductor ETF,$362.54,"$1,825","40,878",12.73%,Equity
TAGG,T. Rowe Price QM U.S. Bond ETF,$43.48,"$1,823","167,595",1.38%,Bond
ASHR,Xtrackers Harvest CSI 300 China A-Shares ETF,$33.68,"$1,818","6,198,308",2.53%,Equity
PSC,Principal U.S. Small-Cap ETF,$60.44,"$1,810","144,460",4.69%,Equity
HYLS,First Trust Tactical High Yield ETF,$41.46,"$1,806","250,873",-0.41%,Bond
RPV,Invesco S&P 500® Pure Value ETF,$112.58,"$1,799","206,763",8.92%,Equity
FDIS,Fidelity MSCI Consumer Discretionary Index ETF,$99.70,"$1,797","109,814",-2.41%,Equity
EWG,iShares MSCI Germany ETF,$43.97,"$1,796","2,169,032",3.46%,Equity
FLQM,Franklin U.S. Mid Cap Multifactor Index ETF,$57.87,"$1,796","140,511",2.86%,Equity
EEMA,iShares MSCI Emerging Markets Asia ETF,$103.85,"$1,793","74,306",10.46%,Equity
TCHP,T. Rowe Price Blue Chip Growth ETF,$46.23,"$1,792","187,394",-7.28%,Equity
JIVE,JPMorgan International Value ETF,$90.04,"$1,785","216,244",12.16%,Equity
IAI,iShares U.S. Broker-Dealers & Securities Exchanges ETF,$169.30,"$1,782","161,029",-5.61%,Equity
REGL,ProShares S&P MidCap 400 Dividend Aristocrats ETF,$92.70,"$1,781","64,241",10.07%,Equity
BAR,GraniteShares Gold Trust,$49.59,"$1,778","1,454,127",16.71%,Commodity
DGS,WisdomTree Emerging Markets SmallCap Dividend Fund,$63.62,"$1,764","104,057",11.15%,Equity
IEV,iShares Europe ETF,$72.72,"$1,756","232,090",6.01%,Equity
RWJ,Invesco S&P SmallCap 600 Revenue ETF,$53.53,"$1,749","91,159",9.87%,Equity
TLTW,iShares 20+ Year Treasury Bond BuyWrite Strategy ETF,$23.23,"$1,749","1,430,703",3.25%,Bond
QLTA,iShares Aaa - A Rated Corporate Bond ETF,$48.54,"$1,745","226,105",1.30%,Bond
UBND,VictoryShares Core Plus Intermediate Bond ETF,$22.17,"$1,740","303,079",1.21%,Bond
QQEW,First Trust Nasdaq-100 Select Equal Weight ETF,$132.43,"$1,736","45,898",-6.82%,Equity
RWR,State Street SPDR Dow Jones REIT ETF,$106.76,"$1,733","320,617",8.68%,Real Estate
USPX,Franklin U.S. Equity Index ETF,$59.53,"$1,733","40,884",-0.42%,Equity
FCOM,Fidelity MSCI Communication Services Index ETF,$70.88,"$1,731","159,678",-3.28%,Equity
LIT,Global X Lithium & Battery Tech ETF,$72.70,"$1,727","409,160",12.09%,Equity
VTES,Vanguard Short-Term Tax Exempt Bond ETF,$102.49,"$1,722","145,689",1.12%,Bond
FLMI,Franklin Dynamic Municipal Bond ETF,$25.28,"$1,705","668,067",1.95%,Bond
AOM,iShares Core 40/60 Moderate Allocation ETF,$48.80,"$1,703","199,068",2.24%,Multi-Asset
EWL,iShares MSCI Switzerland ETF,$63.79,"$1,700","514,422",6.39%,Equity
BUFD,FT Vest Laddered Deep Buffer ETF,$28.36,"$1,694","266,908",0.42%,Equity
JPIB,JPMorgan International Bond Opportunities ETF of Benef Interest,$49.27,"$1,694","265,887",1.56%,Bond
HYDB,iShares High Yield Systematic Bond ETF,$47.57,"$1,681","297,027",1.03%,Bond
CGNG,Capital Group New Geography Equity ETF,$34.25,"$1,674","555,211",7.27%,Equity
ETHE,Grayscale Ethereum Staking ETF,$16.68,"$1,672","7,918,214",-31.56%,Currency
FTXL,First Trust Nasdaq Semiconductor ETF,$156.34,"$1,658","311,686",20.69%,Equity
PKW,Invesco BuyBack Achievers™ ETF,$137.86,"$1,652","32,290",2.64%,Equity
RPG,Invesco S&P 500® Pure Growth ETF,$49.39,"$1,651","148,116",5.82%,Equity
TNA,Direxion Daily Small Cap Bull 3X Shares,$53.97,"$1,647","10,780,592",18.51%,Equity
VIOV,Vanguard S&P Small-Cap 600 Value ETF,$107.54,"$1,647","48,262",10.00%,Equity
ILOW,AB International Low Volatility Equity ETF,$44.91,"$1,647","92,351",5.45%,Equity
HYS,PIMCO 0-5 Year High Yield Corporate Bond Index Exchange-Traded Fund,$94.57,"$1,642","135,089",0.37%,Bond
BWX,SPDR Bloomberg International Treasury Bond ETF,$23.08,"$1,641","767,176",2.60%,Bond
ROBO,ROBO Global Robotics & Automation Index ETF,$77.31,"$1,638","176,329",11.54%,Equity
VTC,Vanguard Total Corporate Bond ETF,$78.42,"$1,615","120,049",1.42%,Bond
GSEW,Goldman Sachs Equal Weight U.S. Large Cap Equity ETF,$88.62,"$1,614","79,962",4.11%,Equity
ICOW,Pacer Developed Markets International Cash Cows 100 ETF,$43.25,"$1,614","191,190",11.81%,Equity
AVIG,Avantis Core Fixed Income ETF,$42.32,"$1,611","202,249",1.33%,Bond
ARKW,ARK Next Generation Internet ETF,$123.24,"$1,607","171,716",-16.58%,Equity
TAN,Invesco Solar ETF,$57.92,"$1,606","1,091,554",17.92%,Equity
DFAR,Dimensional US Real Estate ETF,$24.96,"$1,601","1,169,536",8.99%,Equity
EMGF,iShares Emerging Markets Equity Factor ETF,$65.05,"$1,598","102,378",12.45%,Equity
IBDX,iShares iBonds Dec 2032 Term Corporate ETF,$25.74,"$1,597","403,998",1.21%,Bond
JPEF,JPMorgan Equity Focus ETF,$74.96,"$1,596","92,254",0.37%,Equity
BSCV,Invesco BulletShares 2031 Corporate Bond ETF,$16.81,"$1,594","577,721",1.05%,Bond
QUS,State Street SPDR MSCI USA StrategicFactors ETF,$178.67,"$1,591","22,738",2.58%,Equity
FENY,Fidelity MSCI Energy Index ETF,$30.07,"$1,590","5,326,580",21.40%,Equity
GSWO,Goldman Sachs ActiveBeta World Equity ETF,$59.35,"$1,581","99,811",2.79%,Equity
ETH,Grayscale Ethereum Staking Mini ETF,$19.35,"$1,578","9,717,095",-31.04%,Currency
BNDW,Vanguard Total World Bond ETF,$69.46,"$1,575","142,116",1.33%,Bond
NUGT,Direxion Daily Gold Miners Index Bull 2x Shares,$253.54,"$1,574","815,529",37.91%,Equity
KBE,State Street SPDR S&P Bank ETF,$65.09,"$1,569","1,748,992",7.25%,Equity
EUSA,iShares MSCI USA Equal Weighted ETF,$107.36,"$1,559","50,213",3.86%,Equity
DTD,WisdomTree U.S. Total Dividend Fund,$89.96,"$1,559","29,203",6.06%,Equity
FNGU,MicroSectors FANG+ 3 Leveraged ETNs,$17.60,"$1,552","5,026,265",-30.32%,Equity
XNTK,State Street SPDR NYSE Technology ETF,$267.51,"$1,552","41,924",-3.73%,Equity
PWB,Invesco Large Cap Growth ETF,$133.85,"$1,550","39,740",5.30%,Equity
DFEV,Dimensional Emerging Markets Value ETF,$37.82,"$1,550","160,313",12.09%,Equity
BIZD,VanEck BDC Income ETF,$13.42,"$1,546","2,567,457",-5.36%,Equity
BDVL,iShares Disciplined Volatility Equity Active ETF Trust Unit,$25.53,"$1,545","244,517",2.93%,Equity
IBTI,iShares iBonds Dec 2028 Term Treasury ETF,$22.43,"$1,545","439,830",0.61%,Bond
PJAN,Innovator U.S. Equity Power Buffer ETF - January,$47.04,"$1,541","212,190",0.05%,Equity
FWD,AB Disruptors ETF,$114.49,"$1,540","157,487",9.65%,Equity
CGMM,Capital Group U.S. Small and Mid Cap ETF,$30.93,"$1,534","853,757",7.25%,Equity
BAFE,Brown Advisory Flexible Equity ETF,$26.55,"$1,532","74,852",-2.81%,Equity
XCEM,Columbia EM Core ex-China ETF,$44.04,"$1,525","206,510",14.81%,Equity
TMSL,T. Rowe Price Small-Mid Cap ETF,$39.05,"$1,521","261,667",8.77%,Equity
CLOA,iShares AAA CLO Active ETF,$51.88,"$1,520","470,237",0.65%,Bond
EMOP,AB Emerging Markets Opportunities ETF,$46.50,"$1,516","12,875",14.22%,Equity
QVML,Invesco S&P 500 QVM Multi-factor ETF,$40.06,"$1,509","7,441",-0.30%,Equity
IMCB,iShares Morningstar Mid-Cap ETF,$87.53,"$1,496","40,997",5.80%,Equity
SPGM,State Street SPDR Portfolio MSCI Global Stock Market ETF,$79.67,"$1,495","111,638",3.86%,Equity
CORP,PIMCO Investment Grade Corporate Bond Index ETF,$98.91,"$1,492","77,046",1.46%,Bond
IVOG,Vanguard S&P Mid-Cap 400 Growth ETF,$129.50,"$1,484","22,868",7.73%,Equity
FSTA,Fidelity MSCI Consumer Staples Index ETF,$56.57,"$1,481","188,700",15.00%,Equity
FSIG,First Trust Limited Duration Investment Grade Corporate ETF,$19.22,"$1,474","391,749",0.52%,Bond
FDLO,Fidelity Low Volatility Factor ETF,$67.59,"$1,473","85,887",1.26%,Equity
NVDY,YieldMax NVDA Option Income Strategy ETF,$13.72,"$1,471","5,553,190",-1.14%,Equity
QDPL,Pacer Metaurus US Large Cap Dividend Multiplier 400 ETF,$42.35,"$1,465","167,425",0.02%,Equity
KLMT,Invesco MSCI Global Climate 500 ETF,$31.81,"$1,463",575,2.70%,Equity
CGCV,Capital Group Conservative Equity ETF,$31.66,"$1,461","383,435",3.84%,Equity
PREF,Principal Spectrum Preferred Secs Active ETF,$19.19,"$1,460","284,610",1.04%,Preferred Stock
MISL,First Trust Indxx Aerospace & Defense ETF,$48.18,"$1,460","836,184",12.60%,Equity
IGEB,iShares Investment Grade Systematic Bond ETF,$46.06,"$1,460","166,292",1.26%,Bond
DHS,WisdomTree US High Dividend Fund,$113.43,"$1,456","32,898",11.60%,Equity
JEMA,JPMorgan ActiveBuilders Emerging Markets Equity ETF,$55.60,"$1,454","137,344",13.47%,Equity
FEX,First Trust Large Cap Core AlphaDEX Fund,$126.97,"$1,453","22,692",7.04%,Equity
ZROZ,PIMCO 25+ Year Zero Coupon US Treasury Index Exchange-Traded Fund,$67.21,"$1,450","491,698",4.61%,Bond
LCTU,iShares U.S. Carbon Transition Readiness Aware Active ETF,$73.44,"$1,447","24,794",-0.88%,Equity
SFLR,Innovator Equity Managed Floor ETF,$36.50,"$1,446","241,237",-0.98%,Equity
USVM,VictoryShares US Small Mid Cap Value Momentum ETF,$99.78,"$1,441","77,516",9.47%,Equity
DRSK,Aptus Defined Risk ETF,$28.05,"$1,440","170,476",-1.48%,Multi-Asset
EWA,iShares MSCI-Australia ETF,$29.16,"$1,439","5,228,857",11.34%,Equity
INFL,Horizon Kinetics Inflation Beneficiaries ETF,$51.10,"$1,428","240,113",14.93%,Equity
IYC, iShares U.S. Consumer Discretionary ETF,$101.47,"$1,425","152,379",-1.61%,Equity
YEAR,AB Ultra Short Income ETF,$50.59,"$1,423","220,744",0.55%,Bond
MMIT,NYLI MacKay Muni Intermediate ETF,$24.66,"$1,422","301,048",1.65%,Bond
RODM,Hartford Multifactor Developed Markets (ex-US) ETF,$40.40,"$1,419","98,259",9.26%,Equity
EPS,WisdomTree U.S. LargeCap Fund,$70.87,"$1,417","64,192",0.01%,Equity
RAVI,FlexShares Ultra-Short Income Fund,$75.51,"$1,413","67,754",0.53%,Bond
GEM,Goldman Sachs ActiveBeta Emerging Markets Equity ETF,$46.60,"$1,412","109,665",11.97%,Equity
IYE,iShares U.S. Energy ETF,$57.41,"$1,411","1,370,254",20.79%,Equity
RSSL,Global X Russell 2000 ETF,$102.97,"$1,411","29,956",6.61%,Equity
GSST,Goldman Sachs Ultra Short Bond ETF,$50.62,"$1,409","259,502",0.57%,Bond
SDOG,ALPS Sector Dividend Dogs ETF,$67.87,"$1,396","38,444",12.24%,Equity
FXL,First Trust Technology AlphaDEX Fund,$166.49,"$1,395","15,590",-1.06%,Equity
IDU,iShares U.S. Utilities ETF,$117.77,"$1,389","183,656",8.68%,Equity
VRIG,Invesco Variable Rate Investment Grade ETF,$25.16,"$1,388","384,206",0.63%,Bond
PDP,Invesco Dorsey Wright Momentum ETF,$126.70,"$1,386","22,305",8.84%,Equity
DBC,Invesco DB Commodity Index Tracking Fund,$23.88,"$1,386","676,784",6.80%,Commodity
SUSC,iShares ESG Aware USD Corporate Bond ETF,$23.60,"$1,384","240,076",1.28%,Bond
HFXI,IQ FTSE International Equity Currency Neutral ETF,$35.66,"$1,383","196,310",9.89%,Equity
UGL,ProShares Ultra Gold,$72.73,"$1,382","5,792,044",31.00%,Commodity
EUAD,Select STOXX Europe Aerospace & Defense ETF,$46.14,"$1,378","535,365",9.52%,Equity
CGIC,Capital Group International Core Equity ETF,$35.36,"$1,378","487,402",8.80%,Equity
FREL,Fidelity MSCI Real Estate Index ETF,$28.73,"$1,377","455,583",6.84%,Real Estate
BSCW,Invesco BulletShares 2032 Corporate Bond ETF,$21.05,"$1,371","387,154",1.19%,Bond
MEAR,iShares Short Maturity Municipal Bond Active ETF,$50.56,"$1,368","127,657",0.68%,Bond
XOVR,ERShares Private-Public Crossover ETF,$17.31,"$1,367","860,132",-14.05%,Bond
CLOI,VanEck CLO ETF,$52.89,"$1,364","295,098",0.59%,Bond
VFMO,Vanguard U.S. Momentum Factor ETF,$205.14,"$1,360","36,065",7.26%,Equity
PWV,Invesco Large Cap Value ETF,$70.21,"$1,357","54,792",5.55%,Equity
IYK,iShares U.S. Consumer Staples ETF,$75.81,"$1,353","314,444",13.28%,Equity
FLDR,Fidelity Low Duration Bond Factor ETF,$50.38,"$1,349","258,344",0.64%,Bond
IWC,iShares Micro-Cap ETF,$166.03,"$1,346","96,597",5.28%,Equity
UTES,Virtus Reaves Utilities ETF,$83.21,"$1,342","216,430",5.40%,Equity
PSI,Invesco Semiconductors ETF,$100.58,"$1,341","102,735",27.54%,Equity
TOUS,T. Rowe Price International Equity ETF,$37.57,"$1,337","204,419",8.90%,Equity
EQTY,Kovitz Core Equity ETF,$26.90,"$1,335","40,779",-0.34%,Equity
IYM,iShares U.S. Basic Materials ETF,$183.08,"$1,332","130,379",18.91%,Equity
DIVB,iShares Core Dividend ETF,$56.48,"$1,331","174,551",6.27%,Equity
FETH,Fidelity Ethereum Fund ETF,N/A,"$1,326",N/A,N/A,Currency
FEGE,First Eagle Global Equity ETF,$50.68,"$1,324","300,938",10.11%,Equity
RYLD,Global X Russell 2000 Covered Call ETF,$15.69,"$1,322","848,403",3.57%,Multi-Asset
ECH,iShares MSCI Chile ETF,$43.81,"$1,321","971,757",8.44%,Equity
JSCP,JPMorgan Short Duration Core Plus ETF,$47.76,"$1,308","238,243",0.78%,Bond
PCY,Invesco Emerging Markets Sovereign Debt ETF,$21.99,"$1,307","392,322",2.02%,Bond
CTA,Simplify Managed Futures Strategy ETF,$28.83,"$1,303","387,571",6.12%,Alternatives
LDUR,PIMCO Enhanced Low Duration Active ETF,$96.31,"$1,303","88,390",0.72%,Bond
DDWM,WisdomTree Dynamic International Equity Fund,$46.58,"$1,296","146,687",6.98%,Equity
PIEQ,Principal International Equity ETF,$35.45,"$1,293","33,029",7.55%,Equity
FTA,First Trust Large Cap Value AlphaDEX Fund,$94.80,"$1,290","34,656",10.05%,Equity
NTSX,WisdomTree U.S. Efficient Core Fund,$54.87,"$1,286","64,784",0.12%,Multi-Asset
SLVP,iShares MSCI Global Silver Miners ETF,$41.64,"$1,286","968,633",21.51%,Equity
FNX,First Trust Mid Cap Core AlphaDEX Fund,$136.39,"$1,285","19,184",8.27%,Equity
INCM,Franklin Income Focus ETF Income Focus ETF,$29.48,"$1,278","317,348",5.56%,Multi-Asset
BKIE,BNY Mellon International Equity ETF,$100.46,"$1,276","58,211",8.54%,Equity
FDEC,FT Vest US Equity Buffer ETF - December,$51.10,"$1,274","68,503",-0.16%,Equity
TDVG,T. Rowe Price Dividend Growth ETF,$46.65,"$1,273","73,662",3.72%,Equity
DVYE,iShares Emerging Markets Dividend ETF,$34.46,"$1,270","226,311",10.59%,Equity
FTC,First Trust Large Cap Growth AlphaDEX Fund,$162.29,"$1,269","18,441",1.51%,Equity
FTGS,First Trust Growth Strength ETF,$35.24,"$1,269","151,767",-0.31%,Equity
VTWG,Vanguard Russell 2000 Growth ETF,$244.50,"$1,267","25,605",3.61%,Equity
SMIG,Bahl & Gaynor Small/Mid Cap Income Growth ETF,$31.50,"$1,265","231,862",9.54%,Equity
GARP,iShares MSCI USA Quality GARP ETF,$67.43,"$1,263","289,129",-0.98%,Equity
SDIV,Global X SuperDividend ETF,$25.93,"$1,260","622,760",8.69%,Equity
PTNQ,Pacer Trendpilot 100 ETF,$76.96,"$1,251","39,570",-2.14%,Multi-Asset
USXF,iShares ESG Advanced MSCI USA ETF,$58.35,"$1,249","71,332",1.33%,Equity
ARKG,ARK Genomic Revolution ETF,$28.36,"$1,247","3,004,240",-2.11%,Equity
PPH,VanEck Pharmaceutical ETF,$111.19,"$1,234","455,290",7.77%,Equity
NUSC,Nuveen ESG Small-Cap ETF,$47.98,"$1,232","120,543",7.46%,Equity
SPLB,State Street SPDR Portfolio Long Term Corporate Bond ETF,$23.01,"$1,227","3,141,684",2.36%,Bond
IVOV,Vanguard S&P Mid-Cap 400 Value ETF,$109.13,"$1,225","29,722",8.04%,Equity
PHYL,PGIM Active High Yield Bond ETF,$35.60,"$1,221","358,903",0.91%,Bond
ISPY,ProShares S&P 500 High Income ETF,$45.52,"$1,219","132,481",0.25%,Equity
FGD,First Trust Dow Jones Global Select Dividend Index Fund,$33.75,"$1,219","209,778",11.50%,Equity
RWO,State Street SPDR Dow Jones Global Real Estate ETF,$49.23,"$1,213","61,733",9.35%,Real Estate
FPX,First Trust US Equity Opportunities ETF,$162.04,"$1,212","30,624",-0.95%,Equity
IGRO,iShares International Dividend Growth ETF,$89.29,"$1,210","65,765",7.87%,Equity
USO,United States Oil Fund LP,$76.22,"$1,210","5,975,168",10.21%,Commodity
EXI,iShares Global Industrials ETF,$197.55,"$1,206","43,397",12.67%,Equity
ILCV,iShares Morningstar Value ETF,$97.11,"$1,201","47,970",2.92%,Equity
FJAN,FT Vest US Equity Buffer ETF - January,$51.79,"$1,200","89,048",0.08%,Equity
JHMD,John Hancock Multifactor Developed International ETF,$45.27,"$1,197","174,756",9.01%,Equity
IBTJ,iShares iBonds Dec 2029 Term Treasury ETF,$22.05,"$1,193","423,702",0.77%,Bond
AVIV,Avantis International Large Cap Value ETF,$79.02,"$1,192","67,575",10.94%,Equity
BUFQ,FT Vest Laddered Nasdaq Buffer ETF,$35.63,"$1,191","152,695",-0.59%,Equity
AVES,Avantis Emerging Markets Value ETF,$64.68,"$1,191","106,906",10.92%,Equity
PALL,abrdn Physical Palladium Shares ETF,$153.47,"$1,187","625,571",5.56%,Commodity
FJUL,FT Vest U.S. Equity Buffer ETF - July,$56.00,"$1,186","26,019",0.15%,Equity
EDIV,State Street SPDR S&P Emerging Markets Dividend ETF,$42.45,"$1,186","162,698",8.43%,Equity
QQQE,Direxion NASDAQ-100 Equal Weighted Index Shares,$102.68,"$1,183","233,805",0.36%,Equity
FQAL,Fidelity Quality Factor ETF,$76.14,"$1,182","33,552",0.73%,Equity
ILCB,iShares Morningstar U.S. Equity ETF,$94.11,"$1,180","21,851",-0.29%,Equity
NYF,iShares New York Muni Bond ETF,$54.14,"$1,175","147,157",1.43%,Bond
HYGV,FlexShares High Yield Value-Scored Bond Index Fund,$40.89,"$1,173","135,070",0.98%,Bond
SEIM,SEI Enhanced U.S. Large Cap Momentum Factor ETF,$47.56,"$1,168","73,816",3.10%,Equity
SEIV,SEI Enhanced U.S. Large Cap Value Factor ETF,$43.08,"$1,167","89,376",3.82%,Equity
FAUG,FT Vest U.S. Equity Buffer ETF - August,$53.03,"$1,163","26,451",0.15%,Equity
FNDB,Schwab Fundamental U.S. Broad Market ETF,$28.30,"$1,162","128,122",6.51%,Equity
IYT,iShares US Transportation ETF,$79.91,"$1,161","631,192",7.25%,Equity
FNOV,FT Vest U.S. Equity Buffer ETF - November,$54.88,"$1,161","70,190",0.09%,Equity
RWK,Invesco S&P MidCap 400 Revenue ETF,$137.15,"$1,159","22,114",8.45%,Equity
FSEP,FT Vest U.S. Equity Buffer ETF - September,$51.66,"$1,157","26,357",0.19%,Equity
DFAW,Dimensional World Equity ETF,$77.69,"$1,156","77,786",5.01%,Equity
FVAL,Fidelity Value Factor ETF,$73.06,"$1,156","46,163",1.09%,Equity
LGLV,State Street SPDR US Large Cap Low Volatility Index ETF,$185.91,"$1,155","32,533",5.89%,Equity
MUU,Direxion Daily MU Bull 2X Shares,$193.36,"$1,153","1,772,789",91.94%,Equity
SFGV,Sequoia Global Value ETF,$34.76,"$1,151","27,976",10.03%,Equity
JBBB,Janus Henderson B-BBB CLO ETF,$47.78,"$1,150","415,414",0.68%,Bond
PWRD,TCW Transform Systems ETF,$106.11,"$1,148","73,367",10.35%,Equity
OAKM,Oakmark U.S. Large Cap ETF,$28.29,"$1,145","363,259",-0.25%,Equity
BBAG,JPMorgan BetaBuilders U.S. Aggregate Bond ETF,$46.90,"$1,144","104,584",1.37%,Bond
BSJQ,Invesco BulletShares 2026 High Yield Corp Bond ETF,$23.32,"$1,142","324,111",0.36%,Bond
TAFI,AB Tax-Aware Short Duration Municipal ETF,$25.43,"$1,142","312,516",1.13%,Bond
CAM,AB California Intermediate Municipal ETF,N/A,"$1,130",N/A,N/A,Bond
DTCR,Global X Data Center And Digital Infrastructure ETF,$26.21,"$1,127","639,030",24.22%,Equity
CATH,Global X S&P 500 Catholic Values Custom ETF,$81.88,"$1,123","29,900",-0.42%,Equity
FFSM,Fidelity Fundamental Small-Mid Cap ETF,$33.82,"$1,122","159,267",10.20%,Equity
FOCT,FT Vest U.S. Equity Buffer ETF - October,$48.97,"$1,115","72,471",-0.04%,Equity
FFEB,FT Vest U.S. Equity Buffer Fund - February,$57.21,"$1,112","34,476",1.04%,Equity
GGLL,Direxion Daily GOOGL Bull 2X Shares,$90.84,"$1,106","2,094,849",-6.23%,Equity
BUYW,Main BuyWrite ETF,$14.26,"$1,106","384,813",0.07%,Equity
FLGV,Franklin U.S. Treasury Bond ETF,$20.73,"$1,103","95,783",1.31%,Bond
HODL,VanEck Bitcoin ETF,$19.44,"$1,099","2,635,265",-21.39%,Currency
BBRE,JPMorgan BetaBuilders MSCI US REIT ETF,$100.88,"$1,098","29,206",8.95%,Real Estate
IGOV,iShares International Treasury Bond ETF,$42.94,"$1,092","253,000",3.07%,Bond
VCRM,Vanguard Core Tax-Exempt Bond ETF,$76.50,"$1,086","172,376",1.54%,Bond
FJUN,FT Vest U.S. Equity Buffer ETF - June,$57.30,"$1,086","19,960",0.42%,Equity
PEY,Invesco High Yield Equity Dividend Achievers™ ETF,$22.09,"$1,082","404,265",8.76%,Equity
DFIP,Dimensional Inflation-Protected Securities ETF,$42.14,"$1,082","116,052",1.41%,Bond
SUSB,iShares ESG Aware 1-5 Year USD Corporate Bond ETF,$25.35,"$1,079","140,741",0.80%,Bond
JHML,John Hancock Multifactor Large Cap ETF,$81.70,"$1,079","31,060",2.32%,Equity
QEFA,State Street SPDR MSCI EAFE StrategicFactors ETF,$98.59,"$1,077","36,789",8.74%,Equity
POCT,Innovator U.S. Equity Power Buffer ETF - October,$43.91,"$1,076","72,181",-0.02%,Equity
PWZ,Invesco California AMT-Free Municipal Bond ETF,$24.42,"$1,075","217,819",1.39%,Bond
DLS,WisdomTree International SmallCap Dividend Fund,$88.26,"$1,075","31,033",8.95%,Equity
IQDF,FlexShares International Quality Dividend Index Fund,$33.58,"$1,075","103,130",10.46%,Equity
CGW,Invesco S&P Global Water Index ETF,$68.49,"$1,074","33,371",8.70%,Equity
FYX,First Trust Small Cap Core AlphaDEX Fund,$124.33,"$1,073","24,075",9.89%,Equity
FMAY,FT Vest U.S. Equity Buffer Fund - May,$53.61,"$1,071","12,003",0.30%,Equity
DUSA,Davis Select U.S. Equity ETF,$52.59,"$1,063","65,719",2.86%,Equity
HAUZ,DBX ETF Trust - Xtrackers International Real Estate ETF,$25.35,"$1,063","86,230",9.22%,Real Estate
BAB,Invesco Taxable Municipal Bond ETF,$27.49,"$1,055","150,862",1.40%,Bond
FDT,First Trust Developed Markets ex-US AlphaDEX Fund,$93.46,"$1,055","98,413",17.64%,Equity
VCEB,Vanguard ESG U.S. Corporate Bond ETF,$64.19,"$1,054","49,995",1.27%,Bond
ULTY,YieldMax Ultra Option Income Strategy ETF,$34.45,"$1,053","1,202,934",-2.71%,Equity
BLOK,Amplify Blockchain Technology ETF,$54.01,"$1,050","401,379",-5.06%,Equity
CHAT,Roundhill Generative AI & Technology ETF,$63.34,"$1,044","368,587",7.43%,Equity
MSTY,YieldMax MSTR Option Income Strategy ETF,$23.92,"$1,044","1,975,807",-18.14%,Equity
IBHF,iShares iBonds 2026 Term High Yield and Income ETF,$23.04,"$1,044","342,527",0.32%,Bond
VTWV,Vanguard Russell 2000 Value ETF,$176.21,"$1,042","27,456",10.18%,Equity
CRBN,iShares Low Carbon Optimized MSCI ACWI ETF,$236.32,"$1,040","8,462",2.51%,Equity
SUSL,iShares ESG MSCI USA Leaders ETF,$120.94,"$1,039","30,817",-0.27%,Equity
STRV,Strive 500 ETF,$43.88,"$1,039","82,340",-0.47%,Equity
SLVR,Sprott Silver Miners & Physical Silver ETF,$65.91,"$1,036","605,797",18.12%,Multi-Asset
PDEC,Innovator U.S. Equity Power Buffer ETF - December,$43.41,"$1,035","126,217",0.07%,Equity
SOXQ,Invesco PHLX Semiconductor ETF,$64.04,"$1,035","933,652",14.83%,Equity
APIE,ActivePassive International Equity ETF,$38.32,"$1,034","56,006",7.91%,Equity
IHE,iShares U.S. Pharmaceuticals ETF,$90.42,"$1,031","115,329",6.59%,Equity
AVLC,Avantis U.S. Large Cap Equity ETF,$80.86,"$1,029","60,770",2.85%,Equity
WINN,Harbor Long-Term Growers ETF,$29.26,"$1,027","118,125",-5.93%,Equity
DFSI,Dimensional International Sustainability Core 1 ETF,$45.94,"$1,026","59,275",7.22%,Equity
EIPI,FT Energy Income Partners Enhanced Income ETF,$22.05,"$1,026","92,525",11.64%,Equity
TGRT,T. Rowe Price Growth ETF,$41.26,"$1,022","122,527",-6.77%,Equity
KXI,iShares Global Consumer Staples ETF,$73.27,"$1,022","97,386",13.33%,Equity
RSPN,Invesco S&P 500 Equal Weight Industrials ETF,$62.84,"$1,019","194,663",10.97%,Equity
SMMU,PIMCO Short Term Municipal Bond Active ETF,$50.83,"$1,018","97,575",1.01%,Bond
TSLY,YieldMax TSLA Option Income Strategy ETF,$33.73,"$1,013","2,238,227",-4.12%,Equity
BUFC,AB Conservative Buffer ETF,$41.39,"$1,013","46,606",0.16%,Equity
PJUL,Innovator U.S. Equity Power Buffer ETF - July,$46.59,"$1,010","72,703",0.34%,Equity
EFIV,State Street SPDR S&P 500 ESG ETF,$66.46,"$1,007","45,603",0.47%,Equity
SPIP,State Street SPDR Portfolio TIPS ETF,$26.30,"$1,002","243,417",1.35%,Bond
FFLC,Fidelity Fundamental Large Cap Core ETF,$54.25,$999,"78,100",1.67%,Equity
WCMI,First Trust WCM International Equity ETF,$18.00,$996,"427,283",5.82%,Equity
IMCV,iShares Morningstar Mid-Cap Value ETF,$88.95,$995,"30,257",8.03%,Equity
TDTF,FlexShares iBoxx 5-Year Target Duration TIPS Index Fund,$24.23,$989,"160,805",1.08%,Bond
SOXS,Direxion Daily Semiconductor Bear 3x Shares,$1.76,$989,"421,528,875",-43.77%,Equity
FAPR,FT Vest U.S. Equity Buffer ETF - April,$44.62,$985,"29,684",0.45%,Equity
IVES,Dan Ives Wedbush AI Revolution ETF,$30.41,$984,"843,319",-3.80%,Equity
FLGB,Franklin FTSE United Kingdom ETF,$36.07,$982,"184,822",6.87%,Equity
IDVO,Amplify CWP International Enhanced Dividend Income ETF,$42.76,$979,"333,632",12.05%,Equity
RDIV,Invesco S&P Ultra Dividend Revenue ETF,$57.12,$977,"49,529",9.76%,Equity
SH,ProShares Short S&P500,$36.27,$969,"6,975,141",0.67%,Equity
SEIE,SEI Select International Equity ETF,$34.98,$967,"115,530",7.52%,Equity
PNOV,Innovator U.S. Equity Power Buffer ETF - November,$41.82,$963,"111,589",0.10%,Equity
FMAR,FT Vest US Equity Buffer ETF - March,$47.78,$963,"17,552",0.66%,Equity
GSID,Marketbeta INTL Equity ETF,$75.39,$959,"24,522",8.76%,Equity
MOO,VanEck Agribusiness ETF,$85.29,$957,"193,067",17.17%,Equity
OUSM,ALPS | O’Shares U.S. Small-Cap Quality Dividend ETF,$47.11,$956,"69,637",7.78%,Equity
VOTE,TCW Transform 500 ETF,$79.96,$955,"21,117",-0.33%,Equity
TSME,Thrivent Small-Mid Cap Equity ETF,$46.62,$951,"97,346",11.97%,Equity
SYLD,Cambria Shareholder Yield ETF,$77.55,$946,"57,890",11.55%,Equity
PID,Invesco International Dividend Achievers™ ETF,$23.56,$945,"85,451",7.09%,Equity
ARKF,ARK Blockchain & Fintech Innovation ETF,$37.58,$944,"267,213",-21.10%,Equity
BKDV,BNY Mellon Dynamic Value ETF,$30.77,$942,"302,248",6.03%,Equity
TBUX,T. Rowe Price Ultra Short-Term Bond ETF,$49.95,$939,"185,356",0.55%,Bond
CPER,United States Copper Index Fund,$35.56,$934,"1,230,838",1.72%,Commodity
SCHQ,Schwab Long-Term U.S. Treasury ETF,$32.46,$931,"909,152",2.87%,Bond
FLBL,Franklin Senior Loan ETF Franklin Liberty Senior Loan Fund,$23.11,$928,"395,337",-0.85%,Bond
FMHI,First Trust Municipal High Income ETF,$48.47,$927,"111,484",1.48%,Bond
YINN,Direxion Daily FTSE China Bull 3X Shares,$41.39,$927,"1,894,841",-2.82%,Equity
FYC,First Trust Small Cap Growth AlphaDEX Fund,$100.75,$924,"74,454",4.82%,Equity
IGE,iShares North American Natural Resources ETF,$60.34,$923,"170,610",20.20%,Equity
NANR,State Street SPDR S&P North American Natural Resources ETF,$81.89,$921,"35,825",20.73%,Equity
FXH,First Trust Health Care AlphaDEX Fund,$114.65,$920,"27,686",0.73%,Equity
PSEP,Innovator U.S. Equity Power Buffer ETF - September,$43.79,$918,"50,611",0.16%,Equity
XTEN,BondBloxx Bloomberg Ten Year Target Duration US Treasury ETF,$47.01,$916,"159,659",2.07%,Bond
XLSR,State Street US Sector Rotation ETF,$60.70,$914,"47,359",-2.58%,Equity
JETS,U.S. Global Jets ETF,$29.36,$912,"3,902,257",4.60%,Equity
ISCG,iShares Morningstar Small-Cap Growth ETF,$58.41,$910,"51,532",5.32%,Equity
QDTE,Roundhill Innovation-100 0DTE Covered Call Strategy ETF,$29.58,$908,"884,583",-1.67%,Equity
BITX,2x Bitcoin Strategy ETF,$15.84,$908,"12,334,018",-42.84%,Currency
TGRW,T. Rowe Price Growth Stock ETF,$42.62,$907,"25,348",-7.37%,Equity
EZA,iShares MSCI South Africa ETF,$75.32,$907,"345,156",9.48%,Equity
GSSC,TR Activebeta US Small Cap Equity ETF,$79.27,$902,"53,633",4.82%,Equity
CSHI,NEOS Enhanced Income 1-3 Month T-Bill ETF,$49.56,$897,"290,892",0.45%,Bond
ALLW,SPDR Bridgewater All Weather ETF,$29.31,$895,"464,922",6.62%,Multi-Asset
QQQJ,Invesco NASDAQ Next Gen 100 ETF,$38.04,$895,"218,005",3.23%,Equity
PAUG,Innovator U.S. Equity Power Buffer ETF - August,$43.37,$893,"48,494",0.28%,Equity
VIOG,Vanguard S&P Small-Cap 600 Growth ETF,$131.05,$892,"18,767",8.05%,Equity
GWX,State Street SPDR S&P International Small Cap ETF,$45.25,$892,"60,300",10.74%,Equity
NBCR,Neuberger Core Equity ETF,$31.15,$892,"128,857",-1.15%,Equity
EMCS,Xtrackers MSCI Emerging Markets Climate Selection ETF,$40.16,$890,"50,557",12.71%,Equity
AGGY,WisdomTree Yield Enhanced U.S. Aggregate Bond Fund,$44.56,$888,"87,100",1.52%,Bond
EZM,WisdomTree U.S. MidCap Fund,$71.12,$881,"27,981",6.47%,Equity
BTCI,NEOS Bitcoin High Income ETF,$34.64,$879,"745,314",-19.45%,Currency
BUG,Global X Cybersecurity ETF,$27.89,$877,"492,651",-8.44%,Equity
SYFI,AB Short Duration High Yield ETF,$35.94,$865,"109,248",0.52%,Bond
ONEY,State Street SPDR Russell 1000 Yield Focus ETF,$126.18,$864,"21,717",11.11%,Equity
JSMD,Janus Henderson Small/Mid Cap Growth Alpha ETF,$85.85,$851,"58,402",5.26%,Equity
FHEQ,Fidelity Hedged Equity ETF,$30.65,$849,"163,125",-0.84%,Equity
WSML,iShares MSCI World Small-Cap ETF,$33.28,$846,"14,025",9.39%,Equity
PLDR,Putnam Sustainable Leaders ETF,$35.77,$845,"25,389",-3.86%,Equity
LEMB,iShares J.P. Morgan EM Local Currency Bond ETF,$42.83,$843,"224,740",3.03%,Bond
PRIV,SPDR SSGA IG Public & Private Credit ETF,$25.69,$843,"399,375",1.47%,Bond
IDEQ,Lazard International Dynamic Equity ETF,$34.03,$842,"256,400",12.13%,Equity
PTRB,PGIM Total Return Bond ETF,$42.51,$841,"117,730",1.47%,Bond
GIGB,Goldman Sachs Access Investment Grade Corporate Bond ETF,$46.76,$841,"130,665",1.46%,Bond
SDVD,FT Vest SMID Rising Dividend Achievers Target Income ETF,$23.34,$840,"160,365",9.52%,Equity
GOVI,Invesco Equal Weight 0-30 Year Treasury ETF,$28.03,$838,"286,197",2.08%,Bond
FDD,First Trust STOXX European Select Dividend Index Fund,$18.45,$836,"337,306",5.43%,Equity
EIS,iShares MSCI Israel ETF,$122.50,$836,"103,463",11.33%,Equity
XEMD,BondBloxx JP Morgan USD Emerging Markets 1-10 Year Bond ETF,$45.26,$835,"132,044",2.00%,Bond
BUFZ,FT Vest Laddered Moderate Buffer ETF,$26.62,$834,"159,784",0.34%,Equity
ARGT,Global X MSCI Argentina ETF,$92.39,$833,"223,257",1.07%,Equity
NUKZ,Range Nuclear Renaissance Index ETF,$70.71,$833,"143,813",11.35%,Equity
REZ,iShares Residential and Multisector Real Estate ETF,$89.04,$830,"77,132",7.74%,Real Estate
PCEF,Invesco CEF Income Composite ETF,$20.21,$828,"143,717",2.31%,Multi-Asset
DJP,iPath Bloomberg Commodity Index Total Return ETN,$40.71,$825,"99,778",8.24%,Commodity
SGDM,Sprott Gold Miners ETF,$84.78,$823,"74,452",21.76%,Equity
MFSI,MFS Active International ETF,$31.80,$822,"282,168",4.43%,Equity
JNUG,Direxion Daily Junior Gold Miners Index Bull 2x Shares,$274.09,$819,"316,371",32.71%,Equity
AUSF,Global X Adaptive U.S. Factor ETF,$49.90,$817,"55,717",8.28%,Equity
FXU,First Trust Utilities AlphaDEX Fund,$50.09,$816,"844,632",11.29%,Equity
ROM,ProShares Ultra Technology,$87.56,$816,"37,767",-7.15%,Equity
ABFL,Abacus FCF Leaders ETF,$72.99,$816,"46,133",2.27%,Equity
MODL,VictoryShares WestEnd U.S. Sector ETF,$46.98,$815,"74,383",-1.07%,Equity
IETC, iShares U.S. Tech Independence Focused ETF,$91.10,$814,"63,848",-10.33%,Equity
PFEB,Innovator U.S. Equity Power Buffer ETF - February,$40.94,$813,"98,325",0.54%,Equity
QLC,FlexShares US Quality Large Cap Index Fund,$81.34,$809,"35,740",0.43%,Equity
BBEM,JPMorgan BetaBuilders Emerging Markets Equity ETF,$70.63,$808,"42,617",11.00%,Equity
UDOW,ProShares UltraPro Dow30,$62.23,$808,"5,153,460",7.46%,Equity
DSPY,Tema S&P 500 Historical Weight ETF Strategy,$59.57,$807,"2,379",2.18%,Equity
BALI,iShares U.S. Large Cap Premium Income Active ETF,$31.84,$805,"203,432",1.06%,Equity
VFVA,Vanguard U.S. Value Factor ETF,$142.66,$799,"12,656",7.44%,Equity
BSJR,Invesco BulletShares 2027 High Yield Corporate Bond ETF,$22.66,$798,"218,646",0.63%,Bond
IYZ,iShares U.S. Telecommunications ETF,$38.39,$798,"1,451,519",13.24%,Equity
AVGE,Avantis All Equity Markets ETF,$92.43,$798,"37,795",7.59%,Equity
SPEU,State Street SPDR Portfolio Europe ETF,$55.22,$797,"64,216",5.93%,Equity
OUSA,ALPS O'Shares U.S. Quality Dividend ETF,$58.94,$796,"31,484",2.29%,Equity
ISHG,iShares 1-3 Year International Treasury Bond ETF,$76.95,$795,"79,329",2.27%,Bond
IBTK,iShares iBonds Dec 2030 Term Treasury ETF,$19.97,$795,"337,563",0.90%,Bond
TPYP,Tortoise North American Pipeline Fund,$40.65,$793,"42,798",15.19%,Equity
FTQI,First Trust Nasdaq BuyWrite Income ETF,$20.48,$792,"276,640",-0.65%,Equity
JCPI,JPMorgan Inflation Managed Bond ETF,$48.76,$790,"56,965",1.25%,Bond
FXR,First Trust Industrials/Producer Durables AlphaDEX Fund,$90.45,$788,"309,946",13.25%,Equity
MSOS,AdvisorShares Pure US Cannabis ETF,$3.96,$788,"11,934,450",-16.10%,Equity
EWS,iShares MSCI Singapore ETF,$28.47,$787,"889,852",3.49%,Equity
AMJB,"Alerian MLP Index ETNs due January 28, 2044",$34.34,$787,"54,767",14.81%,Equity
RGEF,Rockefeller Global Equity ETF,$31.63,$786,"9,417",3.16%,Equity
DOL,WisdomTree True Developed International Fund,$72.37,$785,"24,478",9.90%,Equity
QAI,NYLI Hedge Multi-Strategy Tracker ETF,$34.62,$782,"111,267",3.31%,Alternatives
PFM,Invesco Dividend Achievers™ ETF,$53.85,$775,"37,386",4.56%,Equity
RLY,State Street Multi-Asset Real Return ETF,$35.09,$774,"114,368",11.57%,Alternatives
PAPR,Innovator U.S. Equity Power Buffer ETF - April,$39.36,$773,"35,524",0.61%,Equity
FEOE,First Eagle Overseas Equity ETF,$54.19,$769,"159,517",12.06%,Equity
GSG,iShares S&P GSCI Commodity-Indexed Trust,$24.72,$768,"874,456",7.20%,Commodity
RSPH,Invesco S&P 500 Equal Weight Health Care ETF,$32.51,$768,"87,262",2.07%,Equity
GCOR,Goldman Sachs Access U.S. Aggregate Bond ETF,$41.98,$767,"78,944",1.37%,Bond
CLOZ,Eldridge BBB-B CLO ETF,$26.48,$766,"521,997",0.58%,Bond
EWH,iShares MSCI Hong Kong ETF,$23.15,$766,"3,288,110",8.94%,Equity
BUFF,Innovator Laddered Allocation Power Buffer ETF,$50.12,$765,"61,178",0.52%,Equity
GII,State Street SPDR S&P Global Infrastructure ETF,$77.65,$764,"39,533",11.29%,Equity
XMLV,Invesco S&P MidCap Low Volatility ETF,$66.32,$764,"31,375",6.33%,Equity
PSK,State Street SPDR ICE Preferred Securities ETF,$32.36,$763,"139,111",2.68%,Preferred Stock
BGDV,Bahl & Gaynor Dividend ETF,$29.11,$758,"11,435",6.25%,Equity
FLHY,Franklin High Yield Corporate ETF,$24.51,$758,"146,197",0.92%,Bond
EQAL,Invesco Russell 1000 Equal Weight ETF,$56.79,$755,"42,829",7.88%,Equity
IQDG,WisdomTree International Quality Dividend Growth Fund,$44.04,$753,"78,656",6.17%,Equity
CDC,VictoryShares US EQ Income Enhanced Volatility Wtd ETF,$73.53,$753,"22,808",11.85%,Equity
HLAL,Wahed FTSE USA Shariah ETF,$62.26,$752,"69,533",0.37%,Equity
LRGC,AB US Large Cap Strategic Equities ETF,$76.84,$749,"36,043",-1.16%,Equity
EWX,State Street SPDR S&P Emerging Markets Small Cap ETF,$68.95,$749,"37,544",5.02%,Equity
IMFL,Invesco International Developed Dynamic Multifactor ETF,N/A,$748,N/A,N/A,Equity
PGF,Invesco Financial Preferred ETF,$14.40,$745,"229,321",2.40%,Preferred Stock
XBIL,US Treasury 6 Month Bill ETF,$50.13,$744,"122,314",0.41%,Bond
UYG,ProShares Ultra Financials,$80.53,$743,"17,989",-12.26%,Equity
ETHU,2x Ether ETF,$22.92,$743,"7,489,238",-58.10%,Currency
IUS,Invesco RAFI Strategic US ETF,$60.04,$742,"36,098",5.03%,Equity
AVRE,Avantis Real Estate ETF,$47.17,$739,"67,944",8.36%,Real Estate
BITW,Bitwise 10 Crypto Index ETF,$45.03,$738,"147,651",-23.37%,Equity
AOK,iShares Core 30/70 Conservative Allocation ETF,$40.99,$738,"189,578",2.38%,Multi-Asset
IHAK,iShares Cybersecurity & Tech ETF,$45.44,$737,"122,695",-5.57%,Equity
AVSF,Avantis Short-Term Fixed Income ETF,$47.26,$735,"88,648",0.76%,Bond
MSSM,Morgan Stanley Pathway Small-Mid Cap Equity ETF,$54.59,$735,"26,662",7.89%,Equity
PSQ,ProShares Short QQQ,$30.97,$732,"11,762,401",2.55%,Equity
COMT,iShares U.S. ETF Trust iShares GSCI Commodity Dynamic Roll Strategy ETF,$26.70,$731,"277,024",7.25%,Multi-Asset
KOKU,Xtrackers MSCI Kokusai Equity ETF,$121.42,$730,"1,037",1.20%,Equity
DIV,Global X SuperDividend U.S. ETF,$19.55,$730,"305,422",13.44%,Equity
EWJV,iShares MSCI Japan Value ETF,$47.57,$729,"186,390",19.76%,Equity
RSMC,Rockefeller U.S. Small-Mid Cap ETF,$26.61,$727,"20,289",5.40%,Equity
DBA,Invesco DB Agriculture Fund,$25.79,$727,"242,219",1.06%,Commodity
XONE,BondBloxx Bloomberg One Year Target Duration US Treasury ETF,$49.58,$726,"86,875",0.44%,Bond
ARKX,ARK Space & Defense Innovation ETF,$31.38,$720,"887,459",8.28%,Equity
EYLD,Cambria Emerging Shareholder Yield ETF,$43.51,$720,"58,473",13.51%,Equity
SCHJ,Schwab 1-5 Year Corporate Bond ETF,$24.99,$720,"215,894",0.76%,Bond
IHF,iShares U.S. Healthcare Providers ETF,$46.29,$719,"293,417",-3.45%,Equity
KAT,Scharf ETF,$56.05,$719,"20,802",1.91%,Equity
AVTM,Avantis Total Equity Markets ETF,N/A,$717,N/A,N/A,Equity
CAIE,Calamos Autocallable Income ETF,$26.37,$717,"454,471",-0.20%,Equity
EUSB,iShares ESG Advanced Universal USD Bond ETF,$44.29,$717,"45,414",1.19%,Bond
KORP,American Century Diversified Corporate Bond ETF,$47.79,$714,"81,705",1.58%,Bond
CVLC,Calvert US Large-Cap Core Responsible Index ETF,$84.35,$714,"25,119",0.13%,Equity
JHEM,John Hancock Multifactor Emerging Markets ETF,$36.36,$714,"54,125",10.52%,Equity
XVV,iShares ESG Select Screened S&P 500 ETF,$51.94,$710,"82,117",-1.44%,Equity
YYY,Amplify CEF High Income ETF,$11.84,$708,"364,757",3.91%,Multi-Asset
FLTW,Franklin FTSE Taiwan ETF,$70.52,$707,"212,270",15.91%,Equity
DMXF,iShares ESG Advanced MSCI EAFE ETF,$81.30,$705,"23,671",8.17%,Equity
JVAL,JPMorgan U.S. Value Factor ETF US Value Factor Fund,$51.68,$705,"77,740",5.30%,Equity
SIXG,Defiance Connective Technologies ETF,$67.64,$704,"25,463",5.96%,Equity
IGPT,Invesco AI and Next Gen Software ETF,$62.85,$703,"53,773",5.68%,Equity
SMIN,iShares MSCI India Small-Cap ETF,$67.64,$703,"146,989",-3.25%,Equity
JHSC,John Hancock Multifactor Small Cap ETF,$46.01,$703,"37,995",9.57%,Equity
ZALT,Innovator U.S. Equity 10 Buffer ETF - Quarterly,$32.67,$702,"137,808",0.31%,Equity
HMOP,Hartford Municipal Opportunities ETF,$39.76,$701,"67,192",1.93%,Bond
DBEU,Xtrackers MSCI Europe Hedged Equity ETF,$50.15,$697,"64,187",4.49%,Equity
SPHB,Invesco S&P 500® High Beta ETF,$122.64,$695,"324,275",4.85%,Equity
PBW,Invesco WilderHill Clean Energy ETF,$33.48,$693,"826,783",9.63%,Equity
IDHQ,Invesco S&P International Developed High Quality ETF,$38.77,$690,"85,957",10.30%,Equity
KSA,iShares MSCI Saudi Arabia ETF,$39.16,$690,"709,124",7.55%,Equity
DWM,WisdomTree International Equity Fund,$74.46,$687,"13,327",8.29%,Equity
XRT,State Street SPDR S&P Retail ETF,$87.84,$685,"4,906,589",2.99%,Equity
FLIA,Franklin International Aggregate Bond ETF,$20.43,$685,"107,008",1.24%,Bond
QQH,HCM Defender 100 Index ETF,$73.79,$684,"44,027",-4.62%,Equity
LTPZ,PIMCO 15+ Year US TIPS Index Exchange-Traded Fund,$53.28,$684,"68,597",2.96%,Bond
EES,WisdomTree U.S. SmallCap Fund,$60.40,$683,"23,649",6.10%,Equity
FDRR,Fidelity Dividend ETF for Rising Rates,$61.95,$682,"21,684",1.52%,Equity
NUDM,Nuveen ESG International Developed Markets Equity ETF,$39.25,$681,"74,395",8.40%,Equity
PTL,Inspire 500 ETF,$261.16,$680,"15,227",5.23%,Equity
OSCV,Opus Small Cap Value ETF,$41.42,$680,"59,925",11.86%,Equity
PJUN,Innovator U.S. Equity Power Buffer ETF - June,$42.08,$680,"27,281",0.47%,Equity
ROBT,First Trust Nasdaq Artificial Intelligence & Robotics ETF,$50.81,$679,"81,208",-2.04%,Equity
GDE,WisdomTree Efficient Gold Plus Equity Strategy Fund,N/A,$678,N/A,N/A,Multi-Asset
LGOV,First Trust Long Duration Opportunities ETF,$22.28,$677,"188,805",2.44%,Bond
OMAH,VistaShares Target 15 Berkshire Select Income ETF,$18.32,$677,"643,470",-1.01%,Equity
BBSC,JPMorgan BetaBuilders U.S. Small Cap Equity Fund,$78.96,$675,"16,665",6.24%,Equity
SMDV,ProShares Russell 2000 Dividend Growers ETF,$73.94,$674,"20,897",11.89%,Equity
EWI,iShares MSCI Italy ETF,$55.54,$670,"412,036",2.23%,Equity
XCHG,AB US Equity ETF,N/A,$668,N/A,N/A,Equity
BKGI,BNY Mellon Global Infrastructure Income ETF,$44.89,$666,"171,705",11.28%,Equity
IXG,iShares Global Financials ETF,$119.78,$665,"26,192",-0.84%,Equity
SKOR,FlexShares Credit-Scored US Corporate Bond Index Fund,$49.38,$663,"53,394",0.90%,Bond
IXP,iShares Global Comm Services ETF,$120.31,$662,"41,335",-0.75%,Equity
INFO,Harbor PanAgora Dynamic Large Cap Core ETF,$24.43,$661,"25,635",-0.33%,Equity
FDMO,Fidelity Momentum Factor ETF,$83.89,$660,"44,283",-0.09%,Equity
HEZU,iShares Currency Hedged MSCI Eurozone ETF,$45.64,$655,"60,181",4.30%,Equity
DBND,DoubleLine Opportunistic Core Bond ETF,$46.78,$654,"67,435",1.25%,Bond
GSPY,Gotham Enhanced 500 ETF,$36.91,$652,"2,535",0.22%,Equity
DTH,WisdomTree International High Dividend Fund,$56.10,$651,"51,868",8.71%,Equity
TLTD,FlexShares Morningstar Developed Markets ex-US Factor Tilt Index Fund,$101.32,$649,"9,948",9.27%,Equity
HNDL,Strategy Shares Nasdaq 7HANDL Index ETF,$22.60,$649,"74,225",3.85%,Multi-Asset
BKMC,BNY Mellon US Mid Cap Core Equity ETF,$117.36,$648,"14,532",7.73%,Equity
MLN,VanEck Long Muni ETF,$17.66,$646,"267,216",1.03%,Bond
IAT,iShares U.S. Regional Banks ETF,$59.64,$645,"239,048",8.14%,Equity
IWLG,NYLI Winslow Large Cap Growth ETF,$50.38,$645,"60,730",-7.05%,Equity
BBHY,JPMorgan BetaBuilders USD High Yield Corporate Bond ETF,$46.61,$641,"126,294",0.81%,Bond
INDY,iShares India 50 ETF,$47.91,$641,"152,098",-2.80%,Equity
IWMI,NEOS Russell 2000 High Income ETF,$50.60,$640,"300,606",5.20%,Equity
CMDT,PIMCO Commodity Strategy Active Exchange-Traded Fund,$28.69,$640,"180,278",4.00%,Commodity
EQL,Alps Equal Sector Weight ETF,$49.38,$640,"85,795",6.47%,Equity
AMDL,GraniteShares 2x Long AMD Daily ETF,$13.31,$638,"10,995,668",-14.41%,Equity
FLCA,Franklin FTSE Canada ETF,$50.19,$635,"44,762",3.91%,Equity
RSPA,Invesco S&P 500 Equal Weight Income Advantage ETF,$52.91,$635,"119,787",4.63%,Equity
GFLW,VictoryShares Free Cash Flow Growth ETF,$27.28,$635,"147,349",-3.11%,Equity
ISCV,iShares Morningstar Small Cap Value ETF,$73.66,$634,"15,357",7.53%,Equity
VNM,VanEck Vietnam ETF,$18.89,$633,"856,503",-1.00%,Equity
NVDU,Direxion Daily NVDA Bull 2X Shares,$110.15,$632,"587,286",-6.43%,Equity
BSJS,Invesco BulletShares 2028 High Yield Corporate Bond ETF,$22.03,$630,"179,548",0.65%,Bond
REM,iShares Mortgage Real Estate ETF,$22.79,$629,"780,457",2.75%,Real Estate
LSGR,Natixis Loomis Sayles Focused Growth ETF,$41.48,$628,"65,646",-7.33%,Equity
ILTB,iShares Core 10+ Year USD Bond ETF,$50.73,$628,"58,217",2.49%,Bond
SVOL,Simplify Volatility Premium ETF,$16.94,$628,"468,657",-1.91%,Volatility
FLRT,Pacer Aristotle Pacific Floating Rate High Income ETF,$47.02,$627,"100,416",0.09%,Bond
DFSB,Dimensional Global Sustainability Fixed Income ETF,$52.55,$626,"42,462",1.45%,Bond
EPOL,iShares MSCI Poland ETF,$37.67,$625,"412,759",7.05%,Equity
VUSE,Vident U.S. Equity Strategy ETF,$65.39,$625,"23,683",-0.98%,Equity
HEGD,Swan Hedged Equity US Large Cap ETF,$25.35,$624,"104,708",0.56%,Equity
IBMQ,iShares iBonds Dec 2028 Term Muni Bond ETF,$25.75,$623,"114,983",0.85%,Bond
EBI,Longview Advantage ETF,$60.17,$622,"9,960",6.34%,Equity
LVHD,Franklin U.S. Low Volatility High Dividend Index ETF,$44.07,$621,"52,030",10.70%,Equity
ULST,State Street Ultra Short Term Bond ETF,$40.60,$617,"119,768",0.57%,Bond
IBMP,iShares iBonds Dec 2027 Term Muni Bond ETF,$25.51,$615,"106,765",0.69%,Bond
FDV,Federated Hermes U.S. Strategic Dividend ETF,$31.99,$614,"195,370",12.06%,Equity
PIZ,Invesco Dorsey Wright Developed Markets Momentum ETF,$53.56,$614,"73,979",9.34%,Equity
NAIL,Direxion Daily Homebuilders & Supplies Bull 3X Shares,$77.60,$611,"1,258,148",56.39%,Equity
BRES,Burney U.S. Equity Select ETF,$25.20,$610,N/A,N/A,Equity
GXUS,Goldman Sachs MarketBeta Total International Equity ETF,$60.87,$610,975,9.46%,Equity
IGLD,FT Vest Gold Strategy Target Income ETF,$27.96,$610,"279,275",14.08%,Commodity
QCLN,First Trust NASDAQ Clean Edge Green Energy Index Fund,$50.54,$609,"98,825",13.34%,Equity
TVAL,T. Rowe Price Value ETF,$37.68,$609,"62,517",6.98%,Equity
ISCF,iShares International Small‑Cap Equity Factor ETF,$45.04,$607,"49,565",8.58%,Equity
VLU,State Street SPDR S&P 1500 Value Tilt ETF,$223.86,$607,"10,532",6.28%,Equity
PMAR,Innovator U.S. Equity Power Buffer ETF - March,$45.29,$606,"17,370",0.77%,Equity
RPAR,RPAR Risk Parity ETF,$23.15,$605,"40,878",7.93%,Multi-Asset
XSVM,Invesco S&P SmallCap Value with Momentum ETF,$63.66,$604,"48,889",11.41%,Equity
DBJP,Xtrackers MSCI Japan Hedged Equity ETF,$107.76,$602,"31,144",13.84%,Equity
AQEC,AQE Core ETF,N/A,$602,N/A,N/A,Equity
MGNR,American Beacon GLG Natural Resources ETF,$51.96,$602,"113,900",17.82%,Equity
FLCO,Franklin Investment Grade Corporate ETF,$21.84,$602,"84,111",1.23%,Bond
QDVO,Amplify CWP Growth & Income ETF,$28.02,$601,"441,489",-2.64%,Equity
PMAY,Innovator U.S. Equity Power Buffer ETF - May,$39.79,$600,"17,033",0.51%,Equity
GTOP,Goldman Sachs Technology Opportunities ETF,$37.64,$599,N/A,-4.74%,Equity
FEPI,REX FANG & Innovation Equity Premium Income ETF,$41.61,$598,"180,738",-6.70%,Equity
PNQI,Invesco NASDAQ Internet ETF,$45.89,$597,"76,290",-14.94%,Equity
QDEC,FT Vest Nasdaq-100 Buffer ETF - December,$32.11,$594,"103,308",-1.29%,Equity
MSFU,Direxion Daily MSFT Bull 2X Shares,$27.56,$592,"1,898,530",-33.51%,Equity
ATMP,Barclays ETN+ Select MLP ETN,$33.00,$591,"29,856",14.70%,Equity
FEM,First Trust Emerging Markets AlphaDEX Fund,$30.54,$590,"90,005",11.66%,Equity
QJUN,FT Vest Nasdaq-100 Buffer ETF - June,$31.68,$589,"19,021",-0.50%,Equity
FLSP,Franklin Systematic Style Premia ETF,$27.06,$588,"50,341",0.56%,Alternatives
EMHY,iShares J.P. Morgan EM High Yield Bond ETF,$40.83,$586,"107,284",1.66%,Bond
LGH,HCM Defender 500 Index ETF,$61.01,$581,"30,497",-1.55%,Multi-Asset
CXSE,WisdomTree China ex-State-Owned Enterprises Fund,$40.51,$581,"136,186",1.00%,Equity
EPU,iShares MSCI Peru and Global Exposure ETF,$86.67,$579,"121,200",19.79%,Equity
HYBL,State Street Blackstone High Income ETF,$28.33,$579,"227,571",0.15%,Bond
FYLD,Cambria Foreign Shareholder Yield ETF,$37.14,$578,"55,597",14.31%,Equity
CAOS,Alpha Architect Tail Risk ETF,$90.38,$577,"44,765",0.67%,Multi-Asset
IBMO,iShares iBonds Dec 2026 Term Muni Bond ETF,$25.69,$576,"116,960",0.39%,Bond
DPST,Direxion Daily Regional Banks Bull 3X Shares,$129.72,$576,"526,546",28.40%,Equity
GVAL,Cambria Global Value ETF,$35.41,$576,"212,360",12.52%,Equity
AVNM,Avantis All International Markets Equity ETF,$81.43,$575,"58,675",10.76%,Equity
AGZ,iShares Agency Bond ETF,$110.44,$573,"17,010",0.48%,Bond
HEWJ,iShares Currency Hedged MSCI Japan ETF,$59.95,$572,"68,821",13.76%,Equity
FXF,Invesco CurrencyShares Swiss Franc Trust,$115.11,$572,"108,902",3.15%,Currency
HCMT,Direxion HCM Tactical Enhanced US ETF,$37.33,$571,"65,621",-3.19%,Equity
RSPG,Invesco S&P 500 Equal Weight Energy ETF,$95.98,$569,"104,275",20.60%,Equity
LSVD,LSV Disciplined Value ETF,$30.37,$568,954,2.05%,Equity
SFY,SoFi Select 500 ETF,$130.95,$566,"20,433",-0.92%,Equity
ONEV,State Street SPDR Russell 1000 Low Volatility Focus ETF,$141.98,$565,"11,921",6.60%,Equity
FMAT,Fidelity MSCI Materials Index ETF,$61.84,$564,"45,822",16.44%,Equity
TAXF,American Century Diversified Municipal Bond ETF,$51.07,$564,"43,884",1.75%,Bond
PSFF,Pacer Swan SOS Fund of Funds ETF,$32.43,$563,"70,667",0.31%,Equity
VFMF,Vanguard U.S. Multifactor ETF,$162.79,$561,"19,225",8.01%,Equity
DFSE,Dimensional Emerging Markets Sustainability Core 1 ETF,$45.65,$560,"31,606",10.04%,Equity
LABU,Direxion Daily S&P Biotech Bull 3x Shares,$156.45,$560,"662,111",-1.84%,Equity
SSUS,Strategy Shares Day Hagan Smart Sector ETF,$49.01,$559,"30,219",0.53%,Equity
FGDL,Franklin Responsibly Sourced Gold ETF,$66.88,$558,"66,284",16.11%,Commodity
JPSE,JPMorgan Diversified Return U.S. Small Cap Equity ETF,$54.89,$557,"18,921",9.62%,Equity
VXX,iPath Series B S&P 500 VIX Short-Term Futures ETN,$29.25,$556,"10,205,787",10.50%,Volatility
TOTR,T. Rowe Price Total Return ETF,$41.14,$554,"7,005",1.36%,Bond
QQA,Invesco QQQ Income Advantage ETF,$51.97,$553,"102,633",-1.14%,Equity
FCG,First Trust Natural Gas ETF,$26.59,$553,"966,121",13.58%,Equity
USSG,Xtrackers MSCI USA Selection Equity ETF,$63.51,$553,"28,641",0.01%,Equity
OCTW,AllianzIM U.S. Equity Buffer20 Oct ETF,$39.09,$551,"29,903",0.23%,Equity
HAPI,Harbor Human Capital Factor US Large Cap ETF,$40.80,$550,"5,717",-0.57%,Equity
SETM,Sprott Critical Materials ETF,$35.12,$549,"413,265",21.31%,Equity
DWLD,Davis Select Worldwide ETF,$46.10,$547,"25,214",-1.16%,Equity
CFA,VictoryShares US 500 Volatility Wtd ETF,$95.61,$547,"7,216",5.14%,Equity
FSMB,First Trust Short Duration Managed Municipal ETF,$20.23,$547,"127,289",1.19%,Bond
SEIQ,SEI Enhanced U.S. Large Cap Quality Factor ETF,$38.09,$547,"45,992",-2.15%,Equity
QINT,American Century Quality Diversified International ETF,$69.22,$547,"43,441",7.80%,Equity
RAA,SMI 3Fourteen REAL Asset Allocation ETF,$28.39,$546,"62,763",3.29%,Multi-Asset
IPKW,Invesco International BuyBack Achievers™ ETF,$59.10,$544,"59,910",6.34%,Equity
DGT,State Street SPDR Global Dow ETF,$178.41,$543,"18,490",7.02%,Equity
ELM,Elm Market Navigator ETF,$28.40,$543,"34,494",4.22%,Multi-Asset
SIXH,ETC 6 Meridian Hedged Equity Index Option ETF,$42.62,$540,"10,911",8.66%,Multi-Asset
DDM,ProShares Ultra Dow30,$59.82,$540,"491,527",5.21%,Equity
ROUS,Hartford Multifactor US Equity ETF,$61.25,$537,"42,884",6.13%,Equity
TNGY,Tortoise Energy Fund,N/A,$533,N/A,N/A,Multi-Asset
RAAX,VanEck Inflation Allocation ETF,$40.05,$532,"168,670",14.66%,Multi-Asset
KORU,Direxion MSCI Daily South Korea Bull 3X Shares,$447.49,$532,"149,349",146.40%,Equity
HYBB,iShares BB Rated Corporate Bond ETF,$47.29,$531,"79,224",0.84%,Bond
NVDX,T-Rex 2X Long NVIDIA Daily Target ETF,$15.88,$530,"11,456,305",-7.24%,Equity
JDVL,John Hancock Disciplined Value Select ETF,$28.92,$530,"274,876",7.27%,Equity
CTEF,Castellan Targeted Equity ETF,$75.10,$529,"4,657",12.48%,Equity
IBTL,iShares iBonds Dec 2031 Term Treasury ETF,$20.68,$526,"217,603",1.08%,Bond
GXC,State Street SPDR S&P China ETF,$99.91,$524,"22,670",3.20%,Equity
DWX,State Street SPDR S&P International Dividend ETF,$48.21,$523,"32,654",9.72%,Equity
GRPM,Invesco S&P MidCap 400 GARP ETF,$123.72,$523,"16,760",3.09%,Equity
IBTM,iShares iBonds Dec 2032 Term Treasury ETF,$23.28,$522,"138,054",1.22%,Bond
RSPU,Invesco S&P 500 Equal Weight Utilities ETF,$82.39,$517,"53,775",10.18%,Equity
MINO,PIMCO Municipal Income Opportunities Active Exchange-Traded Fund,$45.90,$514,"91,690",1.61%,Bond
QDEF,FlexShares Quality Dividend Defensive Index Fund,$82.90,$513,"12,317",2.40%,Equity
LQDH,iShares Interest Rate Hedged Corporate Bond ETF,$93.13,$513,"61,844",0.21%,Bond
JUST,Goldman Sachs JUST U.S. Large Cap Equity ETF,$96.62,$513,"5,352",-0.08%,Equity
EFAX,State Street SPDR MSCI EAFE Fossil Fuel Reserves Free ETF,$54.19,$511,"29,143",7.38%,Equity
QSPT,FT Vest Nasdaq-100 Buffer ETF - September,$31.33,$511,"27,214",-1.09%,Equity
FNY,First Trust Mid Cap Growth AlphaDEX Fund,$96.14,$510,"22,152",5.42%,Equity
SMRI,Bushido Capital US Equity ETF,$36.32,$510,"12,286",0.50%,Equity
FIVA,Fidelity International Value Factor ETF,$37.74,$509,"164,059",10.25%,Equity
AVMV,Avantis U.S. Mid Cap Value ETF,$77.43,$507,"41,851",8.75%,Equity
VBND,Vident U.S. Bond Strategy ETF,$44.49,$504,"23,994",0.98%,Bond
BBHM,BBH Select Mid Cap ETF,N/A,$504,N/A,N/A,Equity
FXY,Invesco Currencyshares Japanese Yen Trust,$60.19,$502,"220,230",2.59%,Currency
FDHY,Fidelity Enhanced High Yield ETF,$49.68,$502,"72,868",1.19%,Bond
IEO,iShares U.S. Oil & Gas Exploration & Production ETF,$105.62,$502,"84,746",18.33%,Equity
GDEC,FT Vest U.S. Equity Moderate Buffer ETF - December,$37.78,$500,"114,575",-0.11%,Equity
IDOG,ALPS International Sector Dividend Dogs ETF,$41.73,$500,"33,184",8.22%,Equity
CMBS,iShares CMBS ETF,$49.47,$499,"57,497",1.08%,Bond
QVAL,Alpha Architect U.S. Quantitative Value ETF,$53.70,$499,"20,632",10.05%,Equity
NTSI,WisdomTree International Efficient Core Fund,$47.60,$499,"25,141",7.96%,Multi-Asset
FFLG,Fidelity Fundamental Large Cap Growth ETF,$28.99,$496,"74,748",-3.17%,Equity
FNGO,MicroSectors FANG+ Index 2X Leveraged ETNs,$92.90,$495,"12,214",-20.28%,Equity
OSEA,Harbor International Compounders ETF,$30.97,$495,"100,630",2.38%,Equity
KCE,State Street SPDR S&P Capital Markets ETF,$146.22,$494,"25,992",-2.47%,Equity
BRNY,Burney U.S. Factor Rotation ETF,$50.01,$493,"17,646",-0.88%,Equity
JPRE,JPMorgan Realty Income ETF,$50.81,$493,"38,902",8.77%,Equity
AAUS,Alpha Architect US Equity ETF,$54.63,$491,"1,903",-0.86%,Equity
SFLO,VictoryShares Small Cap Free Cash Flow ETF,$29.98,$491,"77,452",1.72%,Equity
CSM,Proshares Large Cap Core Plus,$78.44,$491,"9,805",-1.56%,Equity
IBND,SPDR Bloomberg International Corporate Bond ETF,$32.73,$490,"115,375",2.15%,Bond
IVOL,KraneShares Quadratic Interest Rate Volatility and Inflation Hedge ETF,$19.08,$489,"424,184",-0.13%,Bond
VGSR,Vert Global Sustainable Real Estate ETF,$11.20,$489,"83,563",7.73%,Equity
WWJD,Inspire International ETF,$39.49,$489,"63,902",8.25%,Equity
TOPT,iShares Top 20 U.S. Stocks ETF,$29.81,$485,"487,786",-4.55%,Equity
CDX,Simplify High Yield ETF,$22.07,$485,"247,946",-0.24%,Bond
YLD,Principal Active High Yield ETF,$19.15,$482,"175,287",1.36%,Multi-Asset
AFLG,First Trust Active Factor Large Cap ETF,$40.31,$482,"84,830",3.09%,Equity
METU,Direxion Daily META Bull 2X Shares,$29.21,$481,"3,963,146",-9.03%,Equity
GSEP,FT Vest U.S. Equity Moderate Buffer ETF - September,$38.80,$481,"65,340",0.15%,Equity
PLTU,Direxion Daily PLTR Bull 2X Shares,$37.62,$480,"1,786,660",-48.84%,Equity
FDEM,Fidelity Emerging Markets Multifactor ETF,$34.43,$479,"169,224",11.50%,Equity
IBD,Inspire Corporate Bond ETF,$24.29,$478,"77,413",0.61%,Bond
QFLR,Innovator Nasdaq-100 Managed Floor ETF,$34.19,$477,"82,759",-0.27%,Equity
DNL,WisdomTree Global ex-U.S. Quality Growth Fund,$43.43,$477,"55,256",5.36%,Equity
BBHL,BBH Select Large Cap ETF,N/A,$476,N/A,N/A,Equity
FXE,Invesco CurrencyShares Euro Trust,$109.58,$476,"122,140",1.10%,Currency
DFNL,Davis Select Financial ETF,$47.84,$475,"68,305",-1.01%,Equity
NUBD,Nuveen ESG U.S. Aggregate Bond ETF,$22.59,$475,"73,790",1.37%,Bond
TAFM,AB Tax-Aware Intermediate Municipal ETF,$25.75,$475,"101,568",1.59%,Bond
DDLS,WisdomTree Dynamic International SmallCap Equity Fund,$46.24,$474,"23,971",7.58%,Equity
FNGS,MicroSectors FANG+ ETN,$61.26,$473,"68,719",-9.98%,Equity
LONZ,PIMCO Senior Loan Active Exchange-Traded Fund,$49.94,$472,"88,417",0.09%,Bond
BIDD,iShares International Dividend Active ETF,$30.95,$472,"80,592",7.39%,Equity
SPSK,SP Funds Dow Jones Global Sukuk ETF,$18.32,$469,"209,494",0.63%,Bond
AAEQ,Alpha Architect US Equity 2 ETF,$48.51,$468,N/A,-1.66%,Equity
SNXX,Tradr 2X Long SNDK Daily ETF,$40.39,$467,N/A,N/A,Equity
EIPX,FT Energy Income Partners Strategy ETF,$30.66,$466,"30,462",15.96%,Equity
BINV,Brandes International ETF,$44.42,$465,"63,916",10.66%,Equity
FEP,First Trust Europe AlphaDEX Fund,$57.67,$464,"44,819",7.28%,Equity
CSMD,Congress SMid Growth ETF,$33.68,$463,"58,454",6.51%,Equity
RSSB,Return Stacked Global Stocks & Bonds ETF,$29.27,$463,"87,270",4.09%,Multi-Asset
QMAR,FT Vest Nasdaq-100 Buffer ETF - March,$33.11,$462,"19,346",0.33%,Equity
HYGH,iShares Interest Rate Hedged High Yield Bond ETF,$86.20,$462,"57,581",0.49%,Bond
ICOP,iShares Copper and Metals Mining ETF,$53.50,$461,"289,157",20.74%,Equity
KOLD,ProShares UltraShort Bloomberg Natural Gas,$20.63,$461,"10,716,127",-41.51%,Commodity
AVSD,Avantis Responsible International Equity ETF,$80.24,$459,"12,035",8.05%,Equity
TRFK,Pacer Data and Digital Revolution ETF,$65.11,$458,"183,357",1.64%,Equity
URNJ,Sprott Junior Uranium Miners ETF,$32.03,$458,"463,267",27.12%,Equity
VSDM,Vanguard Short Duration Tax-Exempt Bond ETF,$77.29,$458,"75,379",1.35%,Bond
SAMT,Strategas Macro Thematic Opportunities ETF,$39.27,$458,"99,106",1.97%,Equity
KIE,State Street SPDR S&P Insurance ETF,$57.45,$457,"1,672,644",-4.49%,Equity
DFEN,Direxion Daily Aerospace & Defense Bull 3X Shares,$81.06,$456,"272,306",26.89%,Equity
VFQY,Vanguard U.S. Quality Factor ETF,$157.26,$456,"8,305",2.51%,Equity
GVIP,Goldman Sachs Hedge Industry VIP ETF,$157.21,$455,"10,702",1.49%,Equity
EELV,Invesco S&P Emerging Markets Low Volatility ETF,$29.58,$455,"53,922",7.83%,Equity
SIXA,ETC 6 Meridian Mega Cap Equity ETF,$53.90,$455,"13,924",8.13%,Equity
DFVX,Dimensional US Large Cap Vector ETF,$77.65,$455,"13,190",4.44%,Equity
BASG,Brown Advisory Sustainable Growth ETF,$23.49,$455,"67,203",-9.21%,Equity
BGRN,iShares Trust iShares USD Green Bond ETF,$48.27,$453,"23,722",1.04%,Bond
HYEM,VanEck Emerging Markets High Yield Bond ETF,$20.18,$453,"153,725",2.03%,Bond
UMI,USCF Midstream Energy Income Fund ETF,$56.46,$453,"25,089",15.28%,Equity
PTIR,GraniteShares 2x Long PLTR Daily ETF,$13.74,$451,"3,842,562",-48.60%,Equity
BSJT,Invesco BulletShares 2029 High Yield Corporate Bond ETF,$21.45,$450,"159,510",0.25%,Bond
MFDX,PIMCO RAFI Dynamic Multi-Factor International Equity ETF,$42.39,$450,"25,841",10.32%,Equity
GJAN,FT Vest U.S. Equity Moderate Buffer ETF - Jan,$42.78,$449,"82,327",-0.02%,Equity
DJD,Invesco Dow Jones Industrial Average Dividend ETF,$62.48,$449,"43,679",9.35%,Equity
SPYU,MAX S&P 500 4X Leveraged ETN,$52.40,$448,"658,908",-4.45%,Equity
NXTG,First Trust Indxx NextG ETF,$118.59,$446,"7,598",10.05%,Equity
DIAL,Columbia Diversified Fixed Income Allocation ETF,$18.59,$446,"72,610",1.69%,Bond
SEEM,SEI Select Emerging Markets Equity ETF,$35.38,$445,"64,471",13.67%,Equity
IBHG,iShares iBonds 2027 Term High Yield and Income ETF,$22.21,$445,"188,154",-0.01%,Bond
NUMV,Nuveen ESG Mid-Cap Value ETF,$40.96,$443,"34,125",4.76%,Equity
NBOS,Neuberger Option Strategy ETF,$27.32,$442,"48,524",0.91%,Equity
BTCO,Invesco Galaxy Bitcoin ETF,$68.51,$442,"188,429",-21.41%,Currency
IBHH,iShares iBonds 2028 Term High Yield and Income ETF,N/A,$442,N/A,N/A,Bond
PRAE,PlanRock Alternative Growth ETF,$39.50,$442,606,7.20%,Multi-Asset
IDUB,Aptus International Enhanced Yield,$26.56,$442,"42,230",9.17%,Equity
PFLD,AAM Low Duration Preferred and Income Securities ETF,$19.80,$440,"127,630",1.62%,Multi-Asset
YMAX,YieldMax Universe Fund of Option Income ETFs,$8.46,$439,"2,447,460",-10.81%,Equity
STPZ,PIMCO 1-5 Year US TIPS Index Exchange-Traded Fund,$54.00,$438,"31,932",0.64%,Bond
PKB,Invesco Building & Construction ETF,$109.19,$438,"31,048",17.93%,Equity
SPXU,ProShares UltraPro Short S&P500,$50.14,$437,"6,732,841",0.84%,Equity
EEMS,iShares MSCI Emerging Markets Small-Cap ETF,$73.77,$436,"29,824",9.32%,Equity
BGIG,Bahl & Gaynor Income Growth ETF,$34.44,$436,"49,576",6.59%,Equity
AVSU,Avantis Responsible U.S. Equity ETF,$78.45,$434,"15,710",2.81%,Equity
VIDI,Vident International Equity Strategy ETF,$37.93,$434,"29,276",12.52%,Equity
KBWD,Invesco KBW High Dividend Yield Financial ETF,$13.80,$434,"305,902",1.97%,Equity
SEIS,SEI Select Small Cap ETF,$29.47,$431,"48,408",5.49%,Equity
XFIV,BondBloxx Bloomberg Five Year Target Duration US Treasury ETF,$49.88,$430,"69,152",1.13%,Bond
AMZA,InfraCap MLP ETF,$44.76,$426,"39,670",14.21%,Equity
PTF,Invesco Dorsey Wright Technology Momentum ETF,$89.01,$422,"34,378",16.37%,Equity
FIGB,Fidelity Investment Grade Bond ETF,$43.88,$422,"96,671",1.33%,Bond
IAK,iShares U.S. Insurance ETF,$134.52,$421,"78,578",-1.20%,Equity
MDAA,Myriad Dynamic Asset Allocation ETF,N/A,$421,N/A,N/A,Multi-Asset
JPME,JPMorgan Diversified Return U.S. Mid Cap Equity ETF,$118.43,$421,"7,578",8.99%,Equity
PJP,Invesco Pharmaceuticals ETF,$109.62,$421,"38,910",4.86%,Equity
CFO,VictoryShares US 500 Enhanced Volatility Wtd ETF,$77.51,$420,"9,321",5.18%,Equity
JPUS,JPMorgan Diversified Return Use Equity,$135.32,$420,"7,435",9.18%,Equity
DJAN,FT Vest US Equity Deep Buffer ETF - January,$43.41,$418,"38,206",-0.01%,Equity
DDEC,FT Vest US Equity Deep Buffer ETF - December,$45.06,$418,"44,794",-0.07%,Equity
BLUX,Bluemonte Dynamic Total Market ETF,$28.99,$417,"35,459",3.37%,Equity
VSLU,Applied Finance Valuation Large Cap ETF,$43.66,$416,"49,538",-1.36%,Equity
ICLO,Invesco AAA CLO Floating Rate Note ETF,$25.64,$416,"152,306",0.76%,Bond
SGDJ,Sprott Junior Gold Miners ETF,$102.13,$415,"97,144",21.40%,Equity
PFUT,Putnam Sustainable Future ETF,$24.55,$415,"20,321",-3.02%,Equity
MDIV,Multi-Asset Diversified Income Index Fund,$16.65,$415,"85,354",6.33%,Multi-Asset
GVUS,Marketbeta Russell 1000 Value Equity ETF,$57.45,$414,"10,344",6.24%,Equity
UCO,ProShares Ultra Bloomberg Crude Oil,$22.51,$414,"2,901,579",16.51%,Commodity
TECB,iShares U.S. Tech Breakthrough Multisector ETF,$57.24,$413,"13,990",-5.98%,Equity
JPEM,JPMorgan Diversified Return Emerging Markets Equity ETF,$65.91,$413,"23,208",8.53%,Equity
GMOI,GMO International Value ETF,$37.49,$412,"106,741",11.64%,Equity
CEMB,iShares J.P. Morgan EM Corporate Bond ETF,$46.21,$412,"60,578",1.14%,Bond
XES,State Street SPDR S&P Oil & Gas Equipment & Services ETF,$109.28,$411,"90,254",33.32%,Equity
SFTX,Horizon International Managed Risk ETF,N/A,$410,N/A,N/A,Multi-Asset
SIXO,AllianzIM U.S. Equity 6 Month Buffer10 Apr/Oct ETF,$34.79,$410,"35,930",0.17%,Equity
UTWO,US Treasury 2 Year Note ETF,$48.69,$409,"65,810",0.55%,Bond
BRRR,Coinshares Bitcoin ETF,$19.41,$409,"474,284",-21.51%,Currency
SHYD,VanEck Short High Yield Muni ETF,$23.06,$408,"101,267",0.95%,Bond
FLCG,Federated Hermes MDT Large Cap Growth ETF,$31.05,$408,"104,489",-6.11%,Equity
SDCI,USCF SummerHaven Dynamic Commodity Strategy No K-1 Fund,$23.03,$406,"198,541",4.54%,Commodity
BIBL, Inspire 100 ETF,$50.17,$406,"45,971",11.17%,Equity
GQGU,GQG US Equity ETF,$27.04,$406,"84,583",10.14%,Equity
SIZE,iShares MSCI USA Size Factor ETF,$167.89,$405,"5,648",3.91%,Equity
PHB,Invesco Fundamental High Yield® Corporate Bond ETF,$18.70,$405,"98,338",1.00%,Bond
FAD,First Trust Multi Cap Growth AlphaDEX Fund,$167.72,$405,"12,832",3.63%,Equity
PTMC,Pacer Trendpilot US Mid Cap ETF,$38.56,$405,"29,519",8.10%,Multi-Asset
LRGE,ClearBridge Large Cap Growth Select ETF,$77.94,$405,"14,968",-5.34%,Equity
WTPI,WisdomTree Equity Premium Income Fund,$33.20,$404,"116,959",1.29%,Equity
EWQ,iShares MSCI France ETF,$46.70,$404,"352,519",3.80%,Equity
QVMM,Invesco S&P MidCap 400 QVM Multi-factor ETF,$33.33,$404,825,8.28%,Equity
UNG,United States Natural Gas Fund LP,$12.44,$404,"20,409,344",1.47%,Commodity
GMF,State Street SPDR S&P Emerging Asia Pacific ETF,$147.57,$403,"11,508",6.34%,Equity
GJUL,FT Vest U.S. Equity Moderate Buffer ETF - July,$41.42,$402,"30,348",0.22%,Equity
MMIN,NYLI MacKay Muni Insured ETF,$24.25,$402,"85,173",1.63%,Bond
GNMA,iShares GNMA Bond ETF,$45.01,$402,"37,970",1.41%,Bond
WIP,SPDR FTSE International Government Inflation-Protected Bond ETF,$41.22,$402,"62,154",4.73%,Bond
DFJ,WisdomTree Japan SmallCap Dividend Fund,$110.63,$401,"17,362",14.83%,Equity
EZBC,Franklin Bitcoin ETF,$39.78,$400,"355,868",-21.38%,Currency
XMVM,Invesco S&P MidCap Value with Momentum ETF,$69.13,$399,"31,935",7.75%,Equity
AIVL,WisdomTree U.S. AI Enhanced Value Fund,$121.34,$398,"2,514",5.53%,Equity
DWAS,Invesco Dorsey Wright SmallCap Momentum ETF,$100.36,$398,"81,702",3.72%,Equity
GGUS,Marketbeta Russell 1000 Growth Equity ETF,$60.73,$397,"21,754",-4.60%,Equity
PDN,Invesco RAFI Developed Markets ex-U.S. Small-Mid ETF,$46.79,$396,"27,349",10.91%,Equity
CCNR,ALPS | CoreCommodity Natural Resources ETF,$39.12,$396,"45,557",19.35%,Equity
DJUL,FT Vest U.S. Equity Deep Buffer ETF - July,$47.67,$396,"17,914",0.21%,Equity
UVIX,2x Long VIX Futures ETF,$6.52,$395,"32,762,527",14.19%,Volatility
VOLT,Tema Electrification ETF,$35.27,$392,"176,057",21.94%,Equity
SOFR,Amplify Samsung SOFR ETF,$100.32,$390,"6,598",0.43%,Bond
BBH,VanEck Biotech ETF,$195.12,$389,"8,589",3.09%,Equity
FLKR,Franklin FTSE South Korea ETF,$43.60,$388,"171,057",36.04%,Equity
AIPI,REX AI Equity Premium Income ETF,$36.64,$387,"191,705",-5.79%,Equity
DFEB,FT Vest U.S. Equity Deep Buffer ETF - February,$48.29,$387,"18,813",1.19%,Equity
TEQI,T. Rowe Price Equity Income ETF,$47.58,$387,"15,335",5.34%,Equity
CDL,VictoryShares US Large Cap High Dividend Volatility Wtd ETF,$76.76,$385,"11,962",11.75%,Equity
NFLT,Virtus Newfleet Multi-Sector Bond ETF,$23.30,$385,"73,498",1.38%,Bond
IBHI,iShares iBonds 2029 Term High Yield and Income ETF,N/A,$384,N/A,N/A,Bond
SRVR,Pacer Data & Infrastructure Real Estate ETF,$33.29,$384,"140,186",16.24%,Real Estate
BKHY,BNY Mellon High Yield ETF,$48.24,$383,"37,806",0.90%,Bond
WTAI,WisdomTree Artificial Intelligence and Innovation Fund,$30.07,$382,"195,625",3.19%,Equity
CEFS,Saba Closed End Funds ETF,$23.52,$382,"96,530",2.69%,Multi-Asset
AGGH,Simplify Aggregate Bond ETF,$20.92,$382,"205,676",1.66%,Bond
RUNN,Running Oak Efficient Growth ETF,$33.82,$381,"48,733",1.43%,Equity
DMAR,FT Vest US Equity Deep Buffer ETF - March,$41.88,$380,"23,871",0.54%,Equity
JIG,JPMorgan International Growth ETF,$79.82,$379,"30,465",8.84%,Equity
DGRS,WisdomTree US Smallcap Quality Dividend Growth Fund,$56.09,$379,"28,159",13.05%,Equity
DNOV,FT Vest U.S. Equity Deep Buffer ETF - November,$48.82,$379,"29,759",-0.04%,Equity
GMAR,FT Vest U.S. Equity Moderate Buffer ETF - March,$41.15,$378,"21,373",0.51%,Equity
EWM,iShares MSCI Malaysia ETF,$29.72,$378,"366,187",8.63%,Equity
JPIN,JPMorgan Diversified Return International Equity ETF,$75.45,$378,"19,719",10.73%,Equity
BBLU,EA Bridgeway Blue Chip ETF,$15.18,$378,"111,390",-0.52%,Equity
MORT,VanEck Mortgage REIT Income ETF,$10.82,$377,"1,070,990",2.95%,Real Estate
HEDG,Equable Shares Hedged Equity ETF,N/A,$376,N/A,N/A,Equity
SWAN,Amplify BlackSwan Growth & Treasury Core ETF,$32.60,$376,"15,581",0.40%,Multi-Asset
DOCT,FT Vest U.S. Equity Deep Buffer ETF - October,$44.28,$375,"20,513",-0.02%,Equity
USMF,WisdomTree US Multifactor Fund,$51.08,$375,"40,644",-0.35%,Equity
QMOM,Alpha Architect U.S. Quantitative Momentum ETF,$70.67,$375,"20,329",8.24%,Equity
XBB,BondBloxx BB-Rated USD High Yield Corporate Bond ETF,$41.35,$374,"151,160",0.97%,Bond
AGOX,Adaptive Alpha Opportunities ETF,$29.64,$374,"55,740",3.78%,Multi-Asset
ENFR,Alerian Energy Infrastructure ETF,$36.00,$373,"77,294",15.73%,Equity
URTY,ProShares UltraPro Russell2000,$63.07,$373,"1,434,224",18.60%,Equity
TBFG,Brinsmere Fund Growth ETF,$31.21,$372,"16,459",4.31%,Multi-Asset
CHPY,YieldMax Semiconductor Portfolio Option Income ETF,$60.65,$370,"195,667",14.84%,Equity
BITU,ProShares Ultra Bitcoin ETF,$12.54,$369,"5,526,081",-43.15%,Currency
CMDY,iShares Bloomberg Roll Select Commodity Strategy ETF,$52.39,$369,"55,997",7.47%,Commodity
FEMB,First Trust Emerging Markets Local Currency Bond ETF,$30.88,$369,"128,068",4.11%,Bond
EFAA,Invesco MSCI EAFE Income Advantage ETF,$56.75,$368,"70,522",5.73%,Equity
IAUI,NEOS Gold High Income ETF,$62.16,$368,"183,333",12.38%,Commodity
BJAN,Innovator U.S. Equity Buffer ETF - January,$55.00,$367,"43,943",-0.10%,Equity
XDTE,Roundhill S&P 500 0DTE Covered Call Strategy ETF,$39.17,$366,"355,237",0.54%,Equity
DXUV,Dimensional US Vector Equity ETF,$62.51,$365,"24,249",4.57%,Equity
FPAG,FPA Global Equity ETF,$39.08,$364,"51,135",5.32%,Equity
XJH,iShares ESG Select Screened S&P Mid-Cap ETF,$48.28,$364,"24,976",8.12%,Equity
GQRE,FlexShares Global Quality Real Estate Index Fund,$64.33,$364,"12,224",9.29%,Real Estate
PSCT,Invesco S&P SmallCap Information Technology ETF,$62.43,$364,"18,751",10.28%,Equity
INMU,iShares Intermediate Muni Income Active ETF,$24.45,$362,"176,965",1.95%,Bond
UFO,Procure Space ETF,$43.54,$362,"406,627",12.65%,Equity
PLTY,YieldMax PLTR Option Income Strategy ETF,$37.40,$362,"317,014",-22.80%,Equity
VFMV,Vanguard U.S. Minimum Volatility ETF,$136.67,$362,"16,521",4.83%,Equity
DEHP,Dimensional Emerging Markets High Profitability ETF,$36.14,$362,"29,087",12.06%,Equity
NUEM,Nuveen ESG Emerging Markets Equity ETF,$39.00,$362,"28,244",9.61%,Equity
DRIV,Global X Autonomous & Electric Vehicles ETF,$32.71,$362,"49,232",10.57%,Equity
TXUE,Thornburg International Equity ETF,$34.17,$361,"49,579",8.99%,Equity
GRNJ,Fundstrat Granny Shots US Small- & Mid-Cap ETF,N/A,$361,N/A,N/A,Equity
NUMG,Nuveen ESG Mid-Cap Growth ETF,$43.40,$360,"29,427",-9.10%,Equity
CONY,YieldMax COIN Option Income Strategy ETF,$26.84,$360,"993,370",-27.22%,Equity
TMFG,Motley Fool Global Opportunities ETF,$29.40,$360,"15,229",-2.52%,Equity
IQQQ,ProShares Nasdaq-100 High Income ETF,$43.60,$358,"69,935",-1.49%,Equity
FLTB,Fidelity Limited Term Bond ETF,$50.92,$358,"52,368",0.86%,Bond
NJAN,Innovator Growth-100 Power Buffer ETF - January,$54.47,$357,"44,679",-0.82%,Equity
QQQH,NEOS Nasdaq 100 Hedged Equity Income ETF,$53.26,$357,"30,549",-1.19%,Equity
SMOT,VanEck Morningstar SMID Moat ETF,$37.12,$356,"46,254",2.54%,Equity
BCD,abrdn Bloomberg All Commodity Longer Dated Strategy K-1 Free ETF,$32.85,$355,"73,532",6.10%,Commodity
TBFC,Brinsmere Fund Conservative ETF,$29.06,$354,"11,457",3.17%,Multi-Asset
FISR,State Street Fixed Income Sector Rotation ETF,$26.17,$353,"59,354",1.35%,Bond
GREK,Global X MSCI Greece ETF,$71.90,$352,"88,917",9.09%,Equity
USDX,SGI Enhanced Core ETF,$25.57,$352,"74,975",0.15%,Equity
BWZ,SPDR Bloomberg Short Term International Treasury Bond ETF,$28.00,$352,"124,937",2.31%,Bond
UVXY,ProShares Ultra VIX Short-Term Futures ETF,$40.59,$351,"8,630,872",12.97%,Volatility
EWD,iShares MSCI Sweden ETF,$53.47,$351,"101,779",8.61%,Equity
TPLC,Timothy Plan US Large/Mid Cap Core ETF,$48.52,$350,"19,789",6.80%,Equity
TUSI,Touchstone Ultra Short Income ETF,$25.41,$349,"122,311",0.30%,Bond
BAPR,Innovator U.S. Equity Buffer ETF - April,$48.28,$349,"10,997",0.63%,Equity
GUSE,Goldman Sachs Enhanced U.S. Equity ETF,$40.75,$349,N/A,0.71%,Equity
HCRB,Hartford Core Bond ETF,$35.83,$349,"15,317",1.41%,Bond
KJAN,Innovator U.S. Small Cap Power Buffer ETF - January,$42.79,$348,"58,792",3.31%,Equity
TUR,iShares MSCI Turkey ETF,$42.22,$348,"245,751",22.66%,Equity
BITQ,Bitwise Crypto Industry Innovators ETF,$19.47,$348,"273,481",-2.31%,Equity
DCRE,DoubleLine Commercial Real Estate Debt ETF,$52.22,$348,"27,535",1.01%,Bond
DAUG,FT Vest U.S. Equity Deep Buffer ETF - August,$44.44,$348,"15,206",0.21%,Equity
TPHD,Timothy Plan High Dividend Stock ETF,$42.73,$348,"22,990",11.08%,Equity
FDG,American Century Focused Dynamic Growth ETF,$117.02,$346,"19,335",-7.75%,Equity
SFTY,Horizon Managed Risk ETF,$28.21,$346,"25,084",0.25%,Equity
HEQT,Simplify Hedged Equity ETF,$32.25,$346,"74,548",0.62%,Equity
PRN,Invesco Dorsey Wright Industrials Momentum ETF,$206.35,$346,"20,616",18.20%,Equity
AMZU,Direxion Daily AMZN Bull 2X Shares,$25.23,$345,"2,607,902",-27.81%,Equity
MPRO,Monarch ProCap Index ETF,$32.49,$345,"28,029",5.93%,Multi-Asset
BTAL,AGF U.S. Market Neutral Anti-Beta Fund,$14.08,$344,"775,192",-2.15%,Alternatives
TSMX,Direxion Daily TSM Bull 2X Shares,$69.62,$343,"578,351",40.99%,Equity
XSW,State Street SPDR S&P Software & Services ETF,$151.49,$343,"42,425",-19.05%,Equity
STOT,State Street DoubleLine Short Duration Total Return Tactical ETF,$47.46,$343,"40,221",0.72%,Bond
FLBR,Franklin FTSE Brazil ETF,$23.29,$342,"114,630",22.26%,Equity
MXI,iShares Global Materials ETF,$112.77,$341,"22,878",16.69%,Equity
YMAG,YieldMax Magnificent 7 Fund of Option Income ETFs,$12.86,$341,"1,093,722",-6.49%,Equity
DSEP,FT Vest U.S. Equity Deep Buffer ETF - September,$44.91,$341,"13,579",0.01%,Equity
EMQQ,EMQQ The Emerging Markets Internet ETF,$37.30,$340,"49,073",-7.58%,Equity
EDGF,3EDGE Dynamic Fixed Income ETF,$24.82,$340,"102,111",0.67%,Bond
IDLV,Invesco S&P International Developed Low Volatility ETF,$36.38,$339,"24,217",7.32%,Equity
FXZ,First Trust Materials AlphaDEX Fund,$77.60,$338,"40,170",19.71%,Equity
EWN,iShares MSCI Netherlands ETF,$61.65,$337,"95,598",8.10%,Equity
SDS,ProShares UltraShort S&P 500,$69.05,$335,"3,719,795",0.82%,Equity
GJUN,FT Vest U.S. Equity Moderate Buffer ETF - June,$39.73,$335,"14,314",0.33%,Equity
CAML,Congress Large Cap Growth ETF,$37.13,$335,"25,103",-2.72%,Equity
JANW,AllianzIM U.S. Equity Buffer20 Jan ETF,$37.08,$335,"43,971",0.19%,Equity
DGP,DB Gold Double Long Exchange Traded Notes,$215.08,$332,"41,781",33.58%,Commodity
NBCM,Neuberger Commodity Strategy ETF,$24.03,$332,"53,981",6.21%,Commodity
SPXS,Direxion Daily S&P 500 Bear 3X Shares,$35.80,$331,"8,623,354",0.93%,Equity
PBP,Invesco S&P 500 BuyWrite ETF,$22.78,$329,"63,905",0.70%,Multi-Asset
GOCT,FT Vest U.S. Equity Moderate Buffer ETF - October,$39.39,$329,"23,176",0.26%,Equity
FCOR,Fidelity Corporate Bond ETF,$48.33,$328,"40,124",1.40%,Bond
SLVO,"UBS AG ETRACS Silver Shares Covered Call ETNs due April 21, 2033 ETP 2022-21.04.33 on CS NQ Slv FLS106 Pr",$97.88,$326,"63,454",-1.99%,Multi-Asset
BUFM,AB Moderate Buffer ETF,$39.19,$326,"49,511",0.31%,Equity
RFV,Invesco S&P MidCap 400® Pure Value ETF,$138.58,$326,"8,876",8.44%,Equity
FLV,American Century Focused Large Cap Value ETF,$81.36,$325,"10,932",7.38%,Equity
HAWX,iShares Currency Hedged MSCI ACWI ex U.S. ETF,$42.50,$324,"35,000",7.65%,Equity
EIDO,iShares MSCI Indonesia ETF,$17.77,$322,"635,330",-4.97%,Equity
TLTE,FlexShares Morningstar Emerging Markets Factor Tilt Index Fund,$72.26,$322,"7,098",13.16%,Equity
CLSE,Convergence Long/Short Equity ETF,$28.23,$321,"81,429",3.29%,Alternatives
ZAP,Global X U.S. Electrification ETF,$32.76,$321,"145,786",12.73%,Equity
UIVM,VictoryShares International Value Momentum ETF,$72.35,$321,"7,970",12.11%,Equity
CVIE,Calvert International Responsible Index ETF,$78.41,$321,"18,317",9.97%,Equity
PICB,Invesco International Corporate Bond ETF,$24.35,$321,"108,794",2.23%,Bond
LRGG,Nomura Focused Large Growth ETF,$26.47,$320,"55,181",-10.57%,Equity
ISVL,iShares International Developed Small Cap Value Factor ETF,$52.49,$320,"87,449",10.32%,Equity
CONL,GraniteShares 2x Long COIN Daily ETF,$6.83,$319,"7,894,887",-53.38%,Equity
PAPI,Parametric Equity Premium Income ETF,$28.32,$318,"62,359",10.48%,Equity
GDXY,YieldMax Gold Miners Option Income Strategy ETF,$16.98,$318,"731,022",13.51%,Equity
BOCT,Innovator U.S. Equity Buffer ETF - October,$49.41,$317,"13,295",-0.03%,Equity
HTAB,Hartford Schroders Tax-Aware Bond ETF,$19.40,$317,"51,416",1.57%,Bond
GNOV,FT Vest U.S. Equity Moderate Buffer ETF -November,$39.68,$315,"39,483",-0.10%,Equity
MRSK,Toews Agility Shares Managed Risk ETF,$36.83,$314,"38,876",0.08%,Multi-Asset
RFG,Invesco S&P MidCap 400® Pure Growth ETF,$56.96,$314,"10,629",8.63%,Equity
BYLD,iShares Yield Optimized Bond ETF,$22.94,$313,"45,881",1.17%,Bond
XPH,State Street SPDR S&P Pharmaceuticals ETF,$56.84,$313,"96,835",1.48%,Equity
EMBD,Global X Emerging Markets Bond ETF,$24.27,$313,"62,603",1.56%,Bond
DBP,Invesco DB Precious Metals Fund,$117.01,$312,"21,367",13.81%,Commodity
VALQ,American Century U.S. Quality Value ETF,$69.24,$312,"15,671",4.69%,Equity
BUSA,Brandes U.S. Value ETF,$38.77,$312,"27,029",6.06%,Equity
GOVZ,iShares 25+ Year Treasury STRIPS Bond ETF,$9.64,$311,"955,389",4.64%,Bond
BSMR,Invesco BulletShares 2027 Municipal Bond ETF,$23.80,$311,"65,717",0.76%,Bond
UJAN,Innovator U.S. Equity Ultra Buffer ETF - January,$43.34,$310,"60,686",0.18%,Equity
TSLT,T-REX 2X Long Tesla Daily Target ETF,$22.20,$310,"3,678,336",-16.89%,Equity
KHPI,Kensington Hedged Premium Income ETF,$25.60,$310,"103,705",0.51%,Equity
HYFI,AB High Yield ETF,$37.70,$309,"31,681",0.87%,Bond
FXD,First Trust Consumer Discretionary AlphaDEX Fund,$70.22,$309,"17,983",2.71%,Equity
PABD,iShares Paris-Aligned Climate Optimized MSCI World ex USA ETF,$68.98,$308,"10,783",6.64%,Equity
RWX,State Street SPDR Dow Jones International Real Estate ETF,$30.00,$307,"33,675",7.14%,Real Estate
BASV,Brown Advisory Sustainable Value ETF,$28.43,$306,"52,657",2.37%,Equity
XSVN,BondBloxx Bloomberg Seven Year Target Duration US Treasury ETF,$48.58,$306,"67,046",1.44%,Bond
CARK,CastleArk Large Growth ETF,$42.17,$306,"11,149",-4.32%,Equity
UDEC,Innovator U.S. Equity Ultra Buffer ETF - December,$39.65,$306,"69,351",0.03%,Equity
DBB,Invesco DB Base Metals Fund,$23.58,$306,"376,476",2.79%,Commodity
ERX,Direxion Daily Energy Bull 2X Shares,$81.43,$305,"344,170",45.80%,Equity
BSMQ,Invesco BulletShares 2026 Municipal Bond ETF,$23.68,$305,"86,057",0.39%,Bond
AVMC,Avantis U.S. Mid Cap Equity ETF,$75.69,$305,"22,243",7.15%,Equity
JULW,AllianzIM U.S. Equity Buffer20 Jul ETF,$39.21,$305,"15,021",0.23%,Equity
ZECP,Zacks Earnings Consistent Portfolio ETF,$35.53,$304,"53,557",2.22%,Equity
OBIL,US Treasury 12 Month Bill ETF,$50.28,$303,"39,041",0.45%,Bond
BUFG,FT Vest Buffered Allocation Growth ETF,$27.59,$303,"36,976",0.25%,Equity
GAUG,FT Vest U.S. Equity Moderate Buffer ETF - August,$39.33,$303,"16,600",0.18%,Equity
GMAY,FT Vest U.S. Equity Moderate Buffer ETF - May,$41.43,$303,"12,784",0.33%,Equity
SMB,VanEck Short Muni ETF,$17.46,$303,"85,617",0.50%,Bond
UWM,ProShares Ultra Russell2000,$53.08,$302,"576,694",12.89%,Equity
PLTM,GraniteShares Platinum Trust,$19.82,$302,"1,646,186",0.46%,Commodity
ECON,Columbia Research Enhanced Emerging Economies ETF,$31.04,$302,"41,086",13.57%,Equity
THD,iShares MSCI Thailand ETF,$70.30,$301,"100,543",17.81%,Equity
XTN,State Street SPDR S&P Transportation ETF,$101.52,$301,"41,451",11.11%,Equity
FXN,First Trust Energy AlphaDEX Fund,$19.43,$301,"520,981",17.97%,Equity
TMVE,Thrivent Mid Cap Value ETF,N/A,$300,N/A,N/A,Equity
PFFV,Global X Variable Rate Preferred ETF,$22.60,$300,"96,178",2.32%,Preferred Stock
GFEB,FT Vest US Equity Moderate Buffer ETF February,$42.03,$299,"14,717",1.20%,Equity
DMAY,FT Vest U.S. Equity Deep Buffer ETF - May,$45.38,$299,"5,829",0.31%,Equity
ALAI,Alger AI Enablers & Adopters ETF,$34.32,$298,"90,449",-4.96%,Equity
DUBS,Aptus Large Cap Enhanced Yield ETF,$37.58,$298,"31,954",-0.24%,Equity
XCCC,BondBloxx CCC-Rated USD High Yield Corporate Bond ETF,$37.56,$298,"360,749",-0.58%,Bond
PIO,Invesco Global Water ETF,$47.96,$298,"10,281",8.61%,Equity
EDOW,First Trust Dow 30 Equal Weight ETF,$43.16,$298,"39,819",4.50%,Equity
PPIE,Putnam PanAgora ESG International Equity ETF,$28.97,$297,"16,610",7.33%,Equity
WOOD,iShares Global Timber & Forestry ETF,$82.32,$297,"20,943",14.32%,Equity
COPP,Sprott Copper Miners ETF,$40.85,$296,"294,162",17.35%,Equity
MSTU,T-Rex 2X Long MSTR Daily Target ETF,$5.33,$296,"20,363,684",-35.86%,Equity
JSML,Janus Henderson Small Cap Growth Alpha ETF,$75.81,$295,"30,111",3.05%,Equity
ESPO,VanEck Video Gaming and eSports ETF,$92.98,$295,"42,629",-10.25%,Equity
SMMV,iShares MSCI USA Small-Cap Min Vol Factor ETF,$45.30,$294,"16,916",4.55%,Equity
IRE,Defiance Daily Target 2X Long IREN ETF,N/A,$294,N/A,N/A,Equity
RSPF,Invesco S&P 500 Equal Weight Financials ETF,$74.63,$293,"10,424",-4.92%,Equity
DECU,AllianzIM U.S. Equity Buffer15 Uncapped Dec ETF,$27.32,$293,"39,510",-0.26%,Equity
USCI,United States Commodity Index Fund,$80.78,$293,"17,062",4.08%,Commodity
USSE,Segall Bryant & Hamill Select Equity ETF,$34.39,$292,"26,263",2.35%,Equity
PSP,Invesco Global Listed Private Equity ETF,$63.45,$292,"54,514",-5.40%,Equity
DAPR,FT Vest U.S. Equity Deep Buffer ETF - April,$39.53,$292,"12,043",0.46%,Equity
PINK,Simplify Health Care ETF,$35.87,$292,"216,106",-1.99%,Equity
SHE,State Street SPDR MSCI USA Gender Diversity ETF,$134.60,$291,"4,838",1.91%,Equity
CLOX,Eldridge AAA CLO ETF,$25.57,$291,"133,295",0.63%,Bond
THNQ,ROBO Global Artificial Intelligence ETF,$63.26,$291,"19,086",-0.36%,Equity
TPSC,Timothy Plan US Small Cap Core ETF,$45.28,$290,"33,051",9.24%,Equity
DAX,Global X DAX Germany ETF,$47.01,$290,"55,913",3.06%,Equity
OAIM,OneAscent International Equity ETF,$45.36,$289,"21,898",9.59%,Equity
UTEN,US Treasury 10 Year Note ETF,$44.59,$289,"74,133",1.53%,Bond
BINT,Bluemonte Global Equity ETF,$30.44,$288,"28,430",7.18%,Equity
GAL,State Street Global Allocation ETF,$51.31,$287,"15,697",3.76%,Multi-Asset
USOI,ETRACS Crude Oil Shares Covered Call ETN,$50.59,$287,"251,929",6.90%,Multi-Asset
FLCH,Franklin FTSE China ETF,$24.09,$286,"146,641",1.22%,Equity
IGHG,ProShares Investment Grade-Interest Rate Hedged,$78.20,$286,"14,727",0.12%,Bond
DRLL,Strive U.S. Energy ETF,$34.05,$283,"25,317",19.35%,Equity
TDVI,FT Vest Technology Dividend Target Income ETF,$28.41,$283,"115,819",3.10%,Equity
IMTB,iShares Core 5-10 Year USD Bond ETF,$44.70,$283,"21,660",1.50%,Bond
GUSH,Direxion Daily S&P Oil & Gas Exp. & Prod. Bull 2X Shares,$29.53,$283,"1,101,959",34.84%,Equity
SEPW,AllianzIM U.S. Equity Buffer20 Sep ETF,$31.99,$283,"22,859",0.23%,Equity
USNZ,Xtrackers Net Zero Pathway Paris Aligned US Equity ETF,$42.49,$282,424,-1.86%,Equity
HOLA,JPMorgan International Hedged Equity Laddered Overlay ETF,$54.69,$281,"24,757",4.69%,Equity
FTXO,First Trust Nasdaq Bank ETF,$39.08,$281,"59,625",3.42%,Equity
DJUN,FT Vest U.S. Equity Deep Buffer ETF - June,$47.51,$280,"7,532",0.36%,Equity
OMFS,Invesco Russell 2000 Dynamic Multifactor ETF,$47.89,$280,"12,492",7.69%,Equity
QLTI,GMO International Quality ETF,$27.68,$280,"116,190",4.06%,Equity
JXI,iShares Global Utilities ETF,$87.07,$280,"34,224",10.71%,Equity
ASTX,Tradr 2X Long ASTS Daily ETF,$41.75,$280,"1,912,879",2.03%,Equity
RGLO,Russell Investments Global Equity ETF,$30.56,$280,"26,633",2.94%,Equity
CAPE,DoubleLine Shiller CAPE U.S. Equities ETF,$32.89,$279,"52,449",2.02%,Equity
COPY,Tweedy Browne Insider + Value ETF Trust Units,$14.21,$279,"212,841",10.16%,Equity
DAPP,VanEck Digital Transformation ETF,$16.04,$279,"783,643",-2.96%,Equity
FIDI,Fidelity International High Dividend ETF,$28.42,$278,"84,698",9.69%,Equity
FTSD,Franklin Short Duration U.S. Government ETF,$91.13,$278,"36,016",0.46%,Bond
DEXC,Dimensional Emerging Markets ex China Core Equity ETF,$68.82,$277,"11,354",13.71%,Equity
FLRG,Fidelity U.S. Multifactor ETF,$38.13,$276,"21,489",0.47%,Equity
DINT,Davis Select International ETF,$28.82,$276,"15,948",1.12%,Equity
ACLC,American Century Large Cap Equity ETF,$78.54,$276,"14,651",0.24%,Equity
RSPS,Invesco S&P 500 Equal Weight Consumer Staples ETF,$33.09,$275,"110,922",14.01%,Equity
HAP,VanEck Natural Resources ETF,$71.66,$275,"23,124",19.16%,Equity
KBWP,Invesco KBW Property & Casualty Insurance ETF,$121.99,$275,"33,838",-4.17%,Equity
TACK,Fairlead Tactical Sector ETF,$31.32,$275,"25,722",4.50%,Multi-Asset
SPXT,ProShares S&P 500 Ex-Technology ETF,$106.25,$274,"16,924",2.30%,Equity
EVUS,iShares ESG Aware MSCI USA Value ETF,$33.68,$274,"94,560",5.12%,Equity
QTOP,iShares Nasdaq Top 30 Stocks ETF,$30.90,$273,"194,521",-3.32%,Equity
JSTC,Adasina Social Justice All Cap Global ETF,$20.84,$272,"27,638",2.73%,Equity
AGEM,abrdn Emerging Markets Dividend Active ETF,$43.90,$271,"22,597",14.38%,Equity
GDMN,WisdomTree Efficient Gold Plus Gold Miners Strategy Fund,N/A,$270,N/A,N/A,Multi-Asset
RXI,iShares Global Consumer Discretionary ETF,$205.03,$269,"10,371",-0.11%,Equity
ISMD,Inspire Small/Mid Cap ETF,$42.51,$269,"35,837",10.19%,Equity
BSMS,Invesco BulletShares 2028 Municipal Bond ETF,$23.68,$269,"59,403",0.97%,Bond
ISCB,iShares Morningstar Small-Cap ETF,$69.10,$268,"5,484",6.29%,Equity
KBWY,Invesco KBW Premium Yield Equity REIT ETF,$16.30,$268,"162,540",6.43%,Real Estate
BJUL,Innovator U.S. Equity Buffer ETF - July,$50.87,$267,"20,351",0.21%,Equity
AVXC,Avantis Emerging Markets ex-China Equity ETF,$72.66,$266,"25,643",13.94%,Equity
LQDW,iShares Investment Grade Corporate Bond BuyWrite Strategy ETF,N/A,$266,N/A,N/A,Bond
FDEV,Fidelity International Multifactor ETF,$37.61,$265,"46,151",8.67%,Equity
CSB,VictoryShares US Small Cap High Dividend Volatility Wtd ETF,$64.31,$265,"14,375",9.84%,Equity
RTH,VanEck Retail ETF,$263.87,$265,"4,416",5.76%,Equity
EQIN,Columbia U.S. Equity Income ETF,$51.04,$264,"16,756",7.48%,Equity
FEMS,First Trust Emerging Markets Small Cap AlphaDEX Fund,$46.57,$264,"17,733",10.62%,Equity
MFSV,MFS Active Value ETF,$28.01,$264,"130,346",5.54%,Equity
AVGV,Avantis All Equity Markets Value ETF,$81.30,$264,"25,384",11.10%,Equity
BKCH,Global X Blockchain ETF,$65.08,$262,"137,408",1.88%,Equity
PBE,Invesco Biotechnology & Genome ETF,$81.55,$262,"7,008",-0.73%,Equity
TDV,ProShares S&P Technology Dividend Aristocrats ETF,$90.26,$262,"7,165",4.25%,Equity
WDIV,State Street SPDR S&P Global Dividend ETF,$82.57,$261,"17,124",9.44%,Equity
XTL,State Street SPDR S&P Telecom ETF,$175.85,$261,"18,224",14.77%,Equity
EMEQ,Nomura ETF Trust Nomura Focused Emerging Markets Equity ETF,$49.23,$261,"85,357",22.46%,Equity
RZV,Invesco S&P SmallCap 600® Pure Value ETF,$133.62,$261,"7,217",12.36%,Equity
NANC,Unusual Whales Subversive Democratic Trading ETF,$44.49,$261,"28,794",-2.51%,Equity
OPPE,WisdomTree European Opportunities Fund,$54.60,$261,"38,252",6.31%,Equity
BOIL,ProShares Ultra Bloomberg Natural Gas,$18.97,$260,"12,644,383",-17.16%,Commodity
SHYL,Xtrackers Short Duration High Yield Bond ETF,$44.87,$258,"36,378",0.32%,Bond
FCPI,Fidelity Stocks for Inflation ETF,$51.25,$256,"14,414",3.58%,Equity
GAPR,FT Vest U.S. Equity Moderate Buffer Fund - Apr,$40.15,$256,"14,035",0.39%,Equity
XSHQ,Invesco S&P SmallCap Quality ETF,$44.85,$255,"36,594",6.55%,Equity
QID,ProShares UltraShort QQQ,$21.09,$255,"28,182,930",4.41%,Equity
TSPX,Twin Oak Active Opportunities ETF,N/A,$254,N/A,N/A,Multi-Asset
AAAA,Amplius Aggressive Asset Allocation ETF,$27.77,$254,"6,305",1.56%,Multi-Asset
TCAL,T. Rowe Price Capital Appreciation Premium Income ETF,$23.52,$254,"147,563",0.85%,Equity
NOCT,Innovator Growth-100 Power Buffer ETF- October,$57.43,$253,"17,510",-0.85%,Equity
FXG,First Trust Consumer Staples AlphaDEX Fund,$68.20,$253,"28,354",12.39%,Equity
MNA,NYLI Merger Arbitrage ETF,$36.34,$252,"33,030",1.54%,Alternatives
SEIX,Virtus Seix Senior Loan ETF,$23.23,$252,"142,738",-0.21%,Bond
FMAG,Fidelity Magellan ETF,$33.46,$252,"35,286",-1.96%,Equity
BSMT,Invesco BulletShares 2029 Municipal Bond ETF,$23.37,$252,"47,398",1.14%,Bond
SBAR,Simplify Barrier Income ETF,$25.82,$251,"151,302",-0.25%,Multi-Asset
PALC,Pacer Lunt Large Cap Multi-Factor Alternator ETF,$55.27,$250,"26,844",5.80%,Equity
GRIN,VictoryShares International Free Cash Flow Growth ETF,$29.69,$249,"71,862",7.45%,Equity
PBDC,Putnam BDC Income ETF,$28.64,$249,"103,135",-6.41%,Equity
INCO,Columbia India Consumer ETF,$64.48,$248,"35,262",-0.51%,Equity
BLUC,Bluemonte Large Cap Core ETF,$28.09,$248,"23,200",-2.02%,Equity
TBT,ProShares UltraShort 20+ Year Treasury,$33.02,$248,"383,125",-5.50%,Bond
GARY,Mango Growth ETF,$22.27,$248,N/A,10.16%,Equity
UEVM,VictoryShares Emerging Markets Value Momentum ETF,$60.32,$247,"4,381",8.80%,Equity
FJP,First Trust Japan AlphaDEX Fund,$81.13,$247,"10,637",20.77%,Equity
ASLV,Allspring Special Large Value ETF,$29.59,$246,"15,368",5.60%,Equity
TSPY,TappAlpha SPY Growth & Daily Income ETF,$24.87,$246,"239,362",-0.16%,Equity
RSHO,Tema American Reshoring ETF,$55.50,$246,"33,722",25.17%,Equity
HECA,Hedgeye Capital Allocation ETF,$30.54,$246,"183,387",10.45%,Multi-Asset
XSLV,Invesco S&P SmallCap Low Volatility ETF,$49.93,$245,"10,025",7.68%,Equity
EMHC,State Street SPDR Bloomberg Emerging Markets USD Bond ETF,$25.72,$245,"30,454",1.46%,Bond
IQSU,IQ Candriam ESG U.S. Large Cap Equity ETF,$54.07,$245,"17,110",-1.23%,Equity
LCTD,iShares World ex U.S. Carbon Transition Readiness Aware Active ETF,$58.93,$245,"18,179",7.81%,Equity
ADME,Aptus Drawdown Managed Equity ETF,$51.64,$245,"16,165",0.64%,Multi-Asset
CSRE,Cohen & Steers Real Estate Active ETF,$27.95,$245,"91,024",9.55%,Equity
HYTR,Counterpoint High Yield Trend ETF,$21.78,$245,"57,016",0.28%,Bond
VSDA,VictoryShares Dividend Accelerator ETF,$58.69,$244,"16,148",11.38%,Equity
IJAN,Innovator International Developed Power Buffer ETF - January,$37.53,$244,"62,216",3.79%,Equity
BDEC,Innovator U.S. Equity Buffer ETF - December,$49.51,$244,"34,046",-0.10%,Equity
FUMB,First Trust Ultra Short Duration Municipal ETF,$20.13,$244,"82,875",0.57%,Bond
EWZS,iShares MSCI Brazil Small-Cap ETF,$15.03,$243,"277,748",16.28%,Equity
BMNU,T-REX 2X Long BMNR Daily Target ETF,$2.29,$243,"44,887,648",-52.20%,Equity
BSJU,Invesco BulletShares 2030 High Yield Corporate Bond ETF,$26.17,$243,"85,821",0.74%,Bond
PEJ,Invesco Leisure and Entertainment ETF,$60.00,$243,"66,083",-2.17%,Equity
CNEQ,Alger Concentrated Equity ETF,$32.96,$242,"87,956",-4.13%,Equity
GCC,WisdomTree Enhanced Commodity Strategy Fund,$22.10,$242,"88,062",4.49%,Commodity
AVDS,Avantis International Small Cap Equity ETF,$77.85,$241,"29,811",11.52%,Equity
BUFB,Innovator Laddered Allocation Buffer ETF,$36.66,$241,"32,083",0.07%,Equity
BSEP,Innovator U.S. Equity Buffer ETF - September,$49.33,$241,"8,640",0.16%,Equity
BSMU,Invesco BulletShares 2030 Municipal Bond ETF,$22.30,$240,"52,997",1.44%,Bond
JOET,Virtus Terranova U.S. Quality Momentum ETF,$42.36,$240,"33,633",0.86%,Equity
STCE,Schwab Crypto Thematic ETF,$58.18,$240,"156,862",-2.97%,Equity
UOCT,Innovator U.S. Equity Ultra Buffer ETF - October,$39.12,$239,"12,240",0.20%,Equity
DBAW,Xtrackers MSCI All World ex US Hedged Equity ETF,$44.38,$239,"17,916",7.64%,Equity
IFV,First Trust Dorsey Wright International Focus 5 ETF,$27.17,$239,"37,162",9.43%,Equity
JAJL,Innovator Equity Defined Protection ETF - 6mo Jan/Jul,$29.17,$239,"49,322",0.36%,Equity
AFOS,ARS Focused Opportunity Strategy ETF,$38.40,$239,"8,335",11.69%,Equity
ULVM,VictoryShares US Value Momentum ETF,$99.38,$239,"5,056",8.87%,Equity
UUP,Invesco DB US Dollar Index Bullish Fund,$26.82,$238,"1,263,311",-0.78%,Currency
SIO,Touchstone Strategic Income ETF,$26.22,$238,"17,913",1.39%,Bond
METV,Roundhill Ball Metaverse ETF,$16.58,$237,"78,521",-11.71%,Equity
IQSM,NYLI Candriam U.S. Mid Cap Equity ETF,$36.48,$237,"13,876",5.37%,Equity
TSYY,GraniteShares YieldBOOST TSLA ETF,$4.37,$237,"2,397,743",-10.02%,Equity
MULL,GraniteShares 2x Long MU Daily ETF,$171.37,$236,"387,144",91.07%,Equity
DIVZ,Opal Dividend Income ETF,$39.16,$235,"26,689",7.79%,Equity
FDIG,Fidelity Crypto Industry and Digital Payments ETF,$35.96,$235,"73,073",-6.66%,Equity
TOK,iShares MSCI Kokusai ETF,$139.70,$234,"1,517",1.12%,Equity
AVGX,Defiance Daily Target 2X Long AVGO ETF,$39.79,$234,"1,046,595",-15.14%,Equity
BKUI,BNY Mellon Ultra Short Income ETF,$49.86,$234,"16,044",0.56%,Bond
IQSI,NYLI Candriam International Equity ETF,$38.29,$234,"8,825",8.87%,Equity
FDM,First Trust Dow Jones Select MicroCap Index Fund,$86.14,$234,"8,716",8.19%,Equity
HEEM,iShares Currency Hedged MSCI Emerging Markets ETF,$38.76,$233,"27,029",11.51%,Equity
MFUS,PIMCO RAFI Dynamic Multi-Factor U.S. Equity ETF,$60.75,$233,"11,284",7.31%,Equity
GOOY,YieldMax GOOGL Option Income Strategy ETF,$13.74,$233,"582,216",-1.48%,Equity
FMF,First Trust Managed Futures Strategy Fund,$48.81,$233,"27,522",3.74%,Alternatives
GDIV,Harbor Dividend Growth Leaders ETF,$17.82,$232,"20,724",6.83%,Equity
VIXY,ProShares VIX Short-Term Futures ETF,$28.31,$232,"3,446,603",10.41%,Volatility
FCTE,SMI 3Fourteen Full-Cycle Trend ETF,$26.81,$231,"50,287",7.67%,Equity
OACP,OneAscent Core Plus Bond ETF,$23.21,$231,"30,351",1.08%,Bond
AFIF,Anfield Universal Fixed Income ETF,$9.46,$230,"129,562",0.73%,Bond
FICS,First Trust International Developed Capital Strength ETF,$41.57,$230,"29,898",3.64%,Equity
IVVW,iShares S&P 500 BuyWrite ETF,$45.16,$230,"30,225",0.43%,Equity
QVMS,Invesco S&P SmallCap 600 QVM Multi-factor ETF,$30.79,$228,322,9.06%,Equity
CWEB,Direxion Daily CSI China Internet Index Bull 2x Shares,$36.48,$228,"338,521",-9.05%,Equity
DALI,First Trust Dorsey Wright DALI Equity ETF,$29.66,$228,"4,437",3.11%,Equity
FAN,First Trust Global Wind Energy ETF,$23.08,$227,"40,154",12.75%,Equity
DECW,AllianzIM U.S. Equity Buffer20 Dec ETF,$33.99,$227,"32,322",0.14%,Equity
DBO,Invesco DB Oil Fund,$13.44,$226,"381,698",10.16%,Commodity
CNYA,iShares MSCI China A ETF,$35.37,$226,"85,295",2.28%,Equity
GOAU,US Global GO GOLD and Precious Metal Miners ETF,$50.12,$226,"45,584",17.77%,Equity
RSPD,Invesco S&P 500 Equal Weight Consumer Discretionary ETF,$59.08,$226,"35,189",3.59%,Equity
JUCY,Aptus Enhanced Yield ETF,$22.21,$225,"52,443",0.71%,Multi-Asset
TBG,TBG Dividend Focus ETF,$36.69,$225,"30,510",9.90%,Equity
XTRE,BondBloxx Bloomberg Three Year Target Duration US Treasury ETF,$49.97,$225,"27,952",0.76%,Bond
GTIP,Goldman Sachs Access Inflation Protected USD Bond ETF,$49.83,$224,"25,697",1.42%,Bond
SRET,Global X SuperDividend REIT ETF,$22.81,$224,"50,838",5.43%,Real Estate
BLOX,Nicholas Crypto Income ETF,$15.30,$223,"457,995",-9.34%,Multi-Asset
SPUU,Direxion Daily S&P 500 Bull 2x Shares,$182.55,$223,"27,117",-0.84%,Equity
IAPR,Innovator International Developed Power Buffer ETF - April,$31.36,$223,"31,022",1.69%,Equity
AQLT,iShares MSCI Global Quality Factor ETF,$29.30,$223,"17,998",4.24%,Equity
NJUL,Innovator Growth-100 Power Buffer ETF - July,$72.37,$223,"7,684",-0.34%,Equity
FFOG,Franklin Focused Growth ETF FOCUSED GROWTH ETF,$42.70,$223,"34,883",-8.74%,Equity
WCLD,WisdomTree Cloud Computing Fund,$28.19,$222,"554,024",-19.48%,Equity
TSLQ,Tradr 2X Short TSLA Daily ETF,$20.21,$222,"17,434,334",11.29%,Equity
FNK,First Trust Mid Cap Value AlphaDEX Fund,$60.48,$222,"7,021",8.69%,Equity
AMZY,YieldMax AMZN Option Income Strategy ETF,$11.01,$222,"593,243",-13.78%,Equity
ILDR,First Trust Innovation Leaders ETF,$31.34,$222,"78,063",-5.00%,Equity
TZA,Direxion Daily Small Cap Bear 3X Shares,$6.12,$221,"96,628,500",-18.51%,Equity
SVXY,ProShares Short VIX Short-Term Futures ETF,$52.08,$221,"2,166,200",-5.96%,Volatility
SELV,SEI Enhanced Low Volatility U.S. Large Cap ETF,$33.41,$220,"25,954",3.40%,Equity
ORCX,Defiance Daily Target 2X Long ORCL ETF,$11.06,$220,"5,267,117",-35.81%,Equity
NBSM,Neuberger Small-Mid Cap ETF,$27.16,$220,"32,456",7.61%,Equity
PGHY,Invesco Global ex-US High Yield Corporate Bond ETF,$19.98,$220,"80,279",1.01%,Bond
IEZ,iShares U.S. Oil Equipment & Services ETF,$27.84,$220,"260,835",33.40%,Equity
ETHW,Bitwise Ethereum ETF,$14.65,$219,"1,736,071",-31.12%,Currency
IYRI,NEOS Real Estate High Income ETF,$50.59,$219,"82,219",5.05%,Equity
SMLV,State Street SPDR US Small Cap Low Volatility Index ETF,$143.23,$219,"3,256",9.23%,Equity
FLUD,Franklin Ultra Short Bond ETF,$25.05,$219,"59,511",0.54%,Bond
THIR,THOR Index Rotation ETF,$32.67,$219,"73,468",1.40%,Equity
ESN,Essential 40 Stock ETF,$18.32,$218,"49,252",6.74%,Equity
BNOV,Innovator U.S. Equity Buffer ETF - November,$44.38,$218,"18,510",-0.19%,Equity
ROE,Astoria US Equal Weight Quality Kings ETF,$37.52,$217,"34,078",6.37%,Equity
YOKE,YOKE Core ETF,$28.85,$217,"7,994",6.13%,Equity
OPTZ,Optimize Strategy Index ETF,$38.20,$217,"7,924",6.00%,Equity
BVAL,Bluemonte Large Cap Value ETF,$29.28,$216,"22,608",5.02%,Equity
FBL,GraniteShares 2x Long META Daily ETF,$29.60,$216,"1,705,325",-8.95%,Equity
SCEP,Sterling Capital Hedged Equity Premium Income ETF,N/A,$216,N/A,N/A,Equity
BENJ,Horizon Landmark ETF,$52.10,$216,"23,594",0.43%,Multi-Asset
UMMA,Wahed Dow Jones Islamic World ETF,$33.56,$215,"40,730",13.33%,Equity
IJUL,Innovator International Developed Power Buffer ETF - July,$34.66,$215,"26,241",3.43%,Equity
MSTX,Defiance Daily Target 2x Long MSTR ETF,$2.45,$215,"51,798,828",-36.36%,Equity
HAPS,Harbor Human Capital Factor US Small Cap ETF,$32.62,$215,227,3.91%,Equity
FIXT,TCW Core Plus Bond ETF,$38.69,$215,"20,903",1.70%,Bond
WGMI,CoinShares Bitcoin Mining ETF,$41.34,$215,"747,783",8.02%,Equity
HYZD,WisdomTree Interest Rate Hedged High Yield Bond Fund,$22.53,$214,"50,086",0.45%,Bond
USEP,Innovator U.S. Equity Ultra Buffer ETF - September,$39.35,$214,"15,467",0.05%,Equity
TPIF,Timothy Plan International ETF,$37.95,$214,"45,124",9.44%,Equity
XMPT,VanEck CEF Muni Income ETF,$22.48,$214,"63,751",3.22%,Bond
GINN,Innovate Equity ETF,$72.43,$213,"7,489",-0.92%,Equity
IVAL,Alpha Architect International Quantitative Value ETF,$36.15,$212,"17,175",14.93%,Equity
GVLU,Gotham 1000 Value ETF,$26.41,$212,"6,967",7.16%,Equity
FUNL,CornerCap Fundametrics Large-Cap ETF,$49.22,$212,"3,095",5.27%,Equity
WTMF,WisdomTree Managed Futures Strategy Fund,$38.39,$212,"37,460",0.96%,Alternatives
SNSR,Global X Internet of Things ETF,$39.80,$212,"18,678",7.70%,Equity
MLPB,ETRACS Alerian MLP Infrastructure Index ETN Series B,$28.26,$211,"7,333",11.70%,Equity
EDEN,iShares MSCI Denmark ETF,$115.35,$211,"6,835",0.77%,Equity
CNRG,State Street SPDR S&P Kensho Clean Power ETF,$99.18,$211,"15,943",10.85%,Equity
TOV,JLens 500 Jewish Advocacy U.S. ETF,$28.60,$211,"12,013",-0.29%,Equity
GBUG,Sprott Active Gold & Silver Miners ETF,$51.59,$210,"114,430",18.08%,Commodity
SCJ,iShares MSCI Japan Small Cap ETF,$105.74,$210,"24,795",15.18%,Equity
MLPI,NEOS MLP & Energy Infrastructure High Income ETF,$11.28,$210,"49,955",-40.73%,Equity
FINX,Global X FinTech ETF,$23.32,$210,"85,098",-20.76%,Equity
SLX,VanEck Steel ETF,$98.70,$210,"51,413",16.31%,Equity
CPLS,AB Core Plus Bond ETF,$35.91,$210,"25,462",1.41%,Bond
JHMB,John Hancock Mortgage-Backed Securities ETF,$22.49,$209,"45,857",1.63%,Bond
OPPJ,WisdomTree Japan Opportunities Fund,$57.47,$209,"48,163",23.85%,Equity
SPDN,Direxion Daily S&P 500 Bear 1x Shares,$9.51,$208,"31,121,166",0.85%,Equity
CLOU,Global X Cloud Computing ETF,$19.62,$208,"143,019",-13.26%,Equity
GHYG,iShares US & Intl High Yield Corp Bond ETF,$46.16,$208,"25,419",0.55%,Bond
MOTI,VanEck Morningstar International Moat ETF,$37.99,$207,"14,957",3.58%,Equity
FCAL,First Trust California Municipal High Income ETF,$49.97,$207,"20,624",1.63%,Bond
EMNT,PIMCO Enhanced Short Maturity Active ESG Exchange-Traded Fund,$98.85,$206,"7,594",0.59%,Bond
BFOR,ALPS Barron's 400 ETF,$87.38,$206,"7,205",6.11%,Equity
FFOX,FundX Future Fund Opportunities ETF,$28.54,$204,"18,067",4.66%,Equity
SPRE,SP Funds S&P Global REIT Sharia ETF,$21.27,$204,"62,587",8.98%,Equity
HYBI,NEOS Enhanced Income Credit Select ETF,$50.14,$204,"23,875",-0.37%,Bond
QQXT,First Trust Nasdaq-100 Ex-Technology Sector Index Fund,$101.03,$202,"160,614",1.67%,Equity
TSLR,GraniteShares 2x Long TSLA Daily ETF,$26.78,$202,"1,633,302",-16.36%,Equity
OALC,OneAscent Large Cap Core ETF,$35.83,$202,"21,657",1.07%,Equity
MDST,Westwood Salient Enhanced Midstream Income ETF,$28.37,$201,"53,157",9.18%,Equity
DEUS,Xtrackers Russell US Multifactor ETF,$62.80,$201,"21,262",7.70%,Equity
BLGR,Bluemonte Large Cap Growth ETF,$28.00,$201,"18,271",-4.36%,Equity
INTL,Main International ETF,N/A,$201,N/A,N/A,Equity
LCAP,Principal Capital Appreciation Select ETF,$30.12,$199,"23,976",1.96%,Equity
SMIZ,Zacks Small/Mid Cap ETF,$39.64,$199,"29,605",7.16%,Equity
MAGY,Roundhill Magnificent Seven Covered Call ETF,$47.92,$199,"161,170",-7.11%,Equity
HYXF,iShares ESG Advanced High Yield Corporate Bond ETF,$47.28,$198,"13,025",0.54%,Bond
POWA,Invesco Bloomberg Pricing Power ETF,$93.30,$198,"3,656",3.73%,Equity
COPJ,Sprott Junior Copper Miners ETF,$44.54,$197,"203,848",13.36%,Equity
REVS,Columbia Research Enhanced Value ETF,$29.79,$197,"75,154",5.33%,Equity
MUSI,American Century Multisector Income ETF,$44.60,$197,"14,927",1.46%,Bond
WPAY,Roundhill WeeklyPay Universe ETF,$36.02,$196,"399,841",-9.67%,Equity
AVSE,Avantis Responsible Emerging Markets Equity ETF,$72.39,$196,"7,889",11.42%,Equity
QBUF,Innovator Nasdaq-100 10 Buffer ETF Quarterly,$29.25,$196,"63,117",-0.22%,Equity
LDRX,SGI Enhanced Market Leaders ETF,$32.00,$195,"3,954",-2.73%,Equity
PY,Principal Value ETF,$53.19,$195,"27,830",1.90%,Equity
CHIQ,Global X MSCI China Consumer Discretionary ETF,$20.96,$195,"42,268",-1.43%,Equity
RISR,FolioBeyond Alternative Income and Interest Rate Hedge ETF,$35.67,$195,"42,459",-0.73%,Bond
XTWY,BondBloxx Bloomberg Twenty Year Target Duration US Treasury ETF,$39.11,$195,"74,767",3.80%,Bond
SIXL,ETC 6 Meridian Low Beta Equity ETF,$39.14,$194,"5,481",8.21%,Equity
AVUQ,Avantis U.S. Quality ETF Shs Avantis US Growth Equity ETF,$59.12,$194,"5,808",-1.75%,Equity
AVL,Direxion Daily AVGO Bull 2X Shares,$37.55,$194,"649,941",-14.83%,Equity
SHNY,MicroSectors Gold 3X Leveraged ETNs,$184.82,$193,"130,617",41.42%,Equity
SDOW,ProShares UltraPro Short Dow30,$29.30,$193,"4,947,005",-8.29%,Equity
KBA,KraneShares Bosera MSCI China A 50 Connect Index ETF,$30.43,$193,"142,532",-1.52%,Equity
BCHP,Principal Focused Blue Chip ETF,$18.04,$192,"2,108",-0.44%,Equity
IOCT,Innovator International Developed Power Buffer ETF - October,$36.25,$192,"19,283",4.00%,Equity
BAUG,Innovator U.S. Equity Buffer ETF - August,$50.12,$191,"14,819",0.16%,Equity
XTWO,BondBloxx Bloomberg Two Year Target Duration US Treasury ETF,$49.60,$191,"29,678",0.59%,Bond
CZA,Invesco Zacks Mid-Cap ETF,$116.56,$191,"2,219",5.19%,Equity
EDGI,3EDGE Dynamic International Equity ETF,$30.93,$191,"34,868",8.97%,Equity
TMAT,Main Thematic Innovation ETF,$23.80,$191,"46,597",-4.84%,Equity
QBER,TrueShares Quarterly Bear Hedge ETF,$23.93,$190,"59,057",-0.17%,Multi-Asset
KMLM,KFA Mount Lucas Managed Futures Index Strategy ETF,$26.53,$190,"99,110",2.24%,Alternatives
MFSG,MFS Active Growth ETF,$26.83,$190,"54,343",-5.21%,Equity
CPAI,Counterpoint Quantitative Equity ETF,$42.77,$190,"32,060",6.66%,Equity
EDC,Direxion Daily MSCI Emerging Markets Bull 3x Shares,$74.11,$188,"130,465",35.83%,Equity
QWLD,State Street SPDR MSCI World StrategicFactors ETF,$149.65,$188,"4,900",4.47%,Equity
CVSB,Calvert Ultra-Short Investment Grade ETF,$50.83,$188,"14,813",0.50%,Bond
PBD,Invesco Global Clean Energy ETF,$18.11,$188,"129,935",12.61%,Equity
FBCV,Fidelity Blue Chip Value ETF,$37.69,$187,"31,825",5.66%,Equity
LOWV,AB US Low Volatility Equity ETF,$76.75,$187,"10,998",-2.05%,Equity
NAPR,Innovator Growth-100 Power Buffer ETF - April,$53.99,$187,"11,521",0.54%,Equity
GOLY,Strategy Shares Gold Enhanced Yield ETF,$38.59,$187,"84,240",11.33%,Multi-Asset
TENM,iShares Large Cap 10% Target Buffer Mar ETF,N/A,$186,N/A,N/A,Equity
FBOT,Fidelity Disruptive Automation ETF,$36.11,$186,"23,078",8.33%,Equity
SMCX,Defiance Daily Target 2X Long SMCI ETF,$11.26,$186,"2,885,667",-1.23%,Equity
HSCZ,iShares Currency Hedged MSCI EAFE Small Cap ETF,$41.57,$186,"16,489",6.83%,Equity
AIPO,Defiance AI & Power Infrastructure ETF,$25.71,$185,"235,408",16.23%,Equity
BEEX,Beehive ETF,$25.29,$185,"3,125",-2.05%,Equity
RSPM,Invesco S&P 500 Equal Weight Materials ETF,$40.71,$185,"34,132",19.47%,Equity
GQI,Natixis Gateway Quality Income ETF,$56.94,$184,"27,956",0.60%,Equity
PSCI,Invesco S&P SmallCap Industrials ETF,$173.23,$184,"4,749",15.42%,Equity
FDTX,Fidelity Disruptive Technology ETF,$38.49,$184,"16,983",-5.53%,Equity
QQQY,Defiance Nasdaq 100 Enhanced Options & 0DTE Income ETF,$22.19,$184,"175,397",-3.57%,Equity
MSTB,LHA Market State Tactical Beta ETF,$39.86,$183,"14,927",-0.15%,Equity
PIN,Invesco India ETF,$23.66,$183,"50,132",-2.67%,Equity
BFEB,Innovator U.S. Equity Buffer ETF - February,$49.20,$183,"24,289",1.10%,Equity
AGIX,KraneShares Artificial Intelligence & Technology ETF,$34.23,$182,"67,121",-5.71%,Equity
UAE,iShares MSCI UAE ETF,$21.94,$182,"250,962",14.75%,Equity
NZAC,State Street SPDR MSCI ACWI Climate Paris Aligned ETF,$42.83,$182,"7,606",-0.14%,Equity
OVL,Overlay Shares Large Cap Equity ETF,$52.94,$181,"24,089",0.35%,Equity
GDMA,Gadsden Dynamic Multi-Asset ETF,$41.88,$181,"17,321",8.64%,Multi-Asset
BMAR,Innovator U.S. Equity Buffer ETF - March,$53.44,$180,"6,049",0.75%,Equity
QQMG,Invesco ESG NASDAQ 100 ETF,$41.00,$180,"37,459",-3.25%,Equity
USEW,Cambria US EW ETF,N/A,$180,N/A,N/A,Equity
QUVU,Hartford Quality Value ETF,$28.69,$180,"17,122",4.69%,Equity
HYGW,iShares High Yield Corporate Bond BuyWrite Strategy ETF,$29.92,$180,"89,529",0.95%,Bond
IPAY,Amplify Digital Payments ETF,$44.37,$180,"34,554",-14.73%,Equity
ZSL,ProShares UltraShort Silver,$2.51,$180,"156,177,844",-53.00%,Commodity
RONB,Baron First Principles ETF,N/A,$179,N/A,N/A,Equity
SRHQ,SRH U.S. Quality GARP ETF,$40.87,$179,183,3.15%,Equity
SIHY,Harbor Scientific Alpha High-Yield ETF,$45.87,$179,"19,940",0.91%,Bond
ETHT,ProShares Ultra Ether ETF,$15.48,$179,"1,967,733",-58.78%,Currency
COM,Direxion Auspice Broad Commodity Strategy ETF,$30.98,$179,"46,078",4.73%,Commodity
TOGA,Tremblant Global ETF,$28.80,$178,"9,289",-15.97%,Equity
EPHE,iShares MSCI Philippines ETF,$26.97,$178,"157,906",8.23%,Equity
SVAL,iShares US Small Cap Value Factor ETF,$38.01,$177,"57,749",10.72%,Equity
VEXC,Vanguard Emerging Markets Ex-China ETF,N/A,$177,N/A,N/A,Equity
USDU,WisdomTree Bloomberg U.S. Dollar Bullish Fund,$25.47,$177,"359,214",-1.28%,Currency
XCOR,FundX ETF,$80.19,$177,"3,024",-0.17%,Equity
ECOW,Pacer Emerging Markets Cash Cows 100 ETF,$27.46,$176,"44,792",12.53%,Equity
IGBH,iShares Interest Rate Hedged Long-Term Corporate Bond ETF,$24.53,$176,"77,605",0.00%,Bond
MGMT,Ballast Small/Mid Cap ETF,$49.96,$176,"10,760",12.70%,Equity
UNOV,Innovator U.S. Equity Ultra Buffer ETF - November,$38.08,$176,"29,581",0.06%,Equity
GTEK,Goldman Sachs Future Tech Leaders Equity ETF,$42.81,$175,"22,100",7.12%,Equity
SVIX,-1x Short VIX Futures ETF,$20.99,$175,"3,742,035",-13.37%,Volatility
UFEB,Innovator U.S. Equity Ultra Buffer ETF - February,$36.97,$174,"26,062",0.52%,Equity
MAMB,Monarch Ambassador Income Index ETF,$24.66,$174,"22,797",3.12%,Multi-Asset
HFGO,Hartford Large Cap Growth ETF,$25.14,$173,"27,375",-7.91%,Equity
SDSI,American Century Short Duration Strategic Income ETF,$51.78,$173,"23,456",0.82%,Bond
BSMV,Invesco BulletShares 2031 Municipal Bond ETF,$21.43,$173,"57,235",1.63%,Bond
DIM,WisdomTree International MidCap Dividend Fund,$88.21,$173,"5,406",9.50%,Equity
ADPV,Adaptiv Select ETF,$44.66,$172,"15,722",4.25%,Equity
TOLZ,ProShares DJ Brookfield Global Infrastructure ETF,$61.15,$172,"37,262",12.93%,Equity
LOUP,Innovator Deepwater Frontier Tech ETF,$74.64,$172,"14,035",-2.32%,Equity
FPXI,First Trust International Equity Opportunities ETF,$67.29,$172,"9,832",13.78%,Equity
EALT,Innovator U.S. Equity 5 to 15 Buffer ETF - Quarterly,$35.42,$172,"37,202",0.37%,Equity
OCIO,ClearShares OCIO ETF,$35.49,$172,"6,854",2.31%,Multi-Asset
GOEX,Global X Gold Explorers ETF,$96.23,$172,"55,294",19.41%,Equity
PCGG,Polen Capital Global Growth ETF,$10.70,$171,"48,510",-10.61%,Equity
SBIT,ProShares UltraShort Bitcoin ETF,$60.86,$171,"2,834,460",39.59%,Currency
GRNB,VanEck Green Bond ETF,$24.44,$171,"28,175",0.79%,Bond
GSC,Goldman Sachs Small Cap Equity ETF,$59.69,$171,"8,838",9.81%,Equity
AIS,VistaShares Artificial Intelligence Supercycle ETF,$44.14,$171,"88,765",16.87%,Equity
CWS,AdvisorShares Focused Equity ETF,$67.42,$171,"10,748",-1.90%,Equity
SDG,iShares MSCI Global Sustainable Development Goals ETF,$87.18,$171,"5,576",3.51%,Equity
PTIN,Pacer Trendpilot International ETF,$34.88,$171,"15,521",10.91%,Equity
UAUG,Innovator U.S. Equity Ultra Buffer ETF - August,$40.01,$170,"36,362",0.23%,Equity
XDEC,FT Vest U.S. Equity Enhance & Moderate Buffer ETF - December,$40.99,$169,"16,594",0.15%,Equity
CTIF,Castellan Targeted Income ETF,$52.58,$169,"5,962",3.87%,Equity
CURE,Direxion Daily Healthcare Bull 3x Shares,$115.42,$169,"69,221",3.46%,Equity
APRW,AllianzIM U.S. Equity Buffer20 Apr ETF,$35.04,$169,"8,576",0.52%,Equity
ETHO,Amplify Etho Climate Leadership U.S. ETF,$69.59,$168,"4,737",6.57%,Equity
SHDG,Soundwatch Hedged Equity ETF,$32.33,$168,"2,781",0.11%,Equity
MMTM,State Street SPDR S&P 1500 Momentum Tilt ETF,$293.94,$168,"2,030",0.64%,Equity
IONX,Defiance Daily Target 2X Long IONQ ETF,$10.84,$167,"3,048,267",-50.05%,Equity
NFTY,First Trust India NIFTY 50 Equal Weight ETF,$57.99,$167,"18,816",-0.58%,Equity
DFE,WisdomTree Europe SmallCap Dividend Fund,$76.19,$167,"8,622",6.07%,Equity
XMAR,FT Vest U.S. Equity Enhance & Moderate Buffer ETF - March,$40.17,$167,"10,230",0.61%,Equity
PFIX,Simplify Interest Rate Hedge ETF,$43.25,$167,"435,797",-9.57%,Alternatives
DJIA,Global X Dow 30 Covered Call ETF,$22.41,$167,"73,270",2.63%,Equity
VSMV,VictoryShares US Multi-Factor Minimum Volatility ETF,$58.18,$166,"15,567",5.38%,Equity
TSCV,Thrivent Small Cap Value ETF,N/A,$165,N/A,N/A,Equity
SMHX,VanEck Fabless Semiconductor ETF,$39.39,$165,"113,716",3.58%,Equity
RDTE,Roundhill Russell 2000 0DTE Covered Call Strategy ETF,$29.79,$164,"124,681",5.11%,Equity
ELCV,Eventide High Dividend ETF,$29.44,$164,"35,116",10.93%,Equity
SHOC,Strive U.S. Semiconductor ETF,$76.41,$164,"17,835",11.34%,Equity
FRI,First Trust S&P REIT Index Fund,$29.81,$164,"31,943",9.15%,Real Estate
HDUS,Hartford Disciplined US Equity ETF,$65.62,$163,"6,806",0.67%,Equity
IG,Principal Investment Grade Corporate Active ETF,$21.10,$163,"36,363",1.40%,Bond
MSMR,McElhenny Sheffield Managed Risk ETF,$35.47,$163,"11,400",1.83%,Multi-Asset
GLOF,iShares Global Equity Factor ETF,$54.64,$163,"15,679",3.52%,Equity
GIND,Goldman Sachs India Equity ETF,$25.54,$162,"42,032",-3.28%,Equity
FDLS,Inspire Fidelis Multi Factor ETF,$38.73,$162,"33,797",8.37%,Equity
RKLX,Defiance Daily Target 2X Long RKLB ETF,$32.46,$162,"2,053,070",-18.42%,Equity
AAPU,Direxion Daily AAPL Bull 2X Shares,$29.17,$162,"2,099,460",-13.13%,Equity
FYT,First Trust Small Cap Value AlphaDEX Fund,$64.05,$161,"14,786",13.00%,Equity
BSMC,Brandes U.S. Small-Mid Cap Value ETF,$38.41,$160,"16,689",10.62%,Equity
TMV,Direxion Daily 20+ Year Treasury Bear 3x Shares,$34.13,$160,"1,123,479",-8.15%,Bond
HYHG,ProShares High Yield-Interest Rate Hedged ETF,$64.30,$160,"13,308",0.38%,Bond
IDRV,iShares Self-driving EV & Tech ETF,$39.80,$160,"26,222",4.94%,Equity
APPX,Tradr 2X Long APP Daily ETF,$9.58,$160,"1,570,198",-72.97%,Equity
GLDI,"UBS AG ETRACS Gold Shares Covered Call ETNs due February 2, 2033",$180.41,$159,"12,489",3.84%,Multi-Asset
IQSZ,Invesco Global Equity Net Zero ETF,$29.03,$159,"1,010",3.64%,Equity
IHYF,Invesco High Yield Bond Factor ETF,$22.73,$159,"27,138",0.86%,Bond
UNHG,Leverage Shares 2X Long UNH Daily ETF,$12.09,$158,"2,471,770",-27.99%,Equity
BNO,United States Brent Oil Fund LP,$31.89,$157,"647,679",12.61%,Commodity
EMMF,WisdomTree Emerging Markets Multifactor Fund,$34.93,$157,"14,083",10.75%,Equity
SMCO,Hilton Small-MidCap Opportunity ETF,$29.10,$157,"15,305",8.59%,Equity
LEXI,Alexis Practical Tactical ETF,$36.75,$156,"8,186",3.24%,Multi-Asset
BRZU,Direxion Daily MSCI Brazil Bull 2X Shares,$112.31,$156,"46,497",40.85%,Equity
KAPR,Innovator U.S. Small Cap Power Buffer ETF - April,$35.69,$156,"8,422",1.59%,Equity
UJUL,Innovator U.S. Equity Ultra Buffer ETF - July,$38.92,$156,"32,968",0.43%,Equity
SPRX,Spear Alpha ETF,$39.13,$155,"174,281",1.62%,Equity
SDFI,AB Short Duration Income ETF,$35.90,$155,"17,752",0.66%,Bond
RFDI,First Trust RiverFront Dynamic Developed International ETF,$87.28,$155,"3,919",8.41%,Equity
MAXJ,iShares Large Cap Max Buffer Jun ETF,N/A,$154,N/A,N/A,Equity
TAIL,Cambria Tail Risk ETF,$11.69,$154,"371,260",1.78%,Multi-Asset
LDSF,First Trust Low Duration Strategic Focus ETF,$19.22,$153,"34,895",0.68%,Bond
IEUS,iShares MSCI Europe Small-Cap ETF,$72.58,$153,"13,063",5.89%,Equity
KRBN,KraneShares Global Carbon Strategy ETF,$29.74,$153,"47,930",-15.99%,Commodity
ITWO,ProShares Russell 2000 High Income ETF,$41.83,$153,"40,302",5.96%,Equity
BKCI,BNY Mellon Concentrated International ETF,$52.40,$153,"18,484",1.61%,Equity
TJUL,Innovator Equity Defined Protection ETF - 2 Yr to July 2027,$29.68,$153,"33,549",0.30%,Equity
MVV,ProShares Ultra MidCap400,$80.42,$152,"18,286",15.38%,Equity
UCRD, VictoryShares Corporate Bond ETF,$21.93,$152,"6,167",1.47%,Bond
AMDY,YieldMax AMD Option Income Strategy ETF,$32.10,$152,"269,666",-11.90%,Equity
BBBS,BondBloxx BBB Rated 1-5 Year Corporate Bond ETF,$51.72,$152,"43,059",0.86%,Bond
BNDC,FlexShares Core Select Bond Fund Core Select Bond Fund,$22.59,$152,"14,819",1.35%,Bond
AVMU,Avantis Core Municipal Fixed Income ETF,$46.87,$152,"9,479",1.70%,Bond
AESR,Anfield U.S. Equity Sector Rotation ETF,$17.54,$152,"38,810",3.46%,Equity
CANC,Tema Oncology ETF,$36.53,$151,"38,154",5.21%,Equity
OKLL,Defiance Daily Target 2x Long OKLO ETF,$11.71,$151,"3,735,167",-30.17%,Equity
AFK,VanEck Africa Index ETF,$29.27,$151,"70,830",9.42%,Equity
MTRA,Invesco International Growth Focus ETF,$26.29,$151,"4,952",0.34%,Equity
JPXN,iShares JPX-Nikkei 400 ETF,$100.77,$151,"23,117",16.54%,Equity
SMCY,YieldMax SMCI Option Income Strategy ETF,$7.69,$151,"1,323,403",3.30%,Equity
SIXJ,AllianzIM U.S. Equity 6 Month Buffer10 Jan/Jul ETF,$34.31,$150,"16,425",0.09%,Equity
FSCC,Federated Hermes MDT Small Cap Core ETF,$31.67,$150,"52,898",5.53%,Equity
GSGO,Goldman Sachs Growth Opportunities ETF,$38.23,$150,N/A,-4.80%,Equity
FYEE,Fidelity Yield Enhanced Equity ETF,$28.74,$150,"69,017",0.21%,Equity
JHPI,John Hancock Preferred Income ETF,$23.24,$150,"44,019",1.95%,Bond
JHPI,John Hancock Preferred Income ETF,$23.24,$150,"44,019",1.95%,Preferred Stock
QLV,FlexShares US Quality Low Volatility Index Fund,$74.14,$150,"13,344",2.90%,Equity
UDN,Invesco DB US Dollar Index Bearish Fund,$18.55,$149,"204,925",1.70%,Currency
ERTH,Invesco MSCI Sustainable Future ETF,$49.14,$149,"8,116",4.16%,Equity
BCTK,Baron Technology ETF,$24.15,$149,N/A,-3.85%,Equity
MSSS,Monarch Select Subsector ETF Fund,$31.74,$148,"14,063",4.89%,Equity
HIDV,AB US High Dividend ETF,$82.59,$148,"9,784",2.39%,Equity
NFXL,Direxion Daily NFLX Bull 2X Shares,$20.13,$148,"966,076",-34.32%,Equity
CRWG,Leverage Shares 2X Long CRWV Daily ETF,$4.27,$148,"19,037,539",57.56%,Equity
SWP,SWP Growth & Income ETF,$28.94,$148,"23,222",4.17%,Equity
AUGW,AllianzIM U.S. Equity Buffer20 Aug ETF,$32.60,$148,"5,219",0.22%,Equity
DXIV,Dimensional International Vector Equity ETF,$71.65,$147,"10,638",10.12%,Equity
SPYT,Defiance S&P 500 Target Income ETF,$17.18,$147,"159,722",-0.12%,Equity
GEW,Cambria Global EW ETF,$53.31,$147,"5,181",3.71%,Equity
MVFG,Monarch Volume Factor Global Unconstrained Index ETF,$34.05,$147,"14,602",9.66%,Multi-Asset
IDGT,iShares U.S. Digital Infrastructure and Real Estate ETF,$97.16,$147,"10,076",14.31%,Equity
EWO,iShares MSCI Austria ETF,$38.07,$147,"54,398",7.33%,Equity
XHE,State Street SPDR S&P Health Care Equipment ETF,$84.16,$146,"18,219",-4.61%,Equity
MBCC,Monarch Blue Chips Core Index ETF,$36.53,$146,"17,213",-1.06%,Equity
ZFEB,Innovator Equity Defined Protection ETF - 1 Yr February,$25.52,$146,"44,598",0.57%,Equity
BNDI,NEOS Enhanced Income Aggregate Bond ETF,$47.81,$146,"19,960",1.49%,Bond
IVVM,iShares Large Cap Moderate Quarterly Laddered ETF,$34.79,$146,"26,716",-0.01%,Equity
IMOM,Alpha Architect International Quantitative Momentum ETF,$43.72,$146,"21,595",14.68%,Equity
COLO,Global X MSCI Colombia ETF,$41.12,$145,"117,790",15.38%,Equity
JULU,AllianzIM U.S. Equity Buffer15 Uncapped Jul ETF,$29.62,$145,"16,305",-0.30%,Equity
IDVZ,Opal International Dividend Income ETF,$35.03,$145,"14,116",10.31%,Equity
IDNA,iShares Genomics Immunology and Healthcare ETF,$29.06,$145,"35,286",10.96%,Equity
GLRY,Inspire Growth ETF,$39.09,$145,"26,483",9.13%,Equity
GKAT,Scharf Global Opportunity ETF,$42.66,$145,"12,019",4.19%,Equity
YJUN,FT Vest International Equity Moderate Buffer ETF - June,$26.26,$145,"24,714",2.39%,Equity
ECML,Euclidean Fundamental Value ETF,$37.17,$145,856,11.26%,Equity
SCDV,Bahl & Gaynor Small Cap Dividend ETF,$27.34,$145,"7,800",14.51%,Equity
FAAR,First Trust Alternative Absolute Return Strategy ETF,$29.21,$144,"29,478",7.78%,Commodity
GEME,Pacific North of South EM Equity Active ETF,$37.62,$144,"34,638",16.90%,Equity
BLES,Inspire Global Hope ETF,$46.73,$144,"9,306",8.15%,Equity
BBBI,BondBloxx BBB Rated 5-10 Year Corporate Bond ETF,$52.55,$144,"40,167",1.31%,Bond
GLIN,VanEck India Growth Leaders ETF,$46.43,$143,"40,983",0.72%,Equity
TFPN,Blueprint Chesapeake Multi-Asset Trend ETF,$28.61,$143,"6,954",11.36%,Multi-Asset
CHGX,Stance Sustainable Beta ETF,$28.21,$143,"14,265",3.77%,Equity
PLTW,Roundhill PLTR WeeklyPay ETF,$24.16,$143,"251,135",-31.51%,Equity
DIVN,Horizon Dividend Income ETF,$29.37,$143,"11,027",10.62%,Equity
INTW,GraniteShares 2x Long INTC Daily ETF,$61.35,$143,"891,875",42.18%,Equity
ONOF,Global X Adaptive U.S. Risk Management ETF,$37.44,$143,"7,840",-0.50%,Multi-Asset
FID,First Trust S&P International Dividend Aristocrats ETF,$22.30,$143,"19,837",8.52%,Equity
PSCH,Invesco S&P SmallCap Health Care ETF,$42.46,$143,"13,437",-3.62%,Equity
BMAY,Innovator U.S. Equity Buffer ETF - May,$45.07,$143,"6,860",0.56%,Equity
UAPR,Innovator U.S. Equity Ultra Buffer ETF - April,$32.98,$142,"14,867",0.64%,Equity
KOCT,Innovator U.S. Small Cap Power Buffer ETF - October,$34.75,$142,"12,667",3.22%,Equity
SBND,Columbia Short Duration Bond ETF,$19.03,$142,"81,352",0.90%,Bond
YDEC,FT Vest International Equity Moderate Buffer ETF - December,$27.16,$141,"46,287",3.70%,Equity
BUFT,FT Vest Buffered Allocation Defensive ETF,$24.72,$141,"24,310",0.46%,Equity
EMKT,Lazard Emerging Markets Opportunities ETF,N/A,$141,N/A,N/A,Equity
SMOG,VanEck Low Carbon Energy ETF,$141.29,$141,"1,492",9.00%,Equity
DMAX,iShares Large Cap Max Buffer Dec ETF,N/A,$140,N/A,N/A,Equity
STXG,Strive 1000 Growth ETF,$49.25,$140,"8,816",-3.21%,Equity
ACVF,American Conservative Values ETF,$49.91,$140,"5,330",1.05%,Equity
LITX,Tradr 2X Long LITE Daily ETF,$68.42,$140,N/A,N/A,Equity
DEW,WisdomTree Global High Dividend Fund,$68.00,$140,"5,954",10.41%,Equity
ZJUL,Innovator Equity Defined Protection ETF - 1 Yr July,$29.19,$140,"9,429",0.43%,Equity
EFFI,Harbor Osmosis International Resource Efficient ETF,$24.97,$140,175,3.33%,Equity
ISRA,VanEck Israel ETF,$63.90,$139,"11,413",8.66%,Equity
QYLG,Global X Nasdaq 100 Covered Call & Growth ETF,$26.82,$139,"53,916",-1.06%,Equity
ESUM,Eventide US Market ETF,$27.48,$139,"23,206",2.03%,Equity
XJUN,FT Vest U.S. Equity Enhance & Moderate Buffer ETF - June,$43.15,$139,"4,914",0.48%,Equity
EMXF,iShares ESG Advanced MSCI EM ETF,$51.30,$138,"5,611",10.25%,Equity
CGV,Conductor Global Equity Value ETF,$16.47,$138,"13,735",11.81%,Equity
FAB,First Trust Multi Cap Value AlphaDEX Fund,$98.24,$138,"2,110",10.19%,Equity
FRTY,Alger Mid Cap 40 ETF,$20.66,$138,"50,497",-1.87%,Equity
LST,Leuthold Select Industries ETF,$43.00,$138,"38,921",7.10%,Equity
HTUS,Capitol Series Trust Hull Tactical US ETF,$39.57,$138,"11,202",-0.33%,Alternatives
ELFY,ALPS Electrification Infrastructure ETF,$40.74,$138,"44,143",15.75%,Equity
TRTY,Cambria Trinity ETF,$30.65,$137,"10,021",7.59%,Multi-Asset
VEGN,US Vegan Climate ETF,$59.81,$137,"6,498",-1.65%,Equity
BJUN,Innovator U.S. Equity Buffer ETF - June,$46.98,$137,"3,522",0.51%,Equity
GMOM,Cambria Global Momentum ETF,$37.12,$137,"7,216",10.72%,Multi-Asset
RNIN,Bushido Capital US SMID Cap Equity ETF,$28.71,$137,"6,222",3.94%,Equity
CWVX,Tradr 2X Long CRWV Daily ETF,$34.44,$137,"2,008,840",57.48%,Equity
KAUG,Innovator US Small Cap Power Buffer ETF - August,$27.22,$136,"8,214",2.62%,Equity
TTEQ,T. Rowe Price Technology ETF,$31.73,$136,"43,871",-2.44%,Equity
PIE,Invesco Dorsey Wright Emerging Markets Momentum ETF,$27.06,$136,"26,438",14.47%,Equity
COMB,GraniteShares Bloomberg Commodity Broad Strategy No K-1 ETF,$22.61,$135,"69,656",7.11%,Commodity
RVNU,Xtrackers Municipal Infrastructure Revenue Bond ETF,$24.90,$135,"19,352",1.77%,Bond
EJUL,Innovator Emerging Markets Power Buffer ETF - July,$30.41,$135,"11,529",2.55%,Equity
BITI,ProShares Short Bitcoin ETF,$27.78,$135,"2,988,659",21.47%,Currency
SBIO,ALPS Medical Breakthroughs ETF,$49.72,$135,"45,689",-2.93%,Equity
PJFG,PGIM Jennison Focused Growth ETF,$102.81,$134,"4,468",-7.56%,Equity
BABX,GraniteShares 2x Long BABA Daily ETF,$39.04,$134,"920,898",8.32%,Equity
ENDW,Cambria Endowment Style ETF,$32.95,$134,"5,865",6.51%,Multi-Asset
ABEQ,Absolute Select Value ETF,$39.03,$134,"11,700",8.88%,Equity
SNTH,MRP Synthequity ETF,$27.59,$134,"54,332",-0.36%,Equity
IZRL,ARK Israel Innovative Technology ETF,$28.34,$134,"20,624",-5.18%,Equity
KDEF,PLUS Korea Defense Industry Index ETF,$56.92,$134,"80,706",29.71%,Equity
TPZ,Tortoise Electrification Infrastructure ETF,$22.44,$134,"15,365",10.11%,Multi-Asset
MBOX,Freedom Day Dividend ETF,$37.83,$134,"4,352",8.14%,Equity
EJAN,Innovator Emerging Markets Power Buffer ETF January,$35.12,$134,"34,995",3.94%,Equity
IYLD,iShares Morningstar Multi-Asset Income ETF,$22.41,$134,"36,857",4.91%,Multi-Asset
LPRE,Long Pond Real Estate Select ETF,$28.28,$133,"28,444",5.97%,Equity
KJUL,Innovator U.S. Small Cap Power Buffer ETF - July,$32.38,$133,"18,457",2.15%,Equity
AEMS,Anfield Enhanced Market ETF,$10.58,$133,"41,690",2.03%,Equity
ZSEP,Innovator Equity Defined Protection ETF - 1 Yr September,$26.85,$133,"15,422",0.26%,Equity
XBAP,Innovator U.S. Equity Accelerated 9 Buffer ETF - April,$38.84,$133,"9,083",0.43%,Equity
WAGN,Pabrai Wagons ETF,N/A,$133,N/A,N/A,Equity
CHAU,Direxion Daily CSI 300 China A Share Bull 2x Shares,$21.85,$133,"189,678",3.97%,Equity
YANG,Direxion Daily FTSE China Bear 3X Shares,$24.46,$133,"1,388,937",-2.70%,Equity
FTRI,First Trust Indxx Global Natural Resources Income ETF,$18.23,$133,"45,546",16.31%,Equity
PZT,Invesco New York AMT-Free Municipal Bond ETF,$22.46,$132,"22,443",0.95%,Bond
PHEQ,Parametric Hedged Equity ETF,$32.44,$132,"32,521",-0.40%,Equity
LGDX,Intech S&P Large Cap Diversified Alpha ETF,$22.66,$132,"4,792",-1.41%,Equity
FLJH,Franklin FTSE Japan Hedged ETF,$42.79,$132,"35,048",13.59%,Equity
GSEE,Goldman Sachs MarketBeta Emerging Markets Equity ETF,$62.90,$132,"5,748",11.75%,Equity
PGJ,Invesco Golden Dragon China ETF,$29.05,$132,"24,289",0.84%,Equity
TMFM,Motley Fool Mid-Cap Growth ETF,$22.14,$132,"13,144",-5.56%,Equity
XMAG,Defiance Large Cap ex-Mag 7 ETF,$23.19,$132,"92,684",2.77%,Equity
SPFF,Global X SuperIncome Preferred ETF,$9.33,$132,"46,389",0.58%,Preferred Stock
SEPU,AllianzIM U.S. Equity Buffer15 Uncapped Sep ETF,$28.85,$131,"14,095",-0.33%,Equity
GBF,iShares Government/Credit Bond ETF,$105.89,$131,"4,070",1.45%,Bond
DGRE,WisdomTree Emerging Markets Quality Dividend Growth Fund,$35.56,$131,"36,325",13.59%,Equity
SPVU,Invesco S&P 500® Enhanced Value ETF,$61.21,$131,"10,335",7.21%,Equity
MFEM,PIMCO RAFI Dynamic Multi-Factor Emerging Markets Equity ETF,$26.53,$131,"11,716",14.73%,Equity
IVVB,iShares Large Cap Deep Quarterly Laddered ETF,$33.13,$130,"21,352",0.18%,Equity
EFFE,Harbor Osmosis Emerging Markets Resource Efficient ETF,$24.93,$130,165,8.01%,Multi-Asset
NIHI,NEOS MSCI EAFE High Income ETF,$53.16,$130,"64,398",5.92%,Equity
IPO,Renaissance IPO ETF,$43.46,$130,"45,981",-4.80%,Equity
KLIP,KraneShares KWEB Covered Call Strategy ETF,$29.52,$130,"45,560",0.39%,Equity
LEGR,First Trust Indxx Innovative Transaction & Process ETF,$60.85,$130,"6,940",2.27%,Equity
WEAT,Teucrium Wheat Fund,$20.98,$129,"178,584",5.06%,Commodity
GHYB,Goldman Sachs Access High Yield Corporate Bond ETF,$45.40,$129,"23,908",0.74%,Bond
IBUY,Amplify Online Retail ETF,$64.12,$129,"13,405",-13.86%,Equity
MJ,Amplify Alternative Harvest ETF,$25.25,$128,"98,011",-15.24%,Equity
EDGH,3EDGE Dynamic Hard Assets ETF,$32.59,$128,"54,213",7.14%,Multi-Asset
HOOW,Roundhill HOOD WeeklyPay ETF,$27.27,$128,"375,911",-38.56%,Equity
ONEZ,TrueShares Seasonality Laddered Buffered ETF,$25.88,$128,"18,359",-0.35%,Equity
TOS,Twin Oak Strategic Solutions ETF,N/A,$128,N/A,N/A,Equity
BEDY,BNY Mellon Enhanced Dividend and Income ETF,$28.19,$128,N/A,6.70%,Equity
RAFE,PIMCO RAFI ESG U.S. ETF,$43.61,$128,"16,365",3.86%,Multi-Asset
PSTP,Innovator Power Buffer Step-Up Strategy ETF,$35.31,$127,"13,703",-0.11%,Equity
YSEP,FT Vest International Equity Moderate Buffer ETF - September,$26.98,$127,"24,762",3.69%,Equity
FEUZ,First Trust Eurozone AlphaDEX ETF,$65.84,$127,"17,732",7.23%,Equity
BAMG,Brookstone Growth Stock ETF,$38.44,$126,"42,110",-4.22%,Equity
EOCT,Innovator Emerging Markets Power Buffer ETF - October,$33.04,$126,"19,252",4.36%,Equity
TSLW,Roundhill TSLA WeeklyPay ETF,$28.72,$126,"252,740",-9.19%,Equity
BUFS,FT Vest Laddered Small Cap Moderate Buffer ETF,$23.51,$126,"36,846",2.93%,Equity
SPBU,AllianzIM Buffer15 Uncapped Allocation ETF,$28.12,$126,"34,652",-0.11%,Equity
SPWO,SP Funds S&P World (ex-US) ETF,$30.58,$126,"44,703",12.10%,Equity
SGLC,SGI U.S. Large Cap Core ETF,$38.92,$126,"12,302",1.42%,Equity
ESG,FlexShares STOXX US ESG Select Index Fund,$159.66,$126,"1,548",0.89%,Equity
STXE,Strive Emerging Markets Ex-China ETF,$42.21,$126,"7,144",17.52%,Equity
BUFP,PGIM Laddered S&P 500 Buffer 12 ETF,$30.16,$125,"28,589",0.12%,Equity
DSMC,Distillate Small/Mid Cash Flow ETF,$38.37,$125,"11,300",8.17%,Equity
BUL,Pacer US Cash Cows Growth ETF,$56.54,$125,"13,425",2.63%,Equity
FBY,YieldMax META Option Income Strategy ETF,$11.58,$125,"181,776",-3.38%,Equity
KOID,KraneShares Global Humanoid and Embodied Intelligence Index ETF,$35.83,$125,"48,078",12.51%,Equity
FLEE,Franklin FTSE Europe ETF,$38.87,$125,"21,454",6.38%,Equity
ZNOV,Innovator Equity Defined Protection ETF - 1 Yr November,$26.75,$124,"35,044",0.30%,Equity
DUNK,Dana Unconstrained Equity ETF,$21.19,$124,"15,657",-13.90%,Equity
HBTA,Horizon Expedition Plus ETF,$28.56,$124,"32,333",-1.42%,Equity
SSPY,Stratified LargeCap Index ETF,$92.79,$124,"1,922",6.77%,Equity
AFMC,First Trust Active Factor Mid Cap ETF,$37.37,$124,"22,810",8.40%,Equity
GSEU,Goldman Sachs ActiveBeta Europe Equity ETF,$48.21,$124,"13,913",5.52%,Equity
UDIV,Franklin U.S. Core Dividend Tilt Index ETF,$54.18,$124,"8,897",1.94%,Equity
GPZ,VanEck Alternative Asset Manager ETF,$24.55,$124,"123,060",-9.58%,Equity
RINT,International Developed Equity ETF,$31.41,$123,"12,778",7.54%,Equity
SCO,ProShares UltraShort Bloomberg Crude Oil,$16.17,$123,"1,645,432",-17.54%,Commodity
MSTZ,T-Rex 2X Inverse MSTR Daily Target ETF,$12.84,$123,"16,225,305",-25.13%,Equity
BRIE,MFS Blended Research International Equity ETF,N/A,$123,N/A,N/A,Equity
SPYA,Twin Oak Endure ETF,$27.65,$123,319,-1.54%,Equity
DOG,ProShares Short Dow30,$22.92,$123,"4,271,452",-2.43%,Equity
RWM,ProShares Short Russell2000,$15.39,$122,"21,492,768",-5.99%,Equity
SMDX,Intech S&P Small-Mid Cap Diversified Alpha ETF,$24.81,$122,"6,297",8.55%,Equity
APLY,YieldMax AAPL Option Income Strategy ETF,$12.11,$122,"176,292",-5.76%,Equity
TRFM,AAM Transformers ETF,$49.29,$122,"20,746",3.44%,Equity
ZOCT,Innovator Equity Defined Protection ETF - 1 Yr October,$26.92,$121,"15,630",0.31%,Equity
DECT,AllianzIM U.S. Equity Buffer10 Dec ETF,$36.62,$121,"15,333",-0.12%,Equity
PTH,Invesco Dorsey Wright Healthcare Momentum ETF,$48.13,$121,"18,178",-3.17%,Equity
CVY,Invesco Zacks Multi-Asset Income ETF,$28.51,$121,"3,967",6.32%,Equity
SIXS,ETC 6 Meridian Small Cap Equity ETF,$54.66,$121,"4,703",8.12%,Equity
CRTC,Xtrackers US National Critical Technologies ETF,$36.63,$121,"14,156",-0.08%,Equity
JGRW,Jensen Quality Growth ETF,$25.60,$120,"29,317",-5.41%,Equity
ZDEK,Innovator Equity Defined Protection ETF - 1 Yr December,$25.80,$120,"50,389",0.25%,Equity
ATFV,Alger 35 ETF,$33.52,$120,"41,840",-3.87%,Equity
APOC,Innovator Equity Defined Protection ETF - 6mo Apr/Oct,$26.29,$120,"21,930",0.34%,Equity
INDS,Pacer Industrial Real Estate ETF,$40.04,$120,"14,224",9.17%,Real Estate
ELD,WisdomTree Emerging Markets Local Debt Fund,$30.10,$119,"39,444",3.58%,Bond
BKCG,BNY Mellon Concentrated Growth ETF,$35.65,$119,"2,706",-2.12%,Equity
AIEQ,Amplify AI Powered Equity ETF,$45.54,$119,"4,806",0.88%,Equity
TDAQ,TappAlpha Innovation 100 Growth & Daily Income ETF,$25.01,$119,"160,459",-2.69%,Equity
XJR,iShares ESG Select Screened S&P Small-Cap ETF,$46.14,$118,"11,029",8.36%,Equity
SMAX,iShares Large Cap Max Buffer Sep ETF,$27.03,$118,"16,200",0.28%,Equity
CSTK,Invesco Comstock Contrarian Equity ETF,$30.90,$118,"3,749",6.16%,Equity
IFLO,VictoryShares International Free Cash Flow ETF,$31.01,$118,"4,862",8.89%,Equity
YLDE,Franklin ClearBridge Enhanced Income ETF,$57.27,$118,"16,249",6.20%,Equity
KEAT,Keating Active ETF,$34.14,$118,"3,140",12.05%,Equity
PIT,VanEck Commodity Strategy ETF,$57.58,$118,"9,216",9.03%,Commodity
OGIG,ALPS | O’Shares Global Internet Giants ETF,$42.87,$118,"16,259",-18.45%,Equity
BATT,Amplify Lithium & Battery Technology ETF,$15.44,$118,"81,537",11.88%,Equity
INCE,Franklin Income Equity Focus ETF,$66.73,$117,"8,617",9.71%,Equity
FEBW,AllianzIM U.S. Equity Buffer20 Feb ETF,$34.05,$117,"16,829",0.26%,Equity
DWUS,AdvisorShares Dorsey Wright FSM US Core ETF,$53.79,$117,"2,770",-0.77%,Equity
MQQQ,Tradr 2X Long Innovation 100 Monthly ETF,$172.20,$117,"9,460",-5.11%,Equity
TDI,Touchstone Dynamic International ETF,$43.29,$116,"26,754",11.91%,Equity
SOCL,Global X Social Media ETF,$49.49,$116,"12,514",-10.36%,Equity
ACES,ALPS Clean Energy ETF,$35.35,$116,"42,370",9.04%,Equity
FTXN,First Trust Nasdaq Oil & Gas ETF,$33.38,$116,"25,495",19.57%,Equity
SPD,Simplify US Equity PLUS Downside Convexity ETF,$38.66,$116,"18,687",-1.54%,Equity
OWNS,CCM Affordable Housing MBS ETF,$17.76,$115,"12,800",1.71%,Bond
OPER,ClearShares Ultra-Short Maturity ETF,$100.21,$115,"9,649",0.46%,Bond
LGRO,Level Four Large Cap Growth Active ETF,$38.63,$115,"16,454",-5.72%,Equity
NEBX,Tradr 2X Long NBIS Daily ETF,$33.98,$115,"1,081,425",20.50%,Equity
LRND,NYLI U.S. Large Cap R&D Leaders ETF,$39.14,$115,"66,081",-3.99%,Equity
XPAY,Roundhill S&P 500 Target 20 Managed Distribution ETF,$52.10,$114,"67,692",-0.07%,Equity
UMAR,Innovator U.S. Equity Ultra Buffer ETF - March,$40.24,$114,"6,821",0.73%,Equity
TDSC,ETC Cabana Target Drawdown 10 ETF,$26.62,$114,"20,716",5.32%,Multi-Asset
KNCT,Invesco Next Gen Connectivity ETF,$146.32,$114,"14,170",9.23%,Equity
NUHY,Nuveen ESG High Yield Corporate Bond ETF,$21.62,$114,"30,498",0.64%,Bond
RZG,Invesco S&P SmallCap 600® Pure Growth ETF,$59.02,$113,"4,562",8.52%,Equity
TRIO,MC Trio Equity Buffered ETF,$61.68,$113,"3,157",0.97%,Equity
FCVT,First Trust SSI Strategic Convertible Securities ETF,$46.03,$113,"39,452",7.06%,Bond
MARM,FT Vest U.S. Equity Max Buffer ETF - March,$33.20,$113,"11,159",0.43%,Equity
KSTR,KraneShares SSE Star Market 50 Index ETF,$20.84,$113,"227,259",11.98%,Equity
STOX,Horizon Core Equity ETF,$28.41,$113,"37,433",0.26%,Equity
KRMA,Global X Conscious Companies ETF,$43.27,$113,"23,767",-0.34%,Equity
BRIF,FIS Bright Portfolios Focused Equity ETF,$30.93,$112,"10,116",2.97%,Equity
BFRZ,Innovator Equity Managed 100 Buffer ETF,$26.82,$112,"65,216",-0.06%,Equity
DDFN,Innovator Equity Dual Directional 15 Buffer ETF - November,$19.25,$112,"84,130",0.44%,Equity
SNOV,FT Vest U.S. Small Cap Moderate Buffer ETF - November,$25.46,$112,"33,703",2.99%,Equity
GQQQ,Astoria US Quality Growth Kings ETF,$30.22,$111,"13,371",0.90%,Equity
IWMY,Defiance R2000 Enhanced Options & 0DTE Income ETF,$19.96,$111,"118,527",4.90%,Equity
SEPZ,TrueShares Structured Outcome (September) ETF,$42.05,$111,"8,306",-0.51%,Equity
PRCS,Parnassus Core Select ETF,$26.43,$111,"45,457",-1.60%,Equity
PCLG,Polen Focus Growth ETF,$21.52,$111,"19,827",-13.06%,Equity
ZJAN,Innovator Equity Defined Protection ETF - 1 Yr January,$27.44,$111,"49,811",0.28%,Equity
UPGD,Invesco Bloomberg Analyst Rating Improvers ETF,$78.79,$110,"1,775",6.49%,Equity
IDYN,iShares International Equity Factor Rotation Active ETF,$31.17,$110,"16,254",10.70%,Equity
LSAF,LeaderShares AlphaFactor US Core Equity ETF,$46.97,$110,"9,011",4.19%,Equity
FNGG,Direxion Daily NYSE FANG+ Bull 2X Shares,$163.88,$110,"13,411",-20.56%,Equity
VEGI,iShares MSCI Agriculture Producers ETF,$45.85,$110,"17,037",18.87%,Equity
FITE,State Street SPDR S&P Kensho Future Security ETF,$89.10,$110,"10,259",4.42%,Equity
PFRL,PGIM Floating Rate Income ETF,$49.39,$110,"13,083",-0.11%,Bond
DVAL,BrandywineGLOBAL - Dynamic US Large Cap Value ETF,$15.33,$109,"21,711",6.50%,Equity
AMID,Argent Mid Cap ETF,$34.90,$109,"9,886",4.08%,Equity
FMCX,FM Focus Equity ETF,$33.68,$109,378,-2.21%,Equity
PFFR,InfraCap REIT Preferred ETF,$18.16,$109,"35,357",1.44%,Preferred Stock
NNOV,Innovator Growth-100 Power Buffer ETF - November,$28.49,$109,"61,903",-0.73%,Equity
BLCV,iShares Large Cap Value Active ETF,$38.52,$109,"30,259",3.22%,Equity
TSEL,Touchstone Sands Capital US Select Growth ETF,$25.09,$108,"18,302",-11.55%,Equity
METL,Sprott Active Metals & Miners ETF,$29.74,$108,"72,000",17.68%,Equity
SPTE,SP Funds S&P Global Technology ETF,$36.95,$108,"26,395",4.98%,Equity
DWAW,AdvisorShares Dorsey Wright FSM All Cap World ETF,$45.89,$108,"1,949",3.89%,Equity
KCCA,KraneShares California Carbon Allowance Strategy ETF,$15.19,$107,"53,773",-9.64%,Commodity
PTBD,Pacer Trendpilot US Bond ETF,$19.49,$107,"37,852",0.74%,Bond
DDFO,Innovator Equity Dual Directional 15 Buffer ETF - October,$21.63,$107,"63,852",0.05%,Equity
PFIG,Invesco Fundamental Investment Grade Corporate Bond ETF,$24.45,$107,"26,022",1.03%,Bond
ESGG,FlexShares STOXX Global ESG Select Index Fund,$211.33,$107,860,2.95%,Equity
BLDX,Impax Global Infrastructure ETF,N/A,$107,N/A,N/A,Equity
SPUC,Simplify US Equity PLUS Upside Convexity ETF,$46.46,$107,"10,773",-0.29%,Equity
FAZ,Direxion Daily Financial Bear 3X Shares,$45.64,$106,"1,379,173",18.76%,Equity
EMTL,State Street DoubleLine Emerging Markets Fixed Income ETF,$43.14,$106,"10,373",-0.05%,Bond
TLCI,Touchstone International Equity ETF,$26.65,$106,"3,968",2.17%,Equity
BLCR,iShares Large Cap Core Active ETF,$42.66,$106,"43,070",0.71%,Equity
DUST,Direxion Daily Gold Miners Index Bear 2x Shares,$4.44,$106,"53,841,332",-40.32%,Equity
JHCB,John Hancock Corporate Bond ETF,$21.72,$105,"31,681",1.23%,Bond
BMVP,Invesco Bloomberg MVP Multi-factor ETF,$52.37,$105,"2,044",7.22%,Equity
ZAUG,Innovator Equity Defined Protection ETF - 1 Yr August,$26.82,$105,"15,005",0.39%,Equity
ETHV,VanEck Ethereum ETF,$29.93,$105,"314,568",-31.10%,Currency
CPSL,Calamos Laddered S&P 500 Structured Alt Protection ETF,N/A,$105,N/A,N/A,Equity
PIFI,ClearShares Piton Intermediate Fixed income ETF,$95.61,$105,483,0.84%,Bond
FEBT,AllianzIM U.S. Equity Buffer10 Feb ETF,$38.54,$104,"10,917",1.16%,Equity
ACSI,American Customer Satisfaction ETF,$66.25,$104,267,-0.68%,Equity
FVC,First Trust Dorsey Wright Dynamic Focus 5 ETF,$37.39,$104,"5,944",2.82%,Multi-Asset
ROBN,T-Rex 2X Long HOOD Daily Target ETF,$21.99,$104,"1,029,527",-59.38%,Equity
PBJ,Invesco Food & Beverage ETF,$50.73,$104,"16,654",13.22%,Equity
XSEP,FT Vest U.S. Equity Enhance & Moderate Buffer ETF - September,$42.47,$104,"2,897",0.20%,Equity
MILN,Global X Millennial Consumer ETF,$42.18,$104,"9,892",-10.11%,Equity
RVER,Trenchless Fund ETF,$28.92,$103,"28,683",-6.36%,Equity
ARB,AltShares Merger Arbitrage ETF,$29.19,$103,"10,627",0.41%,Alternatives
YALL,God Bless America ETF,$44.39,$103,"7,513",2.66%,Equity
LFGY,YieldMax Crypto Industry & Tech Portfolio Option Income ETF,$21.28,$103,"125,522",-9.19%,Equity
DDTL,Innovator Equity Dual Directional 10 Buffer ETF - July,$20.95,$102,"12,763",0.10%,Equity
SEPT,AllianzIM U.S. Equity Buffer10 Sep ETF,$35.21,$102,"8,216",0.13%,Equity
FXA,Invesco CurrencyShares Australian Dollar Trust,$70.04,$102,"22,584",6.04%,Currency
NBJP,Neuberger Japan Equity ETF,$36.18,$102,"25,116",17.47%,Equity
OVLH,Overlay Shares Hedged Large Cap Equity ETF,$39.24,$102,"18,240",-0.37%,Equity
FDCF,Fidelity Disruptive Communications ETF,$45.24,$102,"11,610",-5.90%,Equity
PPI,Astoria Real Assets ETF,$21.05,$102,"37,735",13.01%,Multi-Asset
RSPR,Invesco S&P 500 Equal Weight Real Estate ETF,$35.63,$102,"17,686",5.95%,Equity
ISEP,Innovator International Developed Power Buffer ETF - September,$33.79,$102,"6,132",3.66%,Equity
AGRW,Allspring LT Large Growth ETF,$28.49,$102,"13,608",-5.65%,Equity
BPRO,Bitwise Proficio Currency Debasement ETF,N/A,$102,N/A,N/A,Multi-Asset
FSML,Franklin Small Cap Enhanced ETF,N/A,$102,N/A,N/A,Equity
EVX,VanEck Environmental Services ETF,$41.78,$102,"8,059",9.28%,Equity
PFDE,Pathfinder Disciplined US Equity ETF,$24.79,$102,N/A,-0.51%,Equity
XOEX,Xtrackers S&P 100 Ex Top 20 ETF,$37.17,$101,"45,767",1.60%,Equity
IQDY,FlexShares International Quality Dividend Dynamic Index Fund,$40.06,$101,"7,994",9.33%,Equity
FSYD,Fidelity Sustainable High Yield ETF,$48.99,$101,"23,530",1.60%,Bond
SPVM,Invesco S&P 500 Value with Momentum ETF,$72.08,$101,"15,410",6.33%,Equity
BAMV,Brookstone Value Stock ETF,$33.31,$100,"12,060",2.79%,Equity
BCUS,Bancreek U.S. Large Cap ETF,$33.48,$100,"6,430",3.72%,Equity
CLSM,ETC Cabana Target Leading Sector Moderate ETF,$23.82,$100,"25,613",2.52%,Multi-Asset
XC,WisdomTree True Emerging Markets Fund,$34.03,$100,"27,460",4.89%,Equity
EEMX,State Street SPDR MSCI Emerging Markets Fossil Fuel Reserves Free ETF,$47.65,$100,"9,278",11.73%,Equity
PAB,PGIM Active Aggregate Bond ETF,$43.22,$100,"11,854",1.45%,Bond
BAMD,Brookstone Dividend Stock ETF,$32.82,$100,"15,200",9.33%,Equity
PSCE,Invesco S&P SmallCap Energy ETF,$53.39,$100,"27,414",24.24%,Equity
NVDW,Roundhill NVDA WeeklyPay ETF,$38.40,$100,"151,897",-3.24%,Equity
RIET,Hoya Capital High Dividend Yield ETF,$9.69,$100,"85,957",5.14%,Real Estate
ALTL,Pacer Lunt Large Cap Alternator ETF,$45.41,$99,"9,581",5.80%,Equity
YMAR,FT Vest International Equity Moderate Buffer ETF - March,$27.59,$99,"22,819",2.13%,Equity
PSMO,Pacer Swan SOS Moderate (October) ETF,$30.79,$99,"5,767",0.10%,Equity
XAIX,Xtrackers Artificial Intelligence and Big Data ETF,$42.17,$99,"22,713",-1.70%,Equity
PYZ,Invesco Dorsey Wright Basic Materials Momentum ETF,$128.40,$99,"3,997",16.56%,Equity
EINC,VanEck Energy Income ETF,$111.04,$99,"4,310",15.97%,Equity
FDIF,Fidelity Disruptors ETF,$34.42,$99,"7,329",-3.87%,Equity
ITEQ,Amplify BlueStar Israel Technology ETF,$57.10,$99,"7,176",-1.63%,Equity
HIPS,GraniteShares HIPS US High Income ETF,$12.15,$99,"77,538",4.93%,Multi-Asset
PFOE,Pathfinder Focused Opportunities ETF,N/A,$99,N/A,N/A,Equity
UGA,United States Gasoline Fund LP,$67.71,$98,"23,863",9.69%,Commodity
ECNS,iShares MSCI China Small-Cap ETF,$36.03,$98,"23,052",9.97%,Equity
CSD,Invesco S&P Spin-Off ETF,$115.69,$98,"3,057",16.00%,Equity
AVEE,Avantis Emerging Markets Small Cap Equity ETF,$67.69,$98,"14,165",8.46%,Equity
SOVF,Sovereign's Capital Flourish Fund,$28.41,$98,"20,529",-2.64%,Equity
UPSD,Aptus Large Cap Upside ETF,$27.36,$98,"15,471",2.17%,Equity
SAUG,FT Vest U.S. Small Cap Moderate Buffer ETF - August,$26.22,$98,"14,329",2.76%,Equity
FNGD,MicroSectors FANG+™ Index -3X Inverse Leveraged ETN,$71.06,$98,"3,034,380",34.84%,Equity
FGM,First Trust Germany AlphaDEX Fund,$68.62,$98,"14,198",10.04%,Equity
KQQQ,Kurv Technology Titans Select ETF,$25.67,$97,"86,752",-7.20%,Equity
SPYC,Simplify US Equity PLUS Convexity ETF,$41.94,$97,"8,813",-1.87%,Equity
LCLG,Logan Capital Broad Innovative Growth ETF,$62.34,$97,"2,163",-0.81%,Equity
PBFR,PGIM Laddered S&P 500 Buffer 20 ETF,$29.30,$97,"26,602",0.27%,Equity
MVFD,Monarch Volume Factor Dividend Tree ETF,$30.95,$97,"10,517",9.78%,Multi-Asset
XHS,State Street SPDR S&P Health Care Services ETF,$108.15,$96,"9,190",1.21%,Equity
FEUS,FlexShares ESG & Climate US Large Cap Core Index Fund,$72.85,$96,"2,476",-2.18%,Equity
ICAP,Infrastructure Capital Equity Income ETF,$28.93,$96,"27,332",5.02%,Equity
FKU,First Trust United Kingdom AlphaDEX Fund,$54.56,$96,"11,794",7.17%,Equity
TCV,Towle Value ETF,$30.10,$96,"5,787",16.25%,Equity
STNC,Hennessy Stance ESG ETF,$35.91,$96,"3,719",8.35%,Equity
MSFO,YieldMax MSFT Option Income Strategy ETF,$12.73,$96,"100,444",-15.16%,Equity
POWR,iShares U.S. Power Infrastructure ETF,$26.32,$95,"38,587",11.86%,Equity
MINV,Matthews Asia Innovators Active ETF,$39.07,$95,"7,878",10.66%,Equity
RCGE,RockCreek Global Equality ETF,$29.36,$95,"7,633",4.02%,Equity
BKF,iShares MSCI BIC ETF,$44.40,$95,"11,640",1.34%,Equity
CRPT,First Trust SkyBridge Crypto Industry & Digital Economy ETF,$12.98,$95,"104,586",-13.52%,Equity
BUFI,AB International Buffer ETF Intl Buffer ETF,$41.51,$95,"15,584",3.53%,Equity
LVDS,JPMorgan Fundamental Data Science Large Value ETF,$52.91,$95,"5,570",6.53%,Equity
KEMX,KraneShares MSCI Emerging Markets ex China Index ETF,$43.84,$95,"19,225",18.23%,Equity
BLUI,Bluemonte Diversified Income ETF,$26.02,$95,"9,752",3.00%,Multi-Asset
OAEM,OneAscent Enhanced Small and Mid Cap ETF Institutional Shs OneAscent Emerging Markets Fund,$43.28,$94,"9,640",18.15%,Equity
DIG,ProShares Ultra Energy,$52.47,$94,"47,560",45.39%,Equity
NVBW,AllianzIM U.S. Equity Buffer20 Nov ETF,$33.88,$94,"12,611",0.14%,Equity
EMCB,WisdomTree Emerging Markets Corporate Bond Fund,$66.93,$94,"4,421",1.10%,Bond
IFGL,iShares International Developed Real Estate ETF,$25.24,$94,"13,432",9.31%,Real Estate
QQQU,Direxion Daily Magnificent 7 Bull 2X Shares,$47.78,$93,"92,130",-15.16%,Equity
MKOR,Matthews Korea Active ETF,$46.96,$93,"10,481",36.46%,Equity
TMFE,Motley Fool Capital Efficiency 100 Index ETF,$28.51,$93,"18,076",-2.30%,Equity
NCIQ,Hashdex Nasdaq CME Crypto Index ETF,$17.48,$93,"30,956",-23.10%,Currency
MBSD,FlexShares Disciplined Duration MBS Index Fund,$20.95,$93,"9,302",1.14%,Bond
FFND,One Global ETF,$30.49,$93,"19,706",1.40%,Equity
ASEA,Global X FTSE Southeast Asia ETF,$20.13,$92,"57,948",9.82%,Equity
ACEP,ARS Core Equity Portfolio ETF,$18.09,$92,N/A,11.02%,Equity
FRGN,Horizon International Equity ETF,N/A,$92,N/A,N/A,Equity
FLMB,Franklin Municipal Green Bond ETF,$24.05,$92,"16,308",1.34%,Bond
GXPC,Global X PureCap MSCI Communication Services ETF,$28.90,$92,"51,505",-2.92%,Equity
BUZZ,VanEck Social Sentiment ETF,$30.58,$92,"191,495",-5.88%,Equity
PSL,Invesco Dorsey Wright Consumer Staples Momentum ETF,$113.75,$92,"2,287",13.26%,Equity
USAI,Pacer American Energy Independence ETF,$44.51,$92,"14,406",17.15%,Equity
AGZD,WisdomTree Interest Rate Hedged U.S. Aggregate Bond Fund,$22.54,$91,"32,922",0.52%,Bond
DBEM,Xtrackers MSCI Emerging Markets Hedged Equity ETF,$35.51,$91,"11,413",11.52%,Equity
HOOY,YieldMax HOOD Option Income Strategy ETF,$30.71,$91,"187,259",-30.02%,Equity
RWLC,Rayliant Wilshire NxtGen US Large Cap Equity ETF,$33.06,$91,"7,503",-0.43%,Equity
LFSC,F/M Emerald Life Sciences Innovation ETF,$35.61,$91,"5,783",-2.75%,Equity
ETHD,ProShares UltraShort Ether ETF,$80.85,$90,"1,656,222",63.72%,Currency
AIFD,TCW Artificial Intelligence ETF,$39.22,$90,"10,654",4.36%,Equity
GIAX,Nicholas Global Equity and Income ETF,$15.39,$90,"96,300",-4.24%,Equity
VETZ,Academy Veteran Bond ETF,$20.20,$90,"10,849",1.54%,Bond
GRW,TCW Durable Growth ETF,$29.70,$90,"25,660",-4.54%,Equity
TIPZ,PIMCO Broad U.S. TIPS Index ETF,$53.66,$90,"9,810",2.47%,Bond
HERO,Global X Video Games & Esports ETF,$27.36,$90,"30,692",-8.05%,Equity
HERD,Pacer Cash Cows Fund of Funds ETF,$46.75,$89,"9,614",7.57%,Equity
ATTR,Arin Tactical Tail Risk ETF,N/A,$89,N/A,N/A,Equity
PSMJ,Pacer Swan SOS Moderate (July) ETF,$32.28,$89,"1,244",0.24%,Equity
KDEC,Innovator U.S. Small Cap Power Buffer ETF - December,$26.42,$89,"40,432",3.42%,Equity
FFTY,Innovator IBD 50 ETF,$38.23,$89,"123,781",9.82%,Equity
BIB,ProShares Ultra Nasdaq Biotechnology,$84.72,$89,"14,895",6.19%,Equity
RWEM,Rayliant Wilshire NxtGen Emerging Markets Equity ETF,$31.10,$89,"5,885",4.33%,Equity
RXL,ProShares Ultra Health Care,$53.20,$89,"15,502",2.68%,Equity
GLL,ProShares UltraShort Gold,$18.08,$89,"6,687,671",-30.86%,Commodity
FLMX,Franklin FTSE Mexico ETF,$39.79,$89,"40,646",17.55%,Equity
XBJA,Innovator U.S. Equity Accelerated 9 Buffer ETF - January,$32.04,$89,"19,038",0.22%,Equity
CVMC,Calvert US Mid-Cap Core Responsible Index ETF,$68.04,$89,"6,863",6.10%,Equity
RISN,Inspire Capital Appreciation ETF,$29.95,$89,"9,590",3.14%,Multi-Asset
ENZL,MSCI New Zealand All Cap Top 25 Capped Index,$46.77,$88,"25,005",3.31%,Equity
RSSY,Return Stacked U.S. Stocks & Futures Yield ETF,$20.14,$88,"15,125",4.90%,Multi-Asset
WEBL,Direxion Daily Dow Jones Internet Bull 3X Shares,$18.02,$88,"161,354",-34.14%,Equity
REMG,Emerging Markets Equity ETF,$33.27,$88,"8,789",12.70%,Equity
GDXD,MicroSectors Gold Miners -3X Inverse Leveraged ETNs,$35.84,$88,"815,370",-57.74%,Equity
PSMD,Pacer Swan SOS Moderate (January) ETF,$32.51,$88,"9,541",0.15%,Equity
MAVF,Matrix Advisors Value ETF,$125.32,$88,603,3.06%,Equity
NVD,GraniteShares 2x Short NVDA Daily ETF,$7.16,$88,"43,775,453",0.14%,Equity
MSFL,GraniteShares 2x Long MSFT Daily ETF,$18.12,$87,"545,713",-33.35%,Equity
SPDV,AAM S&P 500 High Dividend Value ETF,$38.59,$87,"9,363",11.67%,Equity
NATO,Themes Transatlantic Defense ETF,$42.48,$87,"27,030",11.07%,Equity
CNBS,Amplify Seymour Cannabis ETF,$23.73,$87,"42,754",-16.34%,Equity
SFEB,FT Vest U.S. Small Cap Moderate Buffer ETF - February,$24.42,$87,"9,698",3.92%,Equity
IBUF,Innovator International Developed 10 Buffer ETF - Quarterly,$29.62,$87,"17,929",1.33%,Equity
AGNG,Global X Aging Population ETF,$38.10,$86,"28,038",6.13%,Equity
TECS,Direxion Daily Technology Bear 3X Shares,$18.55,$86,"3,407,722",7.29%,Equity
CEPI,REX Crypto Equity Premium Income ETF,$31.88,$86,"45,914",-1.85%,Equity
GSJY,Goldman Sachs ActiveBeta Japan Equity ETF,$54.05,$86,"7,371",16.01%,Equity
YNOT,Horizon Digital Frontier ETF,$28.19,$86,"22,190",-0.04%,Equity
HISF,First Trust High Income Strategic Focus ETF,$45.51,$86,"13,289",0.99%,Bond
KGLD,Kurv Gold Enhanced Income ETF,$35.46,$86,"67,644",18.29%,Commodity
SMU,Tradr 2X Long SMR Daily ETF,$8.74,$86,"2,023,230",-15.39%,Equity
KURE,KraneShares MSCI All China Health Care Index ETF,$18.20,$86,"48,994",6.81%,Equity
FCA,First Trust China AlphaDEX Fund,$32.55,$86,"27,000",15.14%,Equity
NIKL,Sprott Nickel Miners ETF,$18.44,$85,"309,133",17.23%,Equity
THY,Toews Agility Shares Dynamic Tactical Income ETF,$22.21,$85,"26,933",0.81%,Bond
CRAK,VanEck Oil Refiners ETF,$44.57,$85,"52,244",18.83%,Equity
SMAY,FT Vest U.S. Small Cap Moderate Buffer ETF - May,$26.45,$85,"16,579",1.84%,Equity
ZMAR,Innovator Equity Defined Protection ETF - 1 Yr March,$27.68,$85,"9,337",0.66%,Equity
PSMR,Pacer Swan SOS Moderate (April) ETF,$29.99,$85,"1,790",0.64%,Equity
MRNY,YieldMax MRNA Option Income Strategy ETF,$17.75,$85,"162,701",29.87%,Equity
RFDA,RiverFront Dynamic US Dividend Advantage ETF,$63.69,$84,"2,332",0.03%,Equity
SRTY,ProShares UltraPro Short Russell2000,$34.53,$84,"1,716,868",-18.64%,Equity
MMLG,First Trust Multi-Manager Large Growth ETF,$32.52,$84,"10,752",-8.20%,Equity
UBT,ProShares Ultra 20+ Year Treasury,$17.56,$84,"94,587",6.10%,Bond
GINX,SGI Enhanced Global Income ETF,$34.33,$84,"11,041",9.86%,Equity
PXE,Invesco Energy Exploration & Production ETF,$32.41,$84,"26,970",15.96%,Equity
AOTG,AOT Growth and Innovation ETF,$49.66,$83,"10,763",-11.26%,Equity
FTHF,First Trust Emerging Markets Human Flourishing ETF,$40.25,$83,"19,124",21.74%,Equity
OILK,ProShares K-1 Free Crude Oil ETF of Benef Interest,$40.58,$83,"58,376",8.93%,Commodity
GMOV,GMO US Value ETF,$29.26,$83,"20,433",6.44%,Equity
MIDU,Direxion Daily Mid Cap Bull 3X Shares,$62.43,$83,"47,087",22.99%,Equity
QARP,Xtrackers Russell 1000 US Quality at a Reasonable Price ETF,$61.57,$83,"2,914",4.25%,Equity
ASCI,Abrdn International Small Cap Active ETF,$35.39,$82,"8,941",2.62%,Equity
AFSM,First Trust Active Factor Small Cap ETF,$34.71,$82,"22,806",5.57%,Equity
FLAU,Franklin FTSE Australia ETF,$34.66,$82,"19,454",10.26%,Equity
DEED,First Trust Securitized Plus ETF,$21.86,$81,"49,643",1.54%,Bond
QABA,First Trust NASDAQ ABA Community Bank Index Fund,$62.53,$81,"9,710",10.36%,Equity
UJUN,Innovator U.S. Equity Ultra Buffer ETF - June,$37.55,$81,"3,951",0.39%,Equity
PRAY,FIS Christian Stock Fund,$33.66,$81,"15,925",7.67%,Equity
WCBR,WisdomTree Cybersecurity Fund,$26.74,$81,"45,594",-4.00%,Equity
FEMR,Fidelity Enhanced Emerging Markets ETF,$37.05,$81,"27,837",13.86%,Equity
FEDM,FlexShares ESG & Climate Developed Markets ex-US Core Index Fund,$63.26,$81,"2,778",7.08%,Equity
VAMO,Cambria Value & Momentum ETF,$36.06,$81,"5,521",5.63%,Alternatives
JULT,AllianzIM U.S. Equity Buffer10 Jul ETF,$44.99,$81,"4,222",0.24%,Equity
FCLD,Fidelity Cloud Computing ETF,$28.68,$80,"15,511",-3.49%,Equity
ITDC,iShares LifePath Target Date 2035 ETF USD,$35.07,$80,"23,711",3.24%,Multi-Asset
BKEM,BNY Mellon Emerging Markets Equity ETF,$84.71,$80,"4,524",13.14%,Equity
XBJL,Innovator U.S. Equity Accelerated 9 Buffer ETF - July,$38.39,$80,"25,159",0.35%,Equity
FPFD,Fidelity Preferred Securities & Income ETF,$22.05,$80,"23,524",1.50%,Bond
WNTR,YieldMax MSTR Short Option Income Strategy ETF,$36.06,$80,"231,319",0.30%,Equity
JANU,AllianzIM U.S. Equity Buffer15 Uncapped Jan ETF,$28.07,$80,"18,430",-0.25%,Equity
VEGA,AdvisorShares STAR Global Buy-Write ETF,$50.18,$79,"4,068",2.20%,Multi-Asset
JPY,Lazard Japanese Equity ETF,$36.83,$79,"7,356",15.12%,Equity
IFEB,Innovator International Developed Power Buffer ETF February,$30.92,$79,"37,487",2.29%,Equity
FXC,Invesco CurrencyShares Canadian Dollar Trust,$71.77,$79,"48,689",0.84%,Currency
HGRO,Hedgeye Quality Growth ETF,$29.02,$79,"70,019",2.24%,Equity
JANZ,TrueShares Structured Outcome (January) ETF,$37.97,$79,"18,014",-0.37%,Equity
KARS,KraneShares Electric Vehicles & Future Mobility Index ETF,$32.45,$78,"17,056",6.27%,Equity
QCJA,FT Vest Nasdaq-100 Conservative Buffer ETF - January,$21.90,$78,"38,057",-0.70%,Equity
VABS,Virtus Newfleet Securitized Income ETF,$24.47,$78,"5,965",1.08%,Bond
NAUG,Innovator Growth-100 Power Buffer ETF - August,$29.37,$78,"7,381",-0.68%,Equity
DVOL,First Trust Dorsey Wright Momentum & Low Volatility ETF,$36.84,$78,"11,081",5.15%,Equity
QCOC,FT Vest Nasdaq-100 Conservative Buffer ETF - October,$22.31,$78,"17,349",-0.63%,Equity
DDFL,Innovator Equity Dual Directional 15 Buffer ETF - July Trust Units,$20.62,$77,"21,290",0.35%,Equity
FHDG,FT Vest U.S. Equity Quarterly Dynamic Buffer ETF,$34.11,$77,"14,703",0.55%,Equity
HIDE,Alpha Architect High Inflation & Deflation ETF,$23.58,$77,"18,497",3.74%,Multi-Asset
BCIL,Bancreek International Large Cap ETF,$27.90,$77,"5,616",-0.08%,Equity
DTEC,ALPS Disruptive Technologies ETF,$45.74,$77,"2,741",-5.84%,Equity
GOOW,Roundhill GOOGL WeeklyPay ETF,$65.31,$77,"61,332",-3.49%,Equity
RBUF,Innovator U.S. Small Cap 10 Buffer ETF - Quarterly,$29.74,$77,"18,065",2.38%,Equity
XOCT,FT Vest U.S. Equity Enhance & Moderate Buffer ETF - October,$37.79,$76,"10,537",0.13%,Equity
MTGP,WisdomTree Mortgage Plus Bond Fund,$45.03,$76,"9,214",1.41%,Bond
QGRD,Horizon Nasdaq-100 Defined Risk ETF,$26.28,$76,"6,389",-1.43%,Equity
SPXE,ProShares S&P 500 Ex-Energy ETF,$73.27,$76,"1,660",-0.82%,Equity
FLLA,Franklin FTSE Latin America ETF,$28.70,$76,"35,510",19.14%,Equity
STXV,Strive 1000 Value ETF,$36.59,$76,"7,727",9.36%,Equity
HUSV,First Trust Horizon Managed Volatility Domestic ETF,$39.67,$76,"21,310",2.53%,Equity
EUDG,WisdomTree Europe Quality Dividend Growth Fund,$39.69,$76,"17,346",5.76%,Equity
IBLC,iShares Blockchain and Tech ETF,$38.79,$76,"44,852",-5.18%,Equity
ITDD,iShares LifePath Target Date 2040 ETF,$36.47,$76,"22,262",3.60%,Multi-Asset
PBL,PGIM Portfolio Ballast ETF,$30.94,$76,"4,686",0.13%,Multi-Asset
MOOD,Relative Sentiment Tactical Allocation ETF,$41.99,$76,"15,881",9.28%,Multi-Asset
STXK,Strive Small-Cap ETF,$35.58,$75,"9,960",6.94%,Equity
IQM,Franklin Intelligent Machines ETF,$92.12,$75,"6,881",5.38%,Equity
XSHD,Invesco S&P SmallCap High Dividend Low Volatility ETF,$13.78,$75,"51,533",8.04%,Equity
MMKT,Texas Capital Government Money Market ETF,$100.21,$75,"10,708",0.32%,Bond
MMCA,NYLI MacKay California Muni Intermediate ETF,$22.15,$75,"18,129",1.75%,Bond
GDXW,Roundhill Gold Miners WeeklyPay ETF,N/A,$75,N/A,N/A,Equity
SURI,Simplify Propel Opportunities ETF,$16.29,$75,"3,156",-2.29%,Multi-Asset
NVII,REX NVDA Growth & Income ETF,$26.05,$75,"98,776",-3.47%,Equity
RSDE,FT Vest U.S. Equity Equal Weight Buffer ETF - December,$22.57,$75,"50,659",3.43%,Equity
FLCV,Federated Hermes MDT Large Cap Value ETF,$32.52,$74,"7,584",4.54%,Equity
EAPR,Innovator Emerging Markets Power Buffer ETF - April,$30.03,$74,"5,752",1.12%,Equity
PLTZ,Defiance Daily Target 2x Short PLTR ETF,$39.56,$74,"3,014,997",59.58%,Equity
IBBQ,Invesco Nasdaq Biotechnology ETF,$29.43,$74,"41,206",3.64%,Equity
FDIV,MarketDesk Focused U.S. Dividend ETF,$28.47,$74,"17,583",5.10%,Equity
FLSW,Franklin FTSE Switzerland ETF,$44.15,$74,"10,997",6.45%,Equity
BKSE,BNY Mellon US Small Cap Core Equity ETF,$120.22,$74,"3,284",6.86%,Equity
RSBY,Return Stacked Bonds & Futures Yield ETF,$16.29,$74,"12,610",5.85%,Multi-Asset
OASC,OneAscent Enhanced Small and Mid Cap ETF,$30.91,$74,"12,759",4.97%,Equity
NVYY,GraniteShares YieldBOOST NVDA ETF,$16.47,$74,"168,365",-3.88%,Equity
QAT,iShares MSCI Qatar ETF,$20.10,$74,"10,243",6.79%,Equity
INKM,State Street Income Allocation ETF,$34.77,$73,"7,584",5.39%,Multi-Asset
XDSQ,Innovator US Equity Accelerated ETF,$41.78,$73,"6,757",0.38%,Equity
EPRF,Innovator S&P Investment Grade Preferred ETF,$17.67,$73,"18,824",0.92%,Preferred Stock
QMMY,FT Vest Nasdaq-100 Moderate Buffer ETF - May,$25.01,$73,"11,705",-0.11%,Equity
CGVV,Capital Group U.S. Large Value ETF,$28.62,$73,"33,381",6.39%,Equity
FTWO,Strive Natural Resources and Security ETF,$46.63,$73,"12,279",14.74%,Equity
KWT,iShares MSCI Kuwait ETF,$37.13,$73,"9,133",-2.98%,Equity
ITAN,Sparkline Intangible Value ETF,$37.62,$73,"8,910",1.58%,Equity
BTGD,STKd 100% Bitcoin & 100% Gold ETF,$30.48,$73,"134,683",-11.21%,Multi-Asset
ROAM,Hartford Multifactor Emerging Markets ETF,$32.45,$73,"17,035",11.39%,Equity
DHDG,FT Vest U.S. Equity Quarterly 2.5 to 15 Buffer ETF,$34.37,$73,"19,076",1.06%,Equity
DHLX,Diamond Hill Large Cap Concentrated ETF,$13.62,$73,"67,046",2.82%,Equity
HECO,SPDR Galaxy Hedged Digital Asset Ecosystem ETF,$43.80,$72,654,10.51%,Equity
FCEF,First Trust Income Opportunities ETF,$23.76,$72,"17,292",4.62%,Multi-Asset
QBTX,Tradr 2X Long QBTS Daily ETF,$16.14,$72,"1,486,376",-51.21%,Equity
FXB,Invesco CurrencyShares British Pound Sterling Trust,$131.27,$72,"10,573",1.35%,Currency
SEPI,Shelton Equity Premium Income ETF,$26.03,$72,"25,351",-0.37%,Equity
TBF,ProShares Short 20+ Year Treasury,$23.47,$72,"81,879",-2.69%,Bond
TSMY,YieldMax TSM Option Income Strategy ETF,$17.06,$72,"106,278",16.01%,Equity
SPXN,ProShares S&P 500 Ex-Financials ETF,$74.29,$72,"1,987",0.46%,Equity
WLTG,WealthTrust DBS Long Term Growth ETF,$35.48,$72,"8,144",1.87%,Multi-Asset
AOCT,Innovator Equity Defined Protection ETF - 2 Yr to October 2026,$26.66,$71,"3,611",0.34%,Equity
IAUG,Innovator International Developed Power Buffer ETF August,$29.34,$71,"11,443",3.10%,Equity
ROKT,State Street SPDR S&P Kensho Final Frontiers ETF,$99.93,$71,"12,163",17.44%,Equity
FMTM,MarketDesk Focused U.S. Momentum ETF,$36.10,$71,"26,571",12.33%,Equity
SAGP,Strategas Global Policy Opportunities ETF,$36.21,$71,"7,559",6.86%,Equity
LCR,Leuthold Core Exchange Traded Fund,$38.61,$71,"5,151",1.37%,Multi-Asset
TUGN,STF Tactical Growth & Income ETF,$24.32,$71,"23,067",-3.00%,Multi-Asset
EIRL,iShares MSCI Ireland ETF,$72.60,$71,"6,798",-1.24%,Equity
LEAD,Siren DIVCON Leaders Dividend ETF,$80.54,$71,"2,797",5.65%,Equity
TSLS,Direxion Daily TSLA Bear 1X Shares,$5.44,$71,"64,939,770",7.30%,Equity
PRXG,Praxis Impact Large Cap Growth ETF,$34.40,$71,"14,565",-5.79%,Equity
TMFS,Motley Fool Small-Cap Growth ETF,$36.15,$71,"6,830",3.81%,Equity
FLQS,Franklin U.S. Small Cap Multifactor Index ETF,$45.30,$70,"7,949",4.87%,Equity
LQDI,iShares Inflation Hedged Corporate Bond ETF,$26.69,$70,"33,244",1.18%,Bond
OAKI,Oakmark International Large Cap ETF,N/A,$70,N/A,N/A,Equity
QCJL,FT Vest Nasdaq-100 Conservative Buffer ETF - July,$23.65,$70,"5,849",-0.31%,Equity
DYTA,SGI Dynamic Tactical ETF,$29.38,$70,"10,325",0.65%,Equity
NORW,Global X MSCI Norway ETF,$34.48,$70,"12,300",14.77%,Equity
RDFI,Rareview Dynamic Fixed Income ETF,$24.57,$70,"17,127",4.13%,Bond
UPAR,UPAR Ultra Risk Parity ETF,$17.07,$70,"6,700",10.44%,Alternatives
GOP,Unusual Whales Subversive Republican Trading ETF,$38.72,$70,"9,556",6.15%,Equity
RIGS,RiverFront Strategic Income Fund,$23.26,$70,"20,481",1.30%,Bond
EXUS,Nomura ETF Trust Nomura Focused International Core ETF,$26.93,$70,"24,516",3.60%,Equity
INDL,Direxion Daily MSCI India Bull 2X Shares,$53.89,$69,"26,090",-5.22%,Equity
PRNT,3D Printing ETF,$22.89,$69,"12,235",2.46%,Equity
JPMB,JPMorgan USD Emerging Markets Sovereign Bond ETF,$40.72,$69,"13,310",1.33%,Bond
WDTE,Defiance S&P 500 Weekly Distribution ETF,$30.66,$69,"20,717",0.31%,Equity
BUFY,FT Vest Laddered International Moderate Buffer ETF,$22.90,$69,"24,584",2.97%,Equity
EASG,Xtrackers MSCI EAFE Selection Equity ETF,$37.97,$69,"4,102",7.90%,Equity
EMC,Global X Emerging Markets Great Consumer ETF,$33.72,$68,"19,016",9.70%,Equity
HYDW,Xtrackers Low Beta High Yield Bond ETF,$47.18,$68,"36,660",0.43%,Bond
DVYA,iShares Asia/Pacific Dividend ETF,$50.51,$68,"9,335",14.07%,Equity
JOYT,JPMorgan Equity and Options Total Return ETF,$55.21,$68,"10,790",1.44%,Multi-Asset
GOOX,T-Rex 2X Long Alphabet Daily Target ETF,$65.32,$68,"165,221",-6.39%,Equity
XV,Simplify Target 15 Distribution ETF,$25.08,$68,"33,427",0.09%,Multi-Asset
QUIZ,Zacks Quality International ETF,$29.09,$68,"26,363",9.68%,Equity
NDEC,Innovator Growth-100 Power Buffer ETF - December,$27.44,$68,"27,630",-1.07%,Equity
GPTY,YieldMax AI & Tech Portfolio Option Income ETF,$38.68,$68,"41,268",-5.05%,Equity
PQDI,Principal Spectrum Preferred and Income ETF,$19.73,$68,"4,970",1.22%,Multi-Asset
GAA,Cambria Global Asset Allocation ETF,$34.85,$68,"6,314",7.20%,Multi-Asset
MARW,AllianzIM U.S. Equity Buffer20 Mar ETF,$34.60,$68,"2,373",0.76%,Equity
DDIV,First Trust Dorsey Wright Momentum & Dividend ETF,$43.14,$68,"11,240",3.86%,Equity
TCAI,Tortoise AI Infrastructure ETF,$36.15,$68,"22,775",21.76%,Equity
PBTP, Invesco 0-5 Yr US TIPS ETF,$26.08,$67,"22,071",0.66%,Bond
NUAG,Nuveen Enhanced Yield U.S. Aggregate Bond ETF,$21.42,$67,"27,297",1.45%,Bond
OCTU,AllianzIM U.S. Equity Buffer15 Uncapped Oct ETF,$28.40,$67,"8,473",-0.22%,Equity
DBEZ,Xtrackers MSCI Eurozone Hedged Equity ETF,$57.74,$67,"5,362",4.75%,Equity
KSPY,KraneShares Hedgeye Hedged Equity Index ETF,$27.82,$67,"66,632",1.35%,Equity
PRXV,Praxis Impact Large Cap Value ETF,$32.58,$67,"8,819",7.44%,Equity
XBOC,Innovator U.S. Equity Accelerated 9 Buffer ETF - October,$33.58,$67,"13,479",0.07%,Equity
MAYW,AllianzIM U.S. Equity Buffer20 May ETF,$33.71,$67,"2,224",0.48%,Equity
JANT,AllianzIM U.S. Equity Buffer10 Jan ETF,$41.26,$67,"11,198",0.06%,Equity
URAA,Direxion Daily Uranium Industry Bull 2X Shares,$42.87,$67,"141,290",37.18%,Equity
BFLB,BufferLABS US Equity Dynamic Buffer ETF,N/A,$67,N/A,N/A,Equity
RSPC,Invesco S&P 500 Equal Weight Communication Services ETF,$37.66,$67,"14,554",-5.45%,Equity
CAMX,Cambiar Aggressive Value ETF,$33.86,$66,933,7.44%,Equity
NFLY,YieldMax NFLX Option Income Strategy ETF,$9.78,$66,"162,995",-15.01%,Equity
CSNR,Cohen & Steers Natural Resources Active ETF,$36.42,$66,"11,833",17.97%,Equity
CNXT,VanEck ChiNext ETF,$45.57,$66,"38,503",4.11%,Equity
VIXM,ProShares VIX Mid-Term Futures ETF,$15.54,$66,"247,813",1.77%,Volatility
SXQG,ETC 6 Meridian Quality Growth ETF,$31.26,$66,"3,103",-5.07%,Equity
WOMN,Impact Shares Womens Empowerment ETF,$41.34,$66,"4,100",-0.43%,Equity
XYLG,Global X S&P 500 Covered Call & Growth ETF,$27.42,$66,"35,283",0.14%,Equity
LABD,Direxion Daily S&P Biotech Bear 3x Shares,$19.76,$65,"2,748,541",-6.17%,Equity
PGRO,Putnam Focused Large Cap Growth ETF,$42.46,$65,"10,676",-4.90%,Equity
DIVL,Madison Dividend Value ETF,$25.29,$65,"4,916",10.44%,Equity
FCSH,Federated Hermes Short Duration Corporate ETF,$24.61,$65,"2,635",1.01%,Bond
APLX,Tradr 2X Long APLD Daily ETF,$83.65,$65,"462,978",64.47%,Equity
PHDG,Invesco S&P 500® Downside Hedged ETF,$37.92,$65,"5,319",1.28%,Equity
JUNM,FT Vest U.S. Equity Max Buffer ETF - June,$34.38,$65,"3,008",0.41%,Equity
MVPA,Miller Value Partners Appreciation ETF,$32.54,$64,"2,200",-1.96%,Equity
NACP,Tidal Trust III NAACP MINORITY EMPOWERMENT ETF,$50.85,$64,"4,357",3.20%,Equity
TRUT,VanEck Technology TruSector ETF,$25.07,$64,"220,430",-5.30%,Equity
NJUN,Innovator Growth-100 Power Buffer ETF - June,$31.49,$64,"4,717",-0.09%,Equity
GTR,WisdomTree Target Range Fund,$25.95,$64,"5,227",2.85%,Equity
DDX,Defined Duration 10 ETF,$24.98,$64,"5,437",3.31%,Multi-Asset
ONLN,ProShares Online Retail ETF,$52.73,$64,"15,160",-10.99%,Equity
OCTT,AllianzIM U.S. Equity Buffer10 Oct ETF,$43.53,$64,"4,395",0.04%,Equity
TYA,Simplify Intermediate Term Treasury Futures Strategy ETF,$13.85,$64,"82,443",2.73%,Bond
WDEF,WisdomTree Europe Defense Fund,N/A,$64,N/A,N/A,Equity
GXPT,Global X PureCap MSCI Information Technology ETF,$26.00,$64,"180,140",-5.17%,Equity
NFEB,Innovator Growth-100 Power Buffer ETF - February,$28.00,$64,"32,243",-0.10%,Equity
FGSM,Frontier Asset Global Small Cap Equity ETF,$33.05,$63,"4,021",9.81%,Equity
EFAD,ProShares MSCI EAFE Dividend Growers ETF,$43.23,$63,"7,538",3.69%,Equity
FLEU,Franklin FTSE Eurozone ETF,$34.92,$63,"11,486",5.02%,Equity
JUNW,AllianzIM U.S. Equity Buffer20 Jun ETF,$33.54,$63,"1,852",0.45%,Equity
XIDV,Franklin International Dividend Booster Index ETF,$36.97,$63,"1,627",8.58%,Equity
CGGG,Capital Group U.S. Large Growth ETF,$27.02,$63,"23,789",-5.43%,Equity
QLVD,FlexShares Developed Markets ex-US Quality Low Volatility Index Fund,$34.19,$63,"2,551",7.46%,Equity
AIVI,WisdomTree International AI Enhanced Value Fund,$57.60,$63,"2,473",10.81%,Equity
FMCE,FM Compounders Equity ETF,$26.12,$63,322,-0.58%,Equity
STXD,Strive 1000 Dividend Growth ETF,$37.82,$63,"8,116",2.07%,Equity
XDQQ,Innovator Growth Accelerated ETF - Quarterly,$38.98,$63,"10,313",-1.42%,Equity
XITK,State Street SPDR FactSet Innovative Technology ETF,$149.17,$63,"1,925",-16.39%,Equity
RSEE,Rareview Systematic Equity ETF,N/A,$62,N/A,N/A,Equity
EGGQ,NestYield Visionary ETF,$44.59,$62,"4,921",-3.95%,Equity
KGRN,KraneShares MSCI China Clean Technology Index ETF,$27.78,$62,"24,787",2.93%,Equity
ITDE,iShares LifePath Target Date 2045 ETF USD,$37.59,$62,"15,975",3.83%,Multi-Asset
FLCC,Federated Hermes MDT Large Cap Core ETF,$31.88,$62,"15,365",-1.87%,Equity
RSSX,Return Stacked U.S. Stocks & Gold/Bitcoin ETF,N/A,$62,N/A,N/A,Multi-Asset
IDEF,iShares Defense Industrials Active ETF,$34.74,$62,"35,394",12.76%,Equity
FSCS,First Trust SMID Capital Strength ETF,$37.37,$62,"9,662",4.48%,Equity
INOV,Innovator International Developed Power Buffer ETF November,$36.19,$62,"19,730",4.78%,Equity
SARK,Tradr 1X Short Innovation Daily ETF,$32.51,$62,"749,671",7.47%,Equity
FTCE,First Trust New Constructs Core Earnings Leaders ETF,$24.93,$62,"15,879",0.09%,Equity
MAGX,Roundhill Daily 2X Long Magnificent Seven ETF,$48.16,$62,"72,667",-15.76%,Equity
BOAT,SonicShares Global Shipping ETF,$37.81,$62,"19,673",19.79%,Equity
TSLZ,T-Rex 2X Inverse Tesla Daily Target ETF,$13.14,$62,"13,502,502",10.75%,Equity
FCUS,Pinnacle Focused Opportunities ETF,$37.91,$61,"19,567",20.81%,Equity
RFEM,First Trust RiverFront Dynamic Emerging Markets ETF,$87.66,$61,"5,494",10.70%,Equity
RFLR,Innovator U.S. Small Cap Managed Floor ETF,$29.59,$61,"17,224",3.97%,Equity
EMCR,Xtrackers Emerging Markets Carbon Reduction and Climate Improvers ETF,$40.77,$61,"5,071",10.24%,Equity
URSP,ProShares Ultra S&P 500 Equal Weight,N/A,$61,N/A,N/A,Equity
HDGE,AdvisorShares Ranger Equity Bear ETF,$16.93,$61,"102,768",5.68%,Equity
WLDR,Affinity World Leaders Equity ETF,$39.26,$61,"8,925",10.36%,Equity
PPEM,Putnam PanAgora ESG Emerging Markets Equity ETF,$30.50,$61,"3,546",14.75%,Equity
PAMC,Pacer Lunt MidCap Multi-Factor Alternator ETF,$50.41,$61,"3,876",8.18%,Equity
HYDR,Global X Hydrogen ETF,$37.40,$61,"23,990",17.68%,Equity
KNGZ,First Trust S&P 500 Diversified Dividend Aristocrats ETF,$38.58,$60,"9,271",7.74%,Equity
FLCE,Frontier Asset US Large Cap Equity ETF,$28.66,$60,"4,789",0.19%,Equity
FINT,Frontier Asset Total International Equity ETF,$34.66,$60,"2,465",9.78%,Equity
LSAT,Leadershares Alphafactor Tactical Focused ETF,$40.18,$60,"14,306",3.40%,Equity
XUDV,Franklin U.S. Dividend Booster Index ETF,$29.18,$60,"6,562",10.18%,Equity
PSCW,Pacer Swan SOS Conservative (April) ETF,$28.07,$60,"10,927",0.65%,Equity
FMED,Fidelity Disruptive Medicine ETF,$25.20,$60,"7,649",-6.84%,Equity
AGQI,First Trust Active Global Quality Income ETF -VIII-,$17.98,$60,"7,073",8.98%,Equity
NDOW,Anydrus Advantage ETF,$28.65,$60,"3,490",3.91%,Multi-Asset
SYZ,Lazard US Systematic Small Cap Equity ETF,$27.03,$60,"5,348",6.91%,Equity
ITDB,iShares LifePath Target Date 2030 ETF,$33.79,$60,"22,819",2.63%,Multi-Asset
EMM,Global X Emerging Markets ex-China ETF,$38.59,$60,"27,019",12.70%,Equity
WCAP,WarCap Unconstrained Equity ETF,$9.11,$59,"45,249",-7.40%,Equity
KTEC,KraneShares Hang Seng TECH Index ETF,$15.19,$59,"58,906",-3.00%,Equity
QMAG,FT Vest Nasdaq-100 Moderate Buffer ETF - August,$23.51,$59,"13,441",-0.66%,Equity
TBLU,Tortoise Global Water Fund,$55.80,$59,"3,356",9.83%,Equity
SOFX,Defiance Daily Target 2X Long SOFI ETF,$14.96,$59,"560,730",-47.34%,Equity
JDVI,John Hancock Disciplined Value International Select ETF,$39.08,$59,"4,862",11.09%,Equity
DOGG,FT Vest DJIA Dogs 10 Target Income ETF,$23.06,$59,"24,340",11.79%,Equity
PLGI,PL Growth and Income ETF,N/A,$59,N/A,N/A,Multi-Asset
OZEM,Roundhill GLP-1 & Weight Loss ETF,$35.55,$59,"28,183",4.09%,Equity
HIBL,Direxion Daily S&P 500 High Beta Bull 3X Shares,$73.22,$59,"88,508",11.50%,Equity
AVMA,Avantis Moderate Allocation ETF,$69.93,$59,"5,756",5.46%,Multi-Asset
HIMZ,Defiance Daily Target 2X Long HIMS ETF,$1.25,$59,"8,576,197",-78.41%,Equity
WBIY,WBI Power Factor High Dividend ETF,$35.33,$59,"9,902",10.41%,Equity
AJUL,Innovator Equity Defined Protection ETF - 2 Yr to July 2026,$29.18,$59,"2,325",0.37%,Equity
NDIA,Global X India Active ETF,$29.53,$59,"5,381",-0.89%,Equity
QMNV,FT Vest Nasdaq-100 Moderate Buffer ETF - November,$23.17,$59,"28,410",-0.88%,Equity
AHYB,American Century  Select High Yield ETF,$46.84,$58,"4,184",0.72%,Bond
DEEF,Xtrackers FTSE Developed ex US Multifactor ETF,$40.27,$58,790,12.01%,Equity
OILU,MicroSectors Oil & Gas Exp. & Prod. 3x Leveraged ETN,$37.62,$58,"234,176",63.35%,Commodity
UMAY,Innovator U.S. Equity Ultra Buffer ETF - May,$36.74,$58,"3,649",0.44%,Equity
DRN,Direxion Daily Real Estate Bull 3x Shares,$10.44,$58,"513,495",22.54%,Real Estate
DECZ,TrueShares Structured Outcome (December) ETF,$40.13,$58,"5,033",-0.34%,Equity
ITDF,iShares LifePath Target Date 2050 ETF USD,$38.62,$58,"14,521",3.87%,Multi-Asset
URE,ProShares Ultra Real Estate,$67.57,$58,"3,035",14.79%,Real Estate
MDPL,Monarch Dividend Plus ETF,$26.91,$58,"9,579",0.26%,Equity
XISE,FT Vest U.S. Equity Buffer & Premium Income ETF - September,$30.21,$58,"7,863",-0.13%,Equity
IGTR,Innovator Gradient Tactical Rotation Strategy ETF,$30.17,$58,"4,746",7.51%,Equity
QXQ,SGI Enhanced Nasdaq 100 ETF,$26.86,$57,"14,862",-2.20%,Equity
BSTP,Innovator Buffer Step-Up Strategy ETF,$37.12,$57,"4,537",-0.03%,Equity
EETH,ProShares Ether ETF,$25.43,$57,"188,538",-31.59%,Currency
HYIN,WisdomTree Private Credit and Alternative Income Fund,N/A,$57,N/A,N/A,Multi-Asset
SPIN,State Street US Equity Premium Income ETF,$31.84,$57,"11,510",-1.54%,Equity
ERNZ,TrueShares Active Yield ETF,$21.69,$57,"60,510",6.27%,Equity
SEMG,Suncoast Select Growth ETF,$25.22,$57,"10,163",-7.96%,Equity
GURU,Global X Guru Index ETF,$61.26,$57,"1,906",-1.99%,Equity
NBIL,GraniteShares 2x Long NBIS Daily ETF,$10.86,$57,"1,417,430",20.21%,Equity
IJUN,Innovator International Developed Power Buffer ETF- June,$30.18,$57,"8,197",3.27%,Equity
AADR,AdvisorShares Dorsey Wright ADR ETF,$94.74,$57,"2,686",9.83%,Equity
HRTS,Tema Heart & Health ETF,$35.75,$57,"9,078",1.31%,Equity
SMOX,Horizon Small/Mid Cap Core Equity ETF,N/A,$57,N/A,N/A,Equity
LCO,LOGIQ Contrarian Opportunities ETF,N/A,$56,N/A,N/A,Multi-Asset
PIPE,Invesco SteelPath MLP & Energy Infrastructure ETF,N/A,$56,N/A,N/A,Equity
NFLU,T-Rex 2X Long NFLX Daily Target ETF,$21.27,$56,"298,686",-34.43%,Equity
TRND,Pacer Trendpilot Fund of Funds ETF,$34.73,$56,"2,575",3.20%,Equity
PFI,Invesco Dorsey Wright Financial Momentum ETF,$55.92,$56,"3,610",-3.14%,Equity
SMOM,Symmetry Panoramic Sector Momentum ETF,$25.81,$56,"14,752",0.03%,Equity
KEMQ,KraneShares Emerging Markets Consumer Technology Index ETF,$25.37,$56,"26,013",2.93%,Equity
FCTR,First Trust Lunt U.S. Factor Rotation ETF,$37.06,$56,"3,125",3.89%,Equity
GROZ,Zacks Focus Growth ETF,$28.84,$56,"15,181",-3.23%,Equity
GRNI,Fundstrat Granny Shots US Large Cap & Income ETF,N/A,$56,N/A,N/A,Equity
AIMS,Acuitas Small Cap Active ETF,$24.84,$56,N/A,N/A,Equity
TDSB,ETC Cabana Target Beta ETF,$24.81,$56,"11,887",3.51%,Multi-Asset
EDGU,3EDGE Dynamic US Equity ETF,$29.02,$56,"23,275",1.93%,Equity
LCF,Touchstone US Large Cap Focused ETF,$41.28,$56,789,-2.36%,Equity
EET,ProShares Ultra MSCI Emerging Markets,$99.19,$55,"12,475",23.02%,Equity
DEMZ,Democratic Large Cap Core ETF,$42.29,$55,"5,237",-0.87%,Equity
IWFG,NYLI Winslow Focused Large Cap Growth ETF,$48.95,$55,568,-8.45%,Equity
FRNW,Fidelity Clean Energy ETF,$22.62,$55,"34,268",11.37%,Equity
ENOR,iShares MSCI Norway ETF,$33.22,$55,"12,248",15.43%,Equity
PSTR,Peakshares Sector Rotation ETF,$29.38,$55,"3,967",1.67%,Equity
KOOL,North Shore Equity Rotation ETF,$13.18,$55,"7,249",3.81%,Equity
EURL,Direxion Daily FTSE Europe Bull 3x Shares,$48.54,$55,"35,965",17.76%,Equity
RGTX,Defiance Daily Target 2X Long RGTI ETF,$5.38,$55,"3,649,597",-55.72%,Equity
MUD,Direxion Daily MU Bear 1X Shares,$3.79,$54,"9,774,365",-35.10%,Equity
PXJ,Invesco Oil & Gas Services ETF,$38.96,$54,"22,075",32.74%,Equity
INEQ,Columbia International Equity Income ETF,$40.97,$54,"19,886",9.93%,Equity
JEDI,Defiance Drone and Modern Warfare ETF,$25.57,$54,"63,308",5.35%,Equity
VUSV,Vanguard Wellington U.S. Value Active ETF,N/A,$54,N/A,N/A,Equity
PSFD,Pacer Swan SOS Flex (January) ETF,$37.41,$54,"7,132",0.10%,Equity
SIXZ,AllianzIM U.S. Equity 6 Month Buffer10 May/Nov ETF,$29.64,$54,"6,752",0.09%,Equity
NULC,Nuveen ESG Large-Cap ETF,$48.52,$54,"6,048",1.40%,Equity
ACKY,VistaShares Target 15 ACKtivist Distribution ETF,$18.85,$53,"46,056",-2.81%,Equity
THLV,THOR Equal Weight Low Volatility ETF,$32.98,$53,"17,149",10.41%,Equity
OBND,State Street Loomis Sayles Opportunistic Bond ETF,$26.22,$53,"9,351",1.24%,Bond
FFIU,UVA Unconstrained Medium-Term Fixed Income ETF,$22.43,$53,"2,395",0.85%,Bond
INQQ,The India Internet ETF,$13.83,$53,"34,638",-6.07%,Equity
CPSM,Calamos S&P 500 Structured Alt Protection ETF  - May,$28.77,$53,"4,995",0.52%,Equity
IHY,VanEck International High Yield Bond ETF,$22.22,$53,"19,416",1.42%,Bond
QVOY,Q3 All-Season Active Rotation ETF,$28.74,$53,"15,652",6.84%,Multi-Asset
NODE,VanEck Onchain Economy ETF,$35.46,$53,"39,865",1.99%,Equity
LITP,Sprott Lithium Miners ETF,$12.81,$53,"171,446",6.31%,Equity
HTEC,ROBO Global Healthcare Technology and Innovation ETF,$34.96,$53,"7,414",-1.02%,Equity
AAPR,Innovator Equity Defined Protection ETF - 2 Yr to April 2026,$28.56,$53,"2,994",0.51%,Equity
PBJA,PGIM S&P 500 Buffer 20 ETF - January,$30.89,$53,"19,002",0.04%,Equity
DECM,FT Vest U.S. Equity Max Buffer ETF - December,$32.89,$53,"20,841",0.13%,Equity
CPRY,Calamos Russell 2000 Structured Alt Protection ETF January,$27.33,$53,"15,717",1.28%,Equity
HUMN,Roundhill Humanoid Robotics ETF,$33.03,$53,"61,270",10.62%,Equity
KBWR,Invesco KBW Regional Banking ETF,$68.89,$53,"4,679",11.41%,Equity
PBPH,Portfolio Building Block World Pharma and Biotech Index ETF,$27.17,$52,N/A,7.64%,Equity
LQDB,iShares BBB Rated Corporate Bond ETF,$88.03,$52,"4,276",1.45%,Bond
XPND,First Trust Expanded Technology ETF,$34.07,$52,"12,392",-5.64%,Equity
ONDL,Defiance Daily Target 2X Long ONDS ETF,N/A,$52,N/A,N/A,Equity
OVT,Overlay Shares Short Term Bond ETF,$22.12,$52,"9,019",1.16%,Bond
XAPR,FT Vest U.S. Equity Enhance & Moderate Buffer ETF - April,$36.61,$52,"6,287",0.45%,Equity
GGME,Invesco Next Gen Media and Gaming ETF,$51.73,$52,"33,611",-13.17%,Equity
UTSL,Direxion Daily Utilities Bull 3X Shares,$51.13,$52,"120,157",26.12%,Equity
DUSL,Direxion Daily Industrials Bull 3X Shares,$93.26,$52,"20,356",38.12%,Equity
SEMY,GraniteShares YieldBOOST Semiconductor ETF,$19.69,$52,N/A,7.87%,Equity
BETZ,Roundhill Sports Betting & iGaming ETF,$17.24,$52,"18,459",-17.83%,Equity
SPBW,AllianzIM Buffer20 Allocation ETF,$27.51,$52,"9,990",0.32%,Equity
DRNZ,REX Drone ETF,$23.09,$52,"108,562",6.07%,Equity
BLDG,Cambria Global Real Estate ETF,$26.22,$51,"8,548",7.22%,Real Estate
NSEP,Innovator Growth-100 Power Buffer ETF - September,$29.11,$51,"17,627",-0.36%,Equity
AHLT,American Beacon AHL Trend ETF,$28.35,$51,"11,765",7.64%,Multi-Asset
NVOX,Defiance Daily Target 2X Long NVO ETF,$18.90,$51,"1,321,663",-13.66%,Equity
RUSC,Russell Investments U.S. Small Cap Equity ETF,$33.81,$51,"5,635",8.63%,Equity
AMDW,Roundhill AMD WeeklyPay ETF,$44.78,$51,"94,338",-5.23%,Equity
DDFS,Innovator Equity Dual Directional 15 Buffer ETF - September,$21.24,$51,"7,103",0.24%,Equity
ARCM,Arrow Reserve Capital Management ETF,$100.32,$51,"1,213",0.43%,Bond
BGLD,FT Vest Gold Strategy Quarterly Buffer ETF,$18.21,$51,"45,341",6.43%,Commodity
RPHS,Regents Park Hedged Market Strategy ETF,$10.07,$51,"18,759",-1.05%,Equity
ROSC,Hartford Multifactor Small Cap ETF,$50.80,$51,"5,806",8.10%,Equity
IRTR,iShares LifePath Retirement ETF,$31.47,$51,"23,887",2.32%,Multi-Asset
SPLS,PIMCO US Stocks PLUS Active Bond Exchange-Traded Fund,N/A,$51,N/A,N/A,Multi-Asset
PUI,Invesco Dorsey Wright Utilities Momentum ETF,$47.82,$51,"5,284",9.71%,Equity
PRMR,PeakShares RMR Prime Equity ETF,$24.33,$51,N/A,-2.29%,Equity
XRLX,FundX Investment Conservative ETF,$46.17,$51,"1,722",0.46%,Multi-Asset
ADFI,Anfield Dynamic Fixed Income ETF,$8.64,$51,"25,075",0.74%,Bond
GNOM,Global X Genomics & Biotechnology ETF,$45.81,$51,"10,373",0.78%,Equity
YCL,ProShares Ultra Yen,$19.91,$51,"64,878",4.46%,Currency
SURE,AdvisorShares Insider Advantage ETF,$132.88,$51,186,4.28%,Equity
PBEU,Portfolio Building Block European Banks Index ETF,$29.15,$50,N/A,1.23%,Equity
BEX,Tradr 2X Long BE Daily ETF,$21.16,$50,"662,322",125.35%,Equity
VMAX,Hartford US Value ETF,$57.16,$50,190,5.25%,Volatility
UYM,ProShares Ultra Materials,$33.38,$50,"20,813",36.06%,Equity
TAFL,AB Tax-Aware Long Municipal ETF,$25.20,$50,"15,571",1.15%,Bond
BCFN,Baron Financials ETF,$21.70,$50,N/A,-12.83%,Equity
FDNI,First Trust Dow Jones International Internet ETF,$29.65,$50,"31,921",-12.57%,Equity
SRHR,SRH REIT Covered Call ETF,$55.66,$50,256,5.54%,Equity
SPBC,Simplify US Equity PLUS Bitcoin Strategy ETF,$43.59,$50,"12,698",-2.52%,Multi-Asset
ARLU,AllianzIM U.S. Equity Buffer15 Uncapped Apr ETF,$30.19,$50,"3,014",-0.41%,Equity
GABF,Gabelli Financial Services Opportunities ETF,$44.15,$50,"9,746",-4.44%,Equity
CRCG,Leverage Shares 2X Long CRCL Daily ETF,$1.35,$50,"9,084,149",-48.08%,Equity
TSDD,GraniteShares 2x Short TSLA Daily ETF,$8.59,$50,"24,743,043",11.13%,Equity
DRUP,GraniteShares Nasdaq Select Disruptors ETF,$58.21,$50,"1,690",-12.83%,Equity
HQGO,Hartford US Quality Growth ETF,$59.17,$50,195,-1.54%,Equity
KFEB,Innovator U.S. Small Cap Power Buffer ETF - February,$28.90,$50,"23,073",6.10%,Equity
JPMO,YieldMax JPM Option Income Strategy ETF,$14.53,$49,"44,486",-6.41%,Equity
PSR,Invesco Active U.S. Real Estate Fund,$98.42,$49,"1,957",8.94%,Real Estate
XXV,Simplify Ancorato Target 25 Distribution ETF,$37.00,$49,270,-2.63%,Volatility
IDEC,Innovator International Developed Power Buffer ETF December,$33.81,$49,"23,521",4.70%,Equity
BBP,Virtus LifeSci Biotech Products ETF,$81.05,$49,"6,319",1.42%,Equity
PVEX,TrueShares ConVex Protect ETF,N/A,$49,N/A,N/A,Multi-Asset
HYRM,Xtrackers Risk Managed USD High Yield Strategy ETF,$23.36,$49,"3,011",0.55%,Bond
AMAX,Adaptive Hedged Multi-Asset Income ETF,$8.07,$49,"47,817",3.21%,Multi-Asset
MEM,Matthews Emerging Markets Equity Active ETF,$40.33,$49,"3,698",12.63%,Equity
SMCL,GraniteShares 2x Long SMCI Daily ETF,$4.47,$49,"4,627,336",-1.11%,Equity
RSPE,Invesco ESG S&P 500 Equal Weight ETF,$31.39,$49,"15,216",5.38%,Equity
CBLS,Clough Hedged Equity ETF,$30.30,$49,"6,967",10.21%,Alternatives
FHYS,Federated Hermes Short Duration High Yield ETF,$23.30,$49,"19,595",0.27%,Bond
SIXP,AllianzIM U.S. Equity 6 Month Buffer10 Mar/Sep ETF,$31.73,$49,"3,887",0.54%,Equity
IFED,"ETRACS IFED Invest with the Fed TR Index ETN due September 15, 2061",$43.80,$49,331,-5.51%,Equity
SDEM,Global X MSCI SuperDividend Emerging Markets ETF,$32.91,$48,"10,743",10.23%,Equity
XHYT,"BondBloxx USD High Yield Bond Telecom, Media & Technology Sector ETF",$34.38,$48,"7,857",0.02%,Bond
OARK,YieldMax Innovation Option Income Strategy ETF,$32.05,$48,"27,671",-7.86%,Equity
CARZ,First Trust S-Network Future Vehicles & Technology ETF,$86.72,$48,"4,389",11.32%,Equity
SLDR,Global X Short-Term Treasury Ladder ETF,$50.37,$48,"5,635",0.47%,Equity
PSCQ,Pacer Swan SOS Conservative (October) ETF,$29.52,$48,"4,840",0.03%,Equity
QTAC,Q3 All-Season Tactical Advantage ETF,N/A,$48,N/A,N/A,Multi-Asset
ABIG,Argent Large Cap ETF,$30.76,$48,"9,149",-3.92%,Equity
TEKY,Lazard Next Gen Technologies ETF,$36.08,$48,"1,170",-3.79%,Equity
THMZ,Lazard Equity Megatrends ETF,$31.46,$48,"6,833",-3.76%,Equity
TOLL,Tema Durable Quality ETF,$35.86,$47,"30,106",1.81%,Equity
REIT,ALPS Active REIT ETF,$28.68,$47,"9,071",9.16%,Real Estate
ASIA,Matthews Pacific Tiger Active ETF,$38.00,$47,"3,016",11.19%,Equity
IBOT,Vaneck Robotics ETF,$59.30,$47,"11,741",12.63%,Equity
FIAT,YieldMax Short COIN Option Income Strategy ETF,$31.65,$47,"137,547",16.19%,Equity
IREX,Tradr 2X Long IREN Daily ETF,$10.16,$47,"2,005,073",0.40%,Equity
BUFH,FT Vest Laddered Max Buffer ETF,$20.88,$47,"47,338",0.12%,Equity
TSII,REX TSLA Growth & Income ETF,$22.39,$47,"89,005",-6.29%,Equity
XUSP,Innovator Uncapped Accelerated U.S. Equity ETF,$47.22,$47,"4,700",-0.58%,Equity
FEBU,AllianzIM U.S. Equity Buffer15 Uncapped Feb ETF,$27.77,$47,"10,935",0.27%,Equity
JANB,Aptus January Buffer ETF,N/A,$47,N/A,N/A,Equity
HOOG,Leverage Shares 2X Long HOOD Daily ETF,$21.98,$47,"329,560",-59.55%,Equity
KWIN,KraneShares Wahed Alternative Income Index ETF,N/A,$47,N/A,N/A,Equity
BAMA,Brookstone Active ETF,$34.39,$47,"5,381",1.41%,Multi-Asset
OVB,Overlay Shares Core Bond ETF,$20.83,$47,"16,897",2.02%,Bond
DURA,VanEck Durable High Dividend ETF,$38.15,$47,"3,514",12.89%,Equity
NTSE,WisdomTree Emerging Markets Efficient Core Fund,$43.01,$47,"8,952",14.00%,Multi-Asset
NETL,Colterpoint Net Lease Real Estate ETF,$26.07,$47,"12,010",10.32%,Real Estate
DXD,ProShares UltraShort Dow30,$19.39,$47,"1,861,891",-5.41%,Equity
DMAT,Global X Disruptive Materials ETF,$32.88,$47,"36,310",18.37%,Equity
ASCE,Allspring SMID Core ETF,$28.74,$46,"12,876",7.12%,Equity
NXTE,AXS Green Alpha ETF,$41.91,$46,"3,786",8.62%,Equity
USOY,Defiance Oil Enhanced Options Income ETF,$6.80,$46,"184,105",10.69%,Commodity
TSLG,Leverage Shares 2X Long TSLA Daily ETF,$7.78,$46,"22,600,090",-16.52%,Equity
LENS,Sarmaya Thematic ETF,$46.65,$46,"11,752",20.73%,Equity
DBE,Invesco DB Energy Fund,$19.11,$46,"17,759",9.42%,Commodity
DIVP,Cullen Enhanced Equity Income ETF,$27.33,$46,"8,887",8.18%,Equity
MNBD,ALPS Intermediate Municipal Bond ETF,$26.34,$46,"6,665",1.75%,Bond
PSFO,Pacer Swan SOS Flex (October) ETF,$32.44,$46,"8,046",0.11%,Equity
SPBX,AllianzIM 6 Month Buffer10 Allocation ETF,$27.54,$46,"7,890",0.22%,Equity
PXI,Invesco Dorsey Wright Energy Momentum ETF,$52.73,$46,"6,086",16.59%,Equity
DIVE,Dana Concentrated Dividend ETF,$25.79,$46,"3,895",1.47%,Equity
PBOG,Portfolio Building Block Integrated Oil and Gas and Exploration and Production Index ETF,$29.73,$46,N/A,17.74%,Equity
TCHI,iShares MSCI China Multisector Tech ETF,$23.84,$46,"27,638",1.92%,Equity
FLAX,Franklin FTSE Asia ex Japan ETF,$32.70,$46,"4,890",10.36%,Equity
QEMM,State Street SPDR MSCI Emerging Markets StrategicFactors ETF,$72.78,$46,"2,490",10.02%,Equity
DDTN,Innovator Equity Dual Directional 10 Buffer ETF - November,$19.18,$45,"14,960",0.03%,Equity
AMZZ,GraniteShares 2x Long AMZN Daily ETF,$22.79,$45,"341,819",-27.58%,Equity
CCSO,Carbon Collective Climate Solutions U.S. Equity ETF,$27.39,$45,"5,071",11.44%,Equity
CORN,Teucrium Corn Fund,$17.65,$45,"54,510",-0.45%,Commodity
SIXF,AllianzIM U.S. Equity 6 Month Buffer10 Feb/Aug ETF,$32.08,$45,"5,237",0.53%,Equity
ABLD,Abacus FCF Real Assets Leaders ETF,$33.23,$45,"4,708",14.23%,Equity
FLGR,Franklin FTSE Germany ETF,$34.70,$45,"20,124",3.47%,Equity
IWMW,iShares Russell 2000 BuyWrite ETF,$39.16,$45,"15,394",2.95%,Equity
AJAN,Innovator Equity Defined Protection ETF - 2 Yr to January 2028,$27.98,$45,"10,094",0.46%,Equity
GLOW,VictoryShares WestEnd Global Equity ETF,$31.91,$45,"16,048",3.48%,Equity
OEFA,ALPS - O'Shares International Developed Quality Dividend ETF,$35.22,$45,"2,430",5.48%,Equity
NRGU,MicroSectors U.S. Big Oil 3 Leveraged ETN,$28.66,$45,"63,038",63.77%,Equity
PSCX,Pacer Swan SOS Conservative (January) ETF,$31.03,$45,"8,630",-0.01%,Equity
DVLU,First Trust Dorsey Wright Momentum & Value ETF,$36.65,$45,"8,732",2.55%,Equity
CPSD,Calamos S&P 500 Structured Alt Protection ETF - December,$26.12,$45,"7,433",0.37%,Equity
WEEI,Westwood Salient Enhanced Energy Income ETF,$23.35,$45,"22,597",11.09%,Equity
USL,United States 12 Month Oil Fund LP,$36.08,$45,"10,127",8.29%,Commodity
NELS,Nelson Select ETF,N/A,$44,N/A,N/A,Multi-Asset
DSTX,Distillate International Fundamental Stability & Value ETF,$34.24,$44,"2,595",8.03%,Equity
GXPS,Global X PureCap MSCI Consumer Staples ETF,$28.25,$44,"19,086",15.89%,Equity
PAWZ,ProShares Pet Care ETF,$55.01,$44,"5,913",0.62%,Equity
RDTL,GraniteShares 2x Long RDDT Daily ETF,$16.87,$44,"458,990",-66.39%,Equity
XJUL,FT Vest U.S. Equity Enhance & Moderate Buffer ETF - July,$39.22,$44,"4,122",0.35%,Equity
SSXU,Strategy Shares Day Hagan Smart Sector International ETF,$36.80,$44,"7,624",7.14%,Equity
EWUS,iShares MSCI United Kingdom Small-Cap ETF,$44.41,$44,"11,029",6.08%,Equity
CRDU,Tradr 2X Long CRDO Daily ETF,$9.56,$44,"710,887",-36.48%,Equity
XIJN,FT Vest U.S. Equity Buffer & Premium Income ETF - June,$30.77,$44,"14,089",-0.19%,Equity
DIVS,Guinness Atkinson Dividend Builder ETF,$33.29,$44,"2,584",7.65%,Equity
ALTY,Global X Alternative Income ETF,$12.43,$44,"25,359",4.86%,Multi-Asset
BNDS,Infrastructure Capital Bond Income ETF,$51.42,$44,"17,594",2.91%,Bond
BBCB,JPMorgan BetaBuilders USD Investment Grade Corporate Bond ETF,$46.28,$44,"4,343",1.40%,Bond
BAMO,Brookstone Opportunities ETF,$32.76,$44,"5,917",0.57%,Multi-Asset
EFAS,Global X MSCI SuperDividend® EAFE ETF,$20.92,$44,"18,479",8.22%,Equity
SMST,Defiance Daily Target 2x Short MSTR ETF,$68.88,$43,"525,556",-25.78%,Equity
CPSA,Calamos S&P 500 Structured Alt Protection ETF August,$27.06,$43,"3,968",0.45%,Equity
GVLE,Goldman Sachs Value Opportunities ETF,$41.74,$43,N/A,2.35%,Equity
COYY,GraniteShares YieldBOOST COIN ETF,$4.83,$43,"341,727",-28.84%,Equity
RBIL,F/m Ultrashort Treasury Inflation-Protected Security (TIPS) ETF,$49.76,$43,"10,360",0.38%,Bond
TYD,Direxion Daily 7-10 Year Treasury Bull 3x Shares,$26.20,$43,"28,967",3.06%,Bond
SHAG,WisdomTree Yield Enhanced U.S. Short-Term Aggregate Bond Fund,$48.22,$43,"15,376",0.81%,Bond
MMSC,First Trust Multi-Manager Small Cap Opportunities ETF,$25.03,$43,"18,090",4.54%,Equity
MVLL,GraniteShares 2x Long MRVL Daily ETF,$17.65,$43,"341,997",-17.99%,Equity
TEND,iShares Large Cap 10% Target Buffer Dec ETF,N/A,$43,N/A,N/A,Equity
BRKU,Direxion Daily BRKB Bull 2X Shares,$23.97,$43,"299,375",-3.57%,Equity
GGOV,iShares Global Government Bond USD Hedged Active ETF,$48.99,$43,968,0.29%,Bond
VPC,Virtus Private Credit Strategy ETF,$16.94,$43,"23,310",-4.83%,Equity
JANP,PGIM S&P 500 Buffer 12 ETF - January,$32.73,$43,"22,681",0.12%,Equity
MEMX,Matthews Emerging Markets ex China Active ETF,$43.16,$43,"3,343",15.35%,Equity
SJB,ProShares Short High Yield,$15.27,$43,"139,976",0.03%,Bond
PLTD,Direxion Daily PLTR Bear 1X Shares,$8.59,$43,"38,297,426",30.35%,Equity
AVNV,Avantis All International Markets Value ETF,$83.67,$43,"16,430",11.87%,Equity
XRMI,Global X S&P 500 Risk Managed Income ETF,$17.81,$43,"16,732",0.69%,Equity
DRIP,Direxion Daily S&P Oil & Gas Exp. & Prod. Bear 2X Shares,$6.45,$43,"6,040,963",-28.65%,Equity
FMET,Fidelity Metaverse ETF,$33.46,$43,"6,679",-7.23%,Equity
FSZ,First Trust Switzerland AlphaDEX Fund,$85.20,$43,"1,900",6.38%,Equity
AAA,Alternative Access First Priority CLO Bond ETF,$24.98,$42,"9,183",0.31%,Bond
AVGW,Roundhill AVGO WeeklyPay ETF,$41.40,$42,"62,956",-7.89%,Equity
JHMU,John Hancock Dynamic Municipal Bond ETF,$26.61,$42,"6,260",1.90%,Bond
CCFE,Concourse Capital Focused Equity ETF,$31.66,$42,"2,662",19.68%,Equity
PJFV,PGIM Jennison Focused Value ETF,$87.77,$42,"5,019",6.07%,Equity
AVGG,Leverage Shares 2X Long AVGO Daily ETF,$23.05,$42,"254,168",-14.91%,Equity
HELS,Hedgeye 130/30 Equity ETF,N/A,$42,N/A,N/A,Equity
GHTA,Goose Hollow Tactical Allocation ETF,$31.40,$42,"2,441",5.01%,Multi-Asset
NUDV,Nuveen ESG Dividend ETF,$32.41,$42,"8,876",8.71%,Equity
APRT,AllianzIM U.S. Equity Buffer10 Apr ETF,$41.86,$42,"1,259",0.54%,Equity
CBSE,Clough Select Equity ETF,$42.52,$42,"5,419",7.83%,Equity
JFLI,JPMorgan Flexible Income ETF,$52.13,$42,"8,895",3.33%,Multi-Asset
DYLD,LeaderShares Dynamic Yield ETF,$22.61,$42,"6,238",0.52%,Bond
FXED,Sound Enhanced Fixed Income ETF,$17.90,$42,"8,338",0.60%,Bond
BAMY,Brookstone Yield ETF,$28.02,$42,"7,241",0.79%,Multi-Asset
KMID,Virtus KAR Mid-Cap ETF,$25.46,$42,"14,341",4.43%,Equity
XJAN,FT Vest U.S. Equity Enhance & Moderate Buffer ETF - January,$36.69,$42,"17,343",-0.39%,Equity
DVND,Touchstone Dividend Select ETF,$37.48,$42,411,6.57%,Equity
PEXL,Pacer US Export Leaders ETF,$61.86,$41,"3,276",1.44%,Equity
DHSB,Day Hagan Smart Buffer ETF,$25.99,$41,"2,592",0.23%,Equity
DIEM,Franklin Emerging Market Core Dividend Tilt Index ETF,$37.82,$41,"10,306",12.53%,Equity
PBJL,PGIM S&P 500 Buffer 20 ETF - July,$30.04,$41,"17,092",0.23%,Equity
FDFF,Fidelity Disruptive Finance ETF,$32.15,$41,"4,165",-9.73%,Equity
MSTW,Roundhill MSTR WeeklyPay ETF,$7.64,$41,"388,229",-15.30%,Equity
AIYY,YieldMax AI Option Income Strategy ETF,$13.53,$41,"83,287",-22.17%,Equity
RILA,Indexperts Gorilla Aggressive Growth ETF,$10.96,$41,"6,032",-5.16%,Equity
KNO,AXS Knowledge Leaders ETF,$56.54,$41,797,10.26%,Equity
CUT,Invesco MSCI Global Timber ETF,$32.70,$41,"6,863",12.52%,Equity
PSCJ,Pacer Swan SOS Conservative (July) ETF,$30.17,$41,959,0.27%,Equity
FTXR,First Trust Nasdaq Transportation ETF,$42.57,$41,"9,397",9.85%,Equity
BDRY,Breakwave Dry Bulk Shipping ETF,$11.49,$41,"64,916",31.01%,Commodity
IDX,VanEck Indonesia Index ETF,$16.00,$41,"158,819",-3.09%,Equity
QBIG,Invesco Top QQQ ETF,$35.65,$41,"9,387",-7.33%,Equity
CPSJ,Calamos S&P 500 Structured Alt Protection ETF July,$27.01,$41,"3,038",0.48%,Equity
GLDY,Defiance Gold Enhanced Options Income ETF,$16.65,$41,"69,079",5.67%,Commodity
PATN,Pacer Nasdaq International Patent Leaders ETF,$31.24,$41,"16,071",15.90%,Equity
TSMU,GraniteShares 2x Long TSM Daily ETF,$61.43,$40,"78,919",40.16%,Equity
IONL,GraniteShares 2x Long IONQ Daily ETF,$16.65,$40,"357,638",-49.47%,Equity
COAL,Range Global Coal Index ETF,$25.51,$40,"28,876",11.84%,Equity
ITDG,iShares LifePath Target Date 2055 ETF,$39.15,$40,"9,005",3.98%,Multi-Asset
MADE,iShares U.S. Manufacturing ETF,$36.23,$40,"15,971",16.12%,Equity
MSOX,AdvisorShares MSOS Daily Leveraged ETF,$2.94,$40,"1,951,257",-34.38%,Equity
SOYB,Teucrium Soybean Fund,$23.44,$40,"111,570",7.23%,Commodity
AVRY,Avory Foundational ETF,N/A,$40,N/A,N/A,Equity
CVAR,Cultivar ETF,$29.95,$40,"1,395",5.48%,Equity
XOMO,YieldMax XOM Option Income Strategy ETF,$12.99,$40,"61,246",16.83%,Equity
AMUU,Direxion Daily AMD Bull 2X Shares ETF,$46.74,$40,"188,759",-14.52%,Equity
WSGE,Warren Street Global Equity ETF,$25.88,$40,N/A,3.61%,Equity
FEBM,FT Vest US Equity Max Buffer ETF-February,$30.59,$40,"10,562",0.72%,Equity
NRES,Xtrackers RREEF Global Natural Resources ETF,$34.62,$40,"3,021",18.32%,Equity
DAK,Dakota Active Equity ETF,$26.59,$40,268,-0.19%,Equity
ADIV,Guinness Atkinson Asia Pacific Dividend Builder ETF,$18.82,$40,"15,189",3.80%,Equity
LALT,First Trust Multi-Strategy Alternative ETF,$23.72,$40,"12,846",4.10%,Multi-Asset
FEIG,FlexShares ESG & Climate Investment Grade Corporate Core Index Fund,$41.71,$39,"3,797",1.28%,Bond
LLYX,Defiance Daily Target 2X Long LLY ETF,$22.85,$39,"494,200",-10.36%,Equity
RJDI,RJ Eagle GCM Dividend Select Income ETF,N/A,$39,N/A,N/A,Equity
SFYF,SoFi Social 50 ETF,$53.12,$39,"5,830",-4.93%,Equity
SPCT,Liberty One Spectrum ETF,$27.38,$39,"22,697",7.38%,Equity
BDGS,Bridges Capital Tactical ETF,$34.18,$39,"5,159",-1.47%,Equity
TMLP,Tortoise MLP ETF,N/A,$39,N/A,N/A,Equity
CRDT,Simplify Opportunistic Income ETF,$23.46,$39,"29,654",1.14%,Bond
BABO,YieldMax BABA Option Income Strategy ETF,$12.98,$39,"66,265",4.17%,Equity
GAMR,Amplify Video Game Leaders ETF,$79.03,$39,"1,257",-12.79%,Equity
XFEB,FT Vest U.S. Equity Enhance & Moderate Buffer ETF - February,$36.01,$39,"3,738",0.84%,Equity
NVBU,AllianzIM U.S. Equity Buffer15 Uncapped Nov ETF,$28.91,$39,"3,859",-0.13%,Equity
NSI,National Security Emerging Markets Index ETF,$37.60,$39,"3,286",12.46%,Equity
CDIG,City Different Investments Global Equity ETF,$26.00,$39,"13,127",4.35%,Equity
CEFZ,RiverNorth Active Income ETF,$8.34,$39,"14,416",2.66%,Multi-Asset
DWMF,WisdomTree International Multifactor Fund,$35.10,$39,"4,773",7.84%,Equity
EFNL,iShares MSCI Finland ETF,$50.09,$38,"8,303",4.75%,Equity
SEMI,Columbia Select Technology ETF,$30.47,$38,"12,408",-0.53%,Equity
MARB,First Trust Merger Arbitrage ETF,$20.71,$38,"14,475",0.32%,Alternatives
HOMZ,Hoya Capital Housing ETF,$49.48,$38,"2,698",9.29%,Equity
QCAP,FT Vest Nasdaq-100 Conservative Buffer ETF - April,$23.81,$38,"3,606",0.41%,Equity
EASY,Liberty One Defensive Dividend Growth ETF,$27.64,$38,"27,460",8.84%,Equity
QIDX,Indexperts Quality Earnings Focused ETF,$11.24,$38,"4,357",4.76%,Equity
RSMV,Relative Strength Managed Volatility Strategy ETF 1Shs,$27.41,$38,"9,810",0.11%,Equity
FAI,First Trust Bloomberg Artificial Intelligence ETF,$39.20,$38,"8,822",-4.55%,Equity
RSSE,FT Vest U.S. Equity Equal Weight Buffer ETF - September,$22.10,$38,"13,756",3.23%,Equity
TURF,T. Rowe Price Natural Resource ETF,$33.67,$38,"11,727",16.06%,Equity
MINN,Mairs & Power Minnesota Municipal Bond ETF,N/A,$38,N/A,N/A,Bond
NVDG,Leverage Shares 2X Long NVDA Daily ETF,$15.67,$37,"434,511",-7.00%,Equity
FBDC,FT Confluence BDC & Specialty Finance Income ETF,$18.05,$37,"9,524",-6.10%,Equity
KYLD,Kurv High Income ETF,N/A,$37,N/A,N/A,Equity
MDLV,Morgan Dempsey Large Cap Value ETF,$31.01,$37,"7,437",9.30%,Equity
EBIZ,Global X E-commerce ETF,$28.54,$37,"11,010",-12.15%,Equity
VXZ,iPath Series B S&P 500® VIX Mid-Term Futures ETN,$54.36,$37,"17,287",1.63%,Volatility
BTR,Beacon Tactical Risk ETF,$26.74,$37,"4,954",5.60%,Multi-Asset
QQQT,Defiance Nasdaq 100 Income Target ETF,$16.69,$37,"38,248",-2.65%,Equity
ZAPR,Innovator Equity Defined Protection ETF - 1 Yr April,$25.88,$37,"2,714",0.39%,Equity
AUGM,FT Vest U.S. Equity Max Buffer ETF - August,$34.13,$37,"2,732",0.31%,Equity
PBOC,PGIM S&P 500 Buffer 20 ETF - October,$29.23,$37,"12,556",0.18%,Equity
RAUS,RACWI US ETF,$26.52,$37,"19,371",0.42%,Equity
DRES,GMO Domestic Resilience ETF,N/A,$37,N/A,N/A,Equity
AUMI,Themes Gold Miners ETF,$108.19,$37,"9,495",17.66%,Equity
OCTZ,TrueShares Structured Outcome (October) ETF,$42.42,$37,"6,356",-0.32%,Equity
YOLO,AdvisorShares Pure Cannabis ETF,$2.88,$37,"123,317",-12.73%,Equity
AUGU,AllianzIM U.S. Equity Buffer15 Uncapped Aug ETF,$29.35,$36,"4,286",-0.41%,Equity
LABX,Tradr 2X Long ALAB Daily ETF,$7.61,$36,"1,056,525",-50.05%,Equity
KNOV,Innovator U.S. Small Cap Power Buffer ETF - November,$29.46,$36,"14,527",3.48%,Equity
OAKG,Oakmark Global Large Cap ETF,N/A,$36,N/A,N/A,Equity
VRTL,GraniteShares 2x Long VRT Daily ETF,$94.99,$36,"104,876",91.13%,Equity
COIW,Roundhill COIN WeeklyPay ETF,$12.62,$36,"138,940",-32.38%,Equity
SPXV,ProShares S&P 500 Ex-Health Care ETF,$74.23,$36,"1,884",-0.47%,Equity
LKOR,FlexShares Credit-Scored US Long Corporate Bond Index Fund,$43.08,$36,"8,906",2.09%,Bond
THEQ,T. Rowe Price Hedged Equity ETF,$28.18,$36,"2,259",0.72%,Equity
FFGX,Fidelity Fundamental Global ex-U.S. ETF,$32.76,$36,"6,973",7.53%,Equity
AIVC,Amplify Bloomberg AI Value Chain ETF,$71.99,$36,"1,989",6.17%,Equity
MATE,Man Active Trend Enhanced ETF,$27.42,$36,N/A,6.07%,Multi-Asset
CVRD,Madison Covered Call ETF,$18.77,$36,"4,894",1.83%,Equity
ISWN,Amplify BlackSwan ISWN ETF,$22.98,$36,"1,840",7.00%,Multi-Asset
LOTI,Liberty One Tactical Income ETF,$26.26,$36,"19,713",4.12%,Multi-Asset
PSFJ,Pacer Swan SOS Flex (July) ETF,$33.26,$36,"2,987",0.28%,Equity
AMUB,ETRACS Alerian MLP Index ETN Class B,$21.51,$36,"1,349",13.87%,Equity
TWM,ProShares UltraShort Russell2000,$28.04,$36,"510,027",-12.37%,Equity
PTEU,Pacer Trendpilot European Index ETF,$32.23,$36,"6,021",4.90%,Multi-Asset
TEMT,Tradr 2X Long TEM Daily ETF,$8.34,$36,"580,775",-27.16%,Equity
CNAV,Mohr Company Nav ETF,$32.99,$36,"2,724",6.79%,Equity
SIXD,AllianzIM U.S. Equity 6 Month Buffer10 Jun/Dec ETF,$28.94,$36,"6,129",0.17%,Equity
ZJUN,Innovator Equity Defined Protection ETF - 1 Yr June,$26.95,$36,"13,584",0.41%,Equity
NXTI,Simplify Next Intangible Core Index ETF,$30.70,$36,"1,911",-5.60%,Equity
CVNY,YieldMax CVNA Option Income Strategy ETF,$28.62,$36,"60,556",-17.34%,Equity
GFGF,Guru Favorite Stocks ETF,$33.28,$36,806,-6.09%,Equity
FDAT,Tactical Advantage ETF,$22.57,$36,908,4.52%,Multi-Asset
NIXT,Research Affiliates Deletions ETF,$28.18,$36,"3,430",6.58%,Equity
PBQQ,PGIM Laddered Nasdaq-100 Buffer 12 ETF,$28.65,$36,"19,190",-0.62%,Equity
EAOA,iShares ESG Aware 80/20 Aggressive Allocation ETF,$42.49,$35,"2,154",2.68%,Multi-Asset
CCOR,Core Alternative ETF,$27.38,$35,"9,716",4.32%,Equity
BLCN,Siren NexGen Economy ETF,$23.25,$35,"10,557",-2.92%,Equity
DRV,Direxion Daily Real Estate Bear 3X Shares,$21.20,$35,"111,165",-20.06%,Real Estate
RAAA,Reckoner Yield Enhanced AAA CLO ETF,$25.09,$35,"5,602",0.82%,Bond
BNKU,MicroSectors U.S. Big Banks 3 Leveraged ETN,$31.82,$35,"18,170",-6.11%,Equity
BBSB,JPMorgan BetaBuilders U.S. Treasury Bond 1-3 Year ETF,$99.41,$35,"1,237",0.56%,Bond
DDTO,Innovator Equity Dual Directional 10 Buffer ETF - October,$21.67,$35,"3,843",0.10%,Equity
LDEM,iShares ESG MSCI EM Leaders ETF,$63.16,$35,"1,203",8.69%,Equity
HEAL,Global X HealthTech ETF,$25.31,$35,"12,048",-13.37%,Equity
GSIB,Themes Global Systemically Important Banks ETF,$53.77,$35,"13,295",2.32%,Equity
ASHS,Xtrackers Harvest CSI 500 China A-Shares Small Cap ETF,$43.50,$35,"14,057",12.34%,Equity
CEFA,Global X S&P Catholic Values Developed ex-U.S. ETF,$39.99,$35,"3,605",8.28%,Equity
PSCC,Invesco S&P SmallCap Consumer Staples ETF,$34.67,$35,"13,649",11.56%,Equity
QPX,AdvisorShares Q Dynamic Growth ETF,$44.88,$35,"2,279",0.82%,Multi-Asset
WISE,Themes Generative Artificial Intelligence ETF,$35.21,$35,"7,565",-9.62%,Equity
NBET,Neuberger Berman Energy Transition & Infrastructure ETF,$38.05,$35,"6,333",16.29%,Equity
ZHDG,Zega Buy & Hedge ETF,$22.31,$35,"9,829",-1.43%,Multi-Asset
SLJY,Amplify SILJ Covered Call ETF,$38.18,$35,"40,919",18.58%,Equity
IBAT,iShares Energy Storage & Materials ETF,$34.10,$35,"19,897",18.89%,Equity
TUG,STF Tactical Growth ETF,$38.64,$35,"3,786",-2.63%,Multi-Asset
EMSF,Matthews Emerging Markets Sustainable Future Active ETF,$33.20,$35,"4,054",17.07%,Equity
BBC,Virtus LifeSci Biotech Clinical Trials ETF,$39.87,$35,"28,375",3.41%,Equity
ZMAY,Innovator Equity Defined Protection ETF - 1 Yr May,$25.52,$34,"2,833",0.34%,Equity
XHYI,BondBloxx USD High Yield Bond Industrial Sector ETF,$38.29,$34,"5,241",0.77%,Bond
RIFR,Russell Investments Global Infrastructure ETF,$28.78,$34,"8,165",11.60%,Equity
ZIG,Acquirers Fund,$39.33,$34,"2,167",8.23%,Equity
AZTD,Aztlan Global Stock Selection DM SMID ETF,$30.30,$34,849,6.61%,Equity
EFO,ProShares Ultra MSCI EAFE,$74.43,$34,"6,170",16.59%,Equity
TXS,Texas Capital Texas Equity Index ETF,$38.56,$34,"2,873",8.47%,Equity
OVM,Overlay Shares Municipal Bond ETF,$21.77,$34,"10,552",1.88%,Bond
GEMD,Goldman Sachs Access Emerging Markets USD Bond ETF,$42.99,$34,"4,073",1.72%,Bond
ASMG,Leverage Shares 2X Long ASML Daily ETF,$37.47,$34,"134,494",65.86%,Equity
AUGT,AllianzIM U.S. Equity Buffer10 Aug ETF,$35.70,$34,"1,703",0.16%,Equity
MMID,MFS Active Mid Cap ETF,$26.02,$34,"3,032",3.61%,Equity
MSTQ,LHA Market State Tactical Q ETF,$33.76,$34,"4,956",-2.20%,Equity
UBOT,"Direxion Daily Robotics, Artificial Intelligence & Automation Index Bull 2X Shares",$28.20,$34,"24,754",10.24%,Equity
IMAR,Innovator International Developed Power Buffer ETF March,$30.32,$34,"4,405",1.53%,Equity
NUSA,Nuveen ESG 1-5 Year U.S. Aggregate Bond ETF,$23.49,$34,"7,905",0.72%,Bond
MMAX,iShares Large Cap Max Buffer Mar ETF,$26.37,$34,"2,283",0.54%,Equity
AQWA,Global X Clean Water ETF,$20.84,$34,"43,841",11.03%,Equity
SNOY,YieldMax SNOW Option Income Strategy ETF,$9.48,$34,"103,383",-18.41%,Equity
OVF,Overlay Shares Foreign Equity ETF,$31.85,$34,"4,895",9.86%,Equity
XDIV,Roundhill S&P 500 No Dividend Target ETF,$27.63,$34,"21,090",-0.47%,Multi-Asset
MRAL,GraniteShares 2x Long MARA Daily ETF,$2.99,$34,"1,162,184",-34.86%,Equity
OEI,Optimized Equity Income ETF,N/A,$34,N/A,N/A,Equity
UFIV,US Treasury 5 Year Note ETF,$49.62,$34,"6,884",1.00%,Bond
EUO,ProShares UltraShort Euro,$27.90,$34,"23,006",-1.53%,Currency
QDIV,Global X S&P 500 Quality Dividend ETF,$38.63,$33,"2,171",11.72%,Equity
GLDB,IDX Alternative FIAT ETF,$23.95,$33,"24,410",-1.06%,Multi-Asset
QLDY,Defiance Nasdaq 100 LightningSpread Income ETF,$43.08,$33,"32,022",-3.83%,Equity
UMDD,ProShares UltraPro MidCap400,$31.45,$33,"8,357",23.02%,Equity
UXI,ProShares Ultra Industrials,$57.68,$33,"8,616",24.38%,Equity
CPSN,Calamos S&P 500 Structured Alt Protection ETF - November,$27.00,$33,"11,341",0.32%,Equity
SIFI,Harbor Scientific Alpha Income ETF,$44.24,$33,386,1.24%,Bond
TJAN,Innovator Equity Defined Protection ETF - 2 Yr to January 2027,$27.37,$33,"3,460",0.16%,Equity
IMAY,Innovator International Developed Power Buffer ETF - May,$30.64,$33,"2,610",2.47%,Equity
JUSA,JPMorgan U.S. Research Enhanced Large Cap ETF,$61.76,$33,"2,514",0.11%,Equity
VNAM,Global X MSCI Vietnam ETF,$25.17,$33,"18,119",0.08%,Equity
BOTT,Themes Humanoid Robotics ETF,$58.58,$33,"19,113",37.32%,Equity
JXX,Janus Henderson Transformational Growth ETF,$25.69,$33,"6,392",-8.26%,Equity
PSET,Principal Quality ETF,$73.30,$33,"1,881",-3.93%,Equity
XB,BondBloxx B-Rated USD High Yield Corporate Bond ETF,$39.51,$33,"4,921",0.67%,Bond
NURE,Nuveen Short-Term REIT ETF,$29.41,$33,"5,110",4.44%,Real Estate
XIMR,FT Vest U.S. Equity Buffer & Premium Income ETF - March,$31.00,$33,"6,149",-0.07%,Equity
QQUP,Proshares Ultra QQQ Mega ETF,$48.67,$32,"26,051",-15.39%,Equity
JDST,Direxion Daily Junior Gold Miners Index Bear 2X Shares,$1.55,$32,"47,601,695",-41.06%,Equity
TMFX,Motley Fool Next Index ETF,$21.36,$32,"5,387",-0.90%,Equity
HEQQ,JPMorgan Nasdaq Hedged Equity Laddered Overlay ETF,$58.04,$32,"1,105",-0.51%,Equity
CPSF,Calamos S&P 500 Structured Alt Protection ETF - February,$25.74,$32,"8,952",0.58%,Equity
CPRO,Calamos Russell 2000 Structured Alt Protection ETF - October,$27.34,$32,"3,849",1.41%,Equity
MAGA,Point Bridge America First ETF,$55.79,$32,"1,329",8.57%,Equity
CHPS,Xtrackers Semiconductor Select Equity ETF,$57.67,$32,"16,057",22.12%,Equity
STEN,iShares Large Cap 10% Target Buffer Sep ETF,N/A,$32,N/A,N/A,Equity
TEK,iShares Technology Opportunities Active ETF,$30.05,$32,"5,379",0.17%,Equity
SEPM,FT Vest U.S. Equity Max Buffer ETF - September,$31.89,$32,"2,875",0.27%,Equity
CPST,Calamos S&P 500 Structured Alt Protection ETF - September,$27.14,$32,"2,314",0.41%,Equity
IFLR,Innovator International Developed Managed Floor ETF,$53.79,$32,N/A,6.57%,Equity
INRO,iShares U.S. Industry Rotation Active ETF,$32.02,$32,"3,759",-0.46%,Equity
ARMG,Leverage Shares 2X Long ARM Daily ETF,$7.15,$32,"586,724",25.44%,Equity
PBDE,PGIM S&P 500 Buffer 20 ETF - December,$29.51,$32,"12,159",0.12%,Equity
HYUP,Xtrackers High Beta High Yield Bond ETF,$42.27,$32,"8,444",0.86%,Bond
PWS,Pacer WealthShield ETF,$32.78,$32,"8,363",1.42%,Multi-Asset
NITE,Nightview Fund NITE,$35.22,$31,"1,424",-3.80%,Equity
TSL,GraniteShares 1.25x Long TSLA Daily ETF ,$16.92,$31,"684,606",-9.52%,Equity
JANM,FT Vest U.S. Equity Max Buffer ETF - January,$33.05,$31,"12,006",0.11%,Equity
XRLV,Invesco S&P 500® ex-Rate Sensitive Low Volatility ETF,$57.50,$31,"2,557",6.62%,Equity
FTDS,First Trust Dividend Strength ETF,$62.45,$31,"1,830",10.54%,Equity
SGRT,SMART Earnings Growth 30 ETF,$27.63,$31,"45,322",10.48%,Equity
VSHY,Virtus Newfleet Short Duration High Yield Bond ETF,$21.92,$31,"1,152",0.82%,Bond
HYSA,BondBloxx USD High Yield Bond Sector Rotation ETF,$15.15,$31,"14,565",0.53%,Bond
FRWD,Nomura Transformational Technologies ETF,$24.03,$31,N/A,N/A,Equity
PJIO,PGIM Jennison International Opportunities ETF,$62.34,$31,"2,070",1.73%,Equity
OCTB,Aptus October Buffer ETF,N/A,$31,N/A,N/A,Equity
OCTM,FT Vest U.S. Equity Max Buffer ETF - October,$32.74,$31,"3,141",0.24%,Equity
IIGD,Invesco Investment Grade Defensive ETF,$24.98,$31,"4,049",0.87%,Bond
COWS,Amplify Cash Flow Dividend Leaders ETF,$34.20,$31,"9,954",2.92%,Equity
PVI,Invesco Floating Rate Municipal Income ETF,$24.80,$31,"6,906",-0.27%,Bond
RGTZ,Defiance Daily Target 2x Short RGTI ETF,$26.12,$31,"6,866,267",19.49%,Equity
BRCE,MFS Blended Research Core Equity ETF,N/A,$31,N/A,N/A,Equity
XYZY,YieldMax XYZ Option Income Strategy ETF,$24.57,$31,"17,045",-23.57%,Equity
WUGI,AXS Esoterica NextG Economy ETF,$70.29,$31,"5,589",-2.87%,Equity
SSFI,Day Hagan / Ned Davis Research Smart Sector Fixed Income ETF,$21.69,$31,"11,070",1.14%,Bond
DIVY,Sound Equity Dividend Income ETF,$28.97,$31,"3,314",10.09%,Equity
RETL,Direxion Daily Retail Bull 3X Shares,$9.80,$31,"412,408",6.29%,Equity
QMFE,FT Vest Nasdaq-100 Moderate Buffer ETF-February,$22.41,$30,"12,660",0.72%,Equity
HSMV,First Trust Horizon Managed Volatility Small/Mid ETF,$38.16,$30,"1,759",7.03%,Equity
WEEL,Peerless Option Income Wheel ETF,$20.25,$30,"13,103",1.00%,Equity
UPSX,Tradr 2X Long UPST Daily ETF,$21.59,$30,"112,971",-56.38%,Equity
APRJ,Innovator Premium Income 30 Barrier ETF - April,$24.73,$30,"4,251",0.31%,Multi-Asset
NVDQ,T-Rex 2X Inverse NVIDIA Daily Target ETF,$16.72,$30,"1,840,952",-0.48%,Equity
LRNZ,"TrueShares Technology, AI & Deep Learning ETF",$42.98,$30,"3,029",-9.81%,Equity
BESF,Bastion Energy ETF,$37.92,$30,"2,362",13.22%,Equity
CPNQ,Calamos Nasdaq-100 Structured Alt Protection ETF - December,$26.54,$30,"16,459",-0.03%,Equity
EAOR,iShares ESG Aware 60/40 Balanced Allocation ETF,$36.18,$30,"5,054",2.38%,Multi-Asset
CCEF,Calamos CEF Income & Arbitrage ETF,$29.87,$30,"7,838",4.33%,Multi-Asset
NVBT,AllianzIM U.S. Equity Buffer10 Nov ETF,$36.86,$30,"4,535",0.01%,Equity
LOGO,Alpha Brands Consumption Leaders ETF,$19.83,$30,"7,248",-5.45%,Equity
FMNY,First Trust New York Municipal High Income ETF,$27.02,$30,"7,468",1.54%,Bond
XNAV,FundX Aggressive ETF,$86.30,$30,492,6.73%,Equity
AMOM,QRAFT AI-Enhanced U.S. Large Cap Momentum ETF,$50.97,$30,"5,665",4.85%,Equity
GMOD,GMO Dynamic Allocation ETF,N/A,$30,N/A,N/A,Multi-Asset
WBIL,WBI BullBear Quality 3000 ETF,$35.74,$30,"2,221",2.77%,Equity
METW,Roundhill META WeeklyPay ETF,$32.75,$29,"36,402",-4.60%,Equity
FLOW,Global X U.S. Cash Flow Kings 100 ETF,$36.73,$29,"3,827",2.15%,Equity
FPA,First Trust Asia Pacific ex-Japan AlphaDEX Fund,$46.31,$29,"2,963",23.91%,Equity
OTGL,OTG Latin America ETF,$11.39,$29,"9,135",13.41%,Equity
RNRG,Global X Renewable Energy Producers ETF,$36.90,$29,"3,705",11.04%,Equity
DFTT,DF Tactical 30 ETF,N/A,$29,N/A,N/A,Equity
TSCM,TimesSquare Quality Mid Cap Growth ETF,$18.43,$29,N/A,-6.78%,Equity
ACII,Innovator Index Autocallable Income Strategy ETF,$25.49,$29,"27,278",0.20%,Equity
MFUT,Cambria Chesapeake Pure Trend ETF,$17.67,$29,"8,586",8.03%,Multi-Asset
MEXX,Direxion Daily MSCI Mexico Bull 3X Shares,$38.52,$29,"40,779",54.14%,Equity
EDOG,ALPS Emerging Sector Dividend Dogs ETF,$26.40,$29,"4,473",9.44%,Equity
DRGN,Themes China Generative Artificial Intelligence ETF,$34.91,$29,"20,392",7.08%,Equity
AAPW,Roundhill AAPL WeeklyPay ETF,$36.17,$29,"25,876",-8.17%,Equity
KSEP,Innovator U.S. Small Cap Power Buffer ETF - September,$28.81,$29,"20,940",3.31%,Equity
QBSF,AllianzIM U.S. Equity Buffer15 ETF,$26.34,$29,"10,430",0.35%,Equity
FSGS,First Trust SMID Growth Strength ETF,$30.35,$29,"2,465",-0.28%,Equity
IEDI, iShares U.S. Consumer Focused ETF,$57.87,$29,"2,690",5.12%,Equity
WBIG,WBI BullBear Yield 3000 ETF,$24.24,$29,"4,259",3.45%,Equity
LQIG,State Street SPDR MarketAxess Investment Grade 400 Corporate Bond ETF,$96.93,$29,"4,143",1.62%,Bond
PSCD,Invesco S&P SmallCap Consumer Discretionary ETF,$114.12,$29,"6,611",8.91%,Equity
URAN,Themes Uranium & Nuclear ETF,$47.00,$29,"11,224",13.17%,Equity
ZTEN,F/M 10-Year Investment Grade Corporate Bond Etf,$51.78,$29,"2,049",1.34%,Bond
PYPG,Leverage Shares 2X Long PYPL Daily ETF,$4.84,$29,"537,113",-56.59%,Equity
PPTY,US Diversified Real Estate ETF,$31.60,$28,"4,229",4.95%,Real Estate
MYLD,Cambria Micro and SmallCap Shareholder Yield ETF,$29.72,$28,"7,929",10.96%,Equity
CRWL,GraniteShares 2x Long CRWD Daily ETF,$24.53,$28,"142,094",-20.38%,Equity
JADE,JPMorgan Active Developing Markets Equity ETF,$70.55,$28,"4,105",12.21%,Equity
KVLE,KFA Value Line Dynamic Dividend Equity Index ETF,$26.76,$28,"4,022",4.58%,Equity
WDCX,Tradr 2X Long WDC Daily ETF,$32.15,$28,N/A,N/A,Equity
AIOO,AllianzIM U.S. Equity Buffer100 Protection ETF,$25.75,$28,"8,154",0.18%,Equity
CTEC,Global X CleanTech ETF,$58.93,$28,"4,997",10.98%,Equity
MARO,YieldMax MARA Option Income Strategy ETF,$5.87,$28,"246,460",-13.69%,Equity
XAUG,FT Vest U.S. Equity Enhance & Moderate Buffer ETF - August,$37.53,$28,"1,219",0.26%,Equity
RFFC,ALPS Active Equity Opportunity ETF,$70.12,$28,640,4.55%,Equity
TGLR,LAFFER TENGLER Equity Income ETF,$38.15,$28,"8,011",5.69%,Equity
NOVM,FT Vest U.S. Equity Max Buffer ETF - November,$32.96,$28,"6,462",0.26%,Equity
RMIF,LHA Risk-Managed Income ETF,$24.83,$28,"4,297",0.18%,Bond
ONEO,State Street SPDR Russell 1000 Momentum Focus ETF,$139.53,$28,"10,152",7.83%,Equity
ACVT,Advent Convertible Bond ETF,$26.70,$28,816,-0.08%,Bond
AAPB,GraniteShares 2x Long AAPL Daily ETF,$27.90,$28,"155,394",-12.99%,Equity
FTXH,First Trust Nasdaq Pharmaceuticals ETF,$35.18,$28,"6,370",6.79%,Equity
MAYU,AllianzIM U.S. Equity Buffer15 Uncapped May ETF,$31.39,$28,"2,560",-0.37%,Equity
JOBX,Tradr 2X Long JOBY Daily ETF,$9.25,$28,"224,022",-49.78%,Equity
MBND,State Street Nuveen Municipal Bond ETF,$27.65,$28,"5,897",1.34%,Bond
ITDH,iShares LifePath Target Date 2060 ETF USD,$39.09,$28,"5,495",4.02%,Multi-Asset
ROMO,Strategy Shares Newfound/ReSolve Robust Momentum ETF,$33.87,$28,"4,190",6.66%,Multi-Asset
RCLO,Reckoner BBB-B CLO ETF,N/A,$28,N/A,N/A,Bond
SFYX,SoFi Next 500 ETF,$17.04,$28,N/A,N/A,Equity
GYLD,Arrow Dow Jones Global Yield ETF,$13.98,$27,"13,411",3.93%,Multi-Asset
FDRV,Fidelity Electric Vehicles and Future Transportation ETF,$17.64,$27,"12,708",7.71%,Equity
LFEQ,VanEck Long/Flat Trend ETF,$54.06,$27,998,-0.20%,Equity
JUNP,PGIM S&P 500 Buffer 12 ETF - June,$30.68,$27,"11,438",0.35%,Equity
PBFB,PGIM S&P 500 Buffer 20 ETF - February,$30.57,$27,"9,725",0.42%,Equity
NBDS,Neuberger Disrupters ETF,$31.51,$27,"2,557",-11.12%,Equity
AWAY,Amplify Travel Tech ETF,$17.22,$27,"10,721",-16.88%,Equity
AIBU,Direxion Daily AI and Big Data Bull 2X Shares,$41.36,$27,"19,427",-16.23%,Equity
ABLG,Abacus FCF International Leaders ETF,$32.67,$27,"4,651",3.05%,Equity
FLN,First Trust Latin America AlphaDEX Fund,$26.59,$27,"12,784",17.21%,Equity
CPNJ,Calamos Nasdaq - 100 Structured Alt Protection ETF -June,$27.06,$27,"12,598",0.26%,Equity
QQWZ,Pacer Cash COWZ 100-Nasdaq 100 Rotator ETF,$26.96,$27,"14,352",7.43%,Equity
GK,AdvisorShares Gerber Kawasaki ETF,$25.04,$27,"1,494",-2.28%,Equity
UXOC,FT Vest U.S. Equity Uncapped Accelerator ETF - October,$35.42,$27,"13,567",-0.38%,Equity
NVDD,Direxion Daily NVDA Bear 1X Shares,$38.90,$27,"403,141",1.43%,Equity
DCMT,DoubleLine Commodity Strategy ETF,$27.57,$27,"5,817",5.64%,Commodity
DEEP,Acquirers Small and Micro Deep Value ETF,$38.04,$27,"1,502",6.19%,Equity
TLTP,Amplify TLT U.S. Treasury 12% Option Income ETF,$22.45,$27,"18,378",2.88%,Bond
JNEU,AllianzIM U.S. Equity Buffer15 Uncapped June ETF,$30.28,$27,"1,968",-0.10%,Equity
DFVE,DoubleLine Fortune 500 Equal Weight ETF,$34.17,$27,"4,963",7.10%,Equity
EYEG,AB Corporate Bond ETF,$36.06,$27,"2,765",1.19%,Bond
YCS,ProShares UltraShort Yen,$48.74,$27,"48,775",-4.23%,Currency
AMZW,Roundhill AMZN WeeklyPay ETF,$33.76,$27,"44,378",-16.92%,Equity
GEVX,Tradr 2X Long GEV Daily ETF,$45.26,$27,"163,798",46.05%,Equity
ALIL,Argent Focused Small Cap ETF,$30.60,$27,"5,397",5.77%,Equity
XHYF,BondBloxx USD High Yield Bond Financial & REIT Sector ETF,$37.76,$26,"4,386",0.15%,Bond
FFEM,Fidelity Fundamental Emerging Markets ETF,$37.90,$26,"20,998",13.42%,Equity
SNAV,Mohr Sector Nav ETF,$36.05,$26,"1,886",3.17%,Equity
ICPY,"Tweedy, Browne International Insider + Value ETF",$11.85,$26,"36,867",9.37%,Equity
WQTM,WisdomTree Quantum Computing Fund,N/A,$26,N/A,N/A,Equity
MEDI,Harbor Health Care ETF,$30.69,$26,"8,144",-2.41%,Equity
TIER,T. Rowe Price International Equity Research ETF,$30.63,$26,"3,576",8.44%,Equity
EWK,iShares MSCI Belgium ETF,$27.34,$26,"20,335",12.50%,Equity
ADBG,Leverage Shares 2X Long ADBE Daily ETF,$5.61,$26,"822,811",-45.11%,Equity
MARU,AllianzIM U.S. Equity Buffer15 Uncapped Mar ETF,$27.62,$26,"4,189",-0.52%,Equity
BRF,VanEck Brazil Small-Cap ETF,$18.69,$26,"6,451",16.55%,Equity
CPSO,Calamos S&P 500 Structured Alt Protection ETF - October,$27.17,$26,"2,890",0.38%,Equity
PCIG,Polen Capital International Growth ETF,$8.85,$26,"21,308",-2.91%,Equity
BBIB,JPMorgan BetaBuilders U.S. Treasury Bond 3-10 Year ETF,$100.11,$26,730,1.09%,Bond
TIIV,AAM Todd International Intrinsic Value ETF,$29.54,$26,"1,737",9.56%,Equity
FMQQ,FMQQ The Next Frontier Internet ETF,$13.02,$26,"7,316",-5.81%,Equity
QTJL,Innovator Growth Accelerated Plus ETF - July,$39.06,$26,"2,279",-0.67%,Equity
SAA,ProShares Ultra SmallCap600,$30.29,$26,"5,563",17.51%,Equity
SAEF,Schwab Ariel Opportunities ETF,$29.53,$26,"3,278",7.44%,Equity
WBIF,WBI BullBear Value 3000 ETF,$32.28,$26,"2,608",4.25%,Equity
BITS,Global X Blockchain & Bitcoin Strategy ETF,$56.49,$26,"7,352",-9.92%,Multi-Asset
GXPD,Global X PureCap MSCI Consumer Discretionary ETF,$25.11,$26,"55,911",-5.15%,Equity
ORCU,Direxion Daily ORCL Bull 2X ETF,$11.85,$26,N/A,-35.70%,Equity
BMNG,Leverage Shares 2X Long BMNR Daily ETF,$1.56,$26,"9,668,135",-50.94%,Equity
PBNV,PGIM S&P 500 Buffer 20 ETF - November,$29.43,$25,"5,697",0.14%,Equity
PEPS,Parametric Equity Plus ETF,$29.32,$25,475,-0.27%,Equity
SQLV,Royce Quant Small‑Cap Quality Value ETF,$46.07,$25,"1,249",6.69%,Equity
NVDS,Tradr 1.5X Short NVDA Daily ETF,$28.26,$25,"440,656",0.89%,Equity
JAPN,Horizon Kinetics Japan Owner Operator ETF,$24.33,$25,"14,956",-5.39%,Equity
JPSV,JPMorgan Active Small Cap Value ETF,$62.16,$25,563,7.15%,Equity
PEZ,Invesco Dorsey Wright Consumer Cyclicals Momentum ETF,$104.93,$25,"1,490",0.93%,Equity
JLQD,Janus Henderson Corporate Bond ETF,$42.29,$25,457,1.15%,Bond
GCAD,Gabelli Commercial Aerospace and Defense ETF,$53.28,$25,"2,803",14.77%,Equity
FDRS,Founder-Led ETF,$21.57,$25,N/A,-11.70%,Equity
AUGZ,TrueShares Structured Outcome (August) ETF,$42.07,$25,"1,048",-0.47%,Equity
SHUS,Stratified LargeCap Hedged ETF,$48.93,$25,"1,067",6.43%,Equity
CPSY,Calamos S&P 500 Structured Alt Protection ETF January,$25.17,$25,"6,254",0.36%,Equity
RAYJ,Rayliant SMDAM Japan Equity ETF,$38.13,$25,"6,082",16.78%,Equity
PLTG,Leverage Shares 2X Long PLTR Daily ETF,$13.39,$25,"256,256",-48.83%,Equity
CPNS,Calamos Nasdaq-100 Structured Alt Protection ETF - September,$27.28,$25,"2,441",0.22%,Equity
HDG,ProShares Hedge Replication ETF,$52.68,$25,"1,408",2.15%,Alternatives
MART,AllianzIM U.S. Equity Buffer10 Mar ETF,$39.04,$25,"1,903",0.80%,Equity
JULM,FT Vest U.S. Equity Max Buffer ETF - July,$33.73,$24,"3,498",0.38%,Equity
BIGY,YieldMax Target 12 Big 50 Option Income ETF,$50.70,$24,"13,860",-2.50%,Equity
BOEU,Direxion Daily BA Bull 2X Shares,$46.83,$24,"46,586",22.33%,Equity
GLDW,Roundhill Gold WeeklyPay ETF,$152.82,$24,"2,711",21.52%,Multi-Asset
TAX,Cambria Tax Aware ETF,$28.92,$24,"4,492",1.82%,Equity
APRH,Innovator Premium Income 20 Barrier ETF - April,$24.83,$24,"3,287",0.45%,Multi-Asset
XIDE,FT Vest U.S. Equity Buffer & Premium Income ETF - December,$30.06,$24,"3,860",0.16%,Equity
SOXY,YieldMax Target 12 Semiconductor Option Income ETF,$68.04,$24,"9,246",15.61%,Equity
SAMM,Strategas Macro Momentum ETF,$30.73,$24,"3,724",2.14%,Equity
PBSE,PGIM S&P 500 Buffer 20 ETF - September,$29.51,$24,"10,686",0.17%,Equity
HYP,Golden Eagle Dynamic Hypergrowth ETF,$26.54,$24,"18,802",13.13%,Equity
QETH,Invesco Galaxy Ethereum ETF,$20.36,$24,"125,465",-31.13%,Currency
SPIT,F/m Emerald Special Situations ETF,$28.04,$24,"5,770",8.08%,Equity
BYRE,Principal Real Estate Active Opportunities ETF,$26.50,$24,"4,024",8.36%,Equity
MUSQ,MUSQ Global Music Industry Index ETF,$27.64,$24,329,-1.88%,Equity
PSCF,Invesco S&P SmallCap Financials ETF,$60.52,$24,"3,827",5.24%,Equity
CANQ,Calamos Nasdaq Equity & Income ETF,$29.31,$24,"12,181",-1.19%,Multi-Asset
MCH,Matthews China Active ETF,$28.75,$24,"2,879",1.92%,Equity
STXI,Strive International Developed Markets ETF,$33.54,$24,"2,989",7.56%,Equity
CPSR,Calamos S&P 500 Structured Alt Protection ETF - March,$25.37,$23,984,0.68%,Equity
YSPY,GraniteShares YieldBOOST SPY ETF,$17.32,$23,"36,705",0.54%,Equity
CLCG,Crossmark Large Cap Growth ETF,$25.33,$23,"4,529",-6.18%,Equity
LRCU,Tradr 2X Long LRCX Daily ETF,$120.02,$23,"25,956",77.54%,Equity
GMEU,T-REX 2X Long GME Daily Target ETF,$11.24,$23,"685,473",29.07%,Equity
VDIG,Vanguard Wellington Dividend Growth Active ETF,N/A,$23,N/A,N/A,Equity
AAVM,Alpha Architect Global Factor Equity ETF,$33.24,$23,"2,659",12.59%,Equity
WCME,First Trust WCM Developing World Equity ETF,$18.50,$23,"11,932",7.43%,Equity
TBJL,Innovator 20+ Year Treasury Bond 9 Buffer ETF - July,$20.27,$23,"6,140",1.83%,Bond
PQJA,PGIM Nasdaq-100 Buffer 12 ETF - January,$28.86,$23,"15,673",-1.08%,Equity
CPRJ,Calamos Russell 2000 Structured Alt Protection ETF July,$27.05,$23,"2,805",1.05%,Equity
STXM,Strive Mid-Cap ETF,$30.83,$23,"2,979",8.13%,Equity
GPT,Intelligent Alpha Atlas ETF,$31.76,$23,"4,441",6.11%,Equity
OCTP,PGIM S&P 500 Buffer 12 ETF - October,$30.34,$23,"3,552",-0.02%,Equity
XNOV,FT Vest U.S. Equity Enhance & Moderate Buffer ETF - November,$37.95,$23,"6,605",0.21%,Equity
TWOX,iShares Large Cap Accelerated Outcome ETF,$28.17,$23,"5,983",0.10%,Equity
WTIU,MicroSectors Energy 3X Leveraged ETNs,$14.78,$23,"34,616",56.17%,Commodity
ACEI,Innovator Equity Autocallable Income Strategy ETF,$24.13,$23,"24,060",-1.11%,Equity
HELX,Franklin Genomic Advancements ETF,$34.61,$23,"2,021",-4.67%,Equity
AAPD,Direxion Daily AAPL Bear 1X Shares ETF,$13.91,$23,"3,615,414",6.10%,Equity
NOWL,GraniteShares 2x Long NOW Daily ETF,$6.51,$23,"357,684",-54.54%,Equity
SMHB,ETRACS 2xMonthly Pay Leveraged US Small Cap High Dividend ETN Series B,$4.08,$23,"25,338",4.62%,Equity
TSLP,Kurv Yield Prem Strategy Tesla ETF,$21.17,$23,"18,913",-7.71%,Equity
EGUS,iShares ESG Aware MSCI USA Growth ETF,$49.70,$22,"4,532",-6.09%,Equity
XHYC,BondBloxx USD High Yield Bond Consumer Cyclicals Sector ETF,$37.39,$22,"4,516",0.76%,Bond
KONG,Formidable Fortress ETF,$30.74,$22,954,0.65%,Equity
BRKC,YieldMax BRK.B Option Income Strategy ETF,$44.12,$22,"7,094",-0.45%,Equity
XHYD,BondBloxx USD High Yield Bond Consumer Non-Cyclicals Sector ETF,$38.59,$22,"5,024",1.06%,Bond
ILIT,iShares Lithium Miners and Producers ETF,$16.71,$22,"41,876",6.94%,Equity
DLAG,FT Vest U.S. Equity Dual Directional Buffer ETF - August,$31.33,$22,"3,954",0.17%,Equity
DDTS,Innovator Equity Dual Directional 10 Buffer ETF - September,$21.40,$22,"3,278",0.22%,Equity
RCTR,First Trust Bloomberg Nuclear Power ETF,$37.10,$22,"7,005",14.37%,Equity
AMDG,Leverage Shares 2X Long AMD Daily ETF,$22.55,$22,"151,483",-14.88%,Equity
MJSC,MUFG Japan Small Cap Active ETF,$58.67,$22,330,17.63%,Equity
SDTY,YieldMax S&P 500 0DTE Covered Call Strategy ETF,$43.04,$22,"10,586",-0.34%,Equity
NRSH,Aztlan North America Nearshoring Stock Selection ETF,$25.27,$22,278,9.51%,Equity
QDTY,YieldMax Nasdaq 100 0DTE Covered Call Strategy ETF,$40.55,$22,"16,094",-2.88%,Equity
GOOP,Kurv Yield Premium Strategy Google (GOOGL) ETF,$36.72,$22,"17,929",-4.76%,Equity
SPYH,NEOS S&P 500 Hedged Equity Income ETF,$55.08,$22,"11,683",0.61%,Equity
BILT,iShares Infrastructure Active ETF,$29.16,$22,"4,184",12.73%,Equity
FPWR,First Trust EIP Power Solutions ETF,$37.20,$22,"2,733",12.59%,Equity
TARK,AXS 2X Innovation ETF Fund,$39.06,$22,"53,759",-19.55%,Equity
GLIX,Lazard Listed Infrastructure ETF,N/A,$22,N/A,N/A,Equity
EZJ,ProShares Ultra MSCI Japan,$69.05,$22,"6,897",33.15%,Equity
QPUX,Defiance 2X Daily Long Pure Quantum ETF,$8.24,$21,"313,089",-48.69%,Equity
CSIO,Cohen & Steers Infrastructure Opportunities Active ETF,N/A,$21,N/A,N/A,Equity
AVGU,GraniteShares 2x Long AVGO Daily ETF,$29.41,$21,"117,119",-14.65%,Equity
GTPE,Goldman Sachs MSCI World Private Equity Return Tracker ETF,$52.98,$21,"1,351",2.74%,Equity
EBUF,Innovator Emerging Markets 10 Buffer ETF - Quarterly Trust Units,$29.27,$21,"7,170",1.95%,Equity
WANT,Direxion Daily Consumer Discretionary Bull 3X Shares,$45.21,$21,"20,921",-9.96%,Equity
BERZ,MicroSectors Solactive FANG & Innovation -3X Inverse Leveraged ETN,$3.36,$21,"1,621,692",18.52%,Equity
JULB,Aptus July Buffer ETF,N/A,$21,N/A,N/A,Equity
VUSG,Vanguard Wellington U.S. Growth Active ETF,N/A,$21,N/A,N/A,Equity
XTOC,Innovator U.S. Equity Accelerated Plus ETF - October,$33.49,$21,"5,162",0.04%,Equity
TESL,Simplify Volt TSLA Revolution ETF,$15.48,$21,"22,197",-10.26%,Equity
DRAI,Draco Evolution AI ETF,$29.80,$21,"7,133",-1.56%,Multi-Asset
TGLB,T. Rowe Price Global Equity ETF,$25.86,$21,"1,413",-0.94%,Equity
PBJN,PGIM S&P 500 Buffer 20 ETF - June,$30.04,$21,"2,106",0.41%,Equity
MVPL,Miller Value Partners Leverage ETF,$35.87,$21,289,-1.26%,Equity
XMAY,FT Vest U.S. Equity Enhance & Moderate Buffer ETF - May,$35.04,$21,"2,129",0.48%,Equity
TRSY,Xtrackers US 0-1 Year Treasury ETF,$30.11,$21,"13,138",0.43%,Bond
HAIL,State Street SPDR S&P Kensho Smart Mobility ETF,$35.30,$21,"2,327",6.06%,Equity
RBLD,First Trust Alerian US NextGen Infrastructure ETF,$84.70,$21,956,13.43%,Equity
OWNB,Bitwise Bitcoin Standard Corporations ETF,$18.35,$21,"26,657",-14.53%,Equity
HIBS,Direxion Daily S&P 500 High Beta Bear 3X Shares,$4.24,$21,"2,153,405",-15.87%,Equity
PSFM,Pacer Swan SOS Flex (April) ETF,$32.05,$21,"1,463",0.70%,Equity
BJK,VanEck Gaming ETF,$36.13,$21,"2,533",-11.61%,Equity
NMAR,Innovator Growth-100 Power Buffer ETF - March,$29.68,$21,"5,019",0.55%,Equity
PYPY,YieldMax PYPL Option Income Strategy ETF,$27.97,$21,"10,584",-28.88%,Equity
ICOI,Bitwise COIN Option Income Strategy ETF,$12.41,$21,"109,614",-20.33%,Equity
FORH,Formidable ETF,$24.88,$21,625,3.30%,Alternatives
QQQD,Direxion Daily Magnificent 7 Bear 1X Shares,$14.07,$21,"198,830",8.44%,Equity
PBAP,PGIM S&P 500 Buffer 20 ETF - April,$29.13,$21,"2,503",0.53%,Equity
EDZ,Direxion Daily MSCI Emerging Markets Bear 3X Shares,$25.34,$21,"123,176",-28.90%,Equity
TOPC,iShares S&P 500 3% Capped ETF,$31.48,$21,"11,333",1.58%,Equity
GDOC,Future Health Care Equity ETF,$34.37,$21,"1,552",-3.19%,Equity
ESSC,Eventide Small Cap ETF,$27.58,$21,"13,251",6.47%,Equity
XHYH,BondBloxx USD High Yield Bond Healthcare Sector ETF,$35.68,$21,"7,260",0.60%,Bond
LBAY,Leatherback Long/Short Alternative Yield ETF,$28.10,$20,"6,729",16.19%,Alternatives
CAFG,Pacer US Small Cap Cash Cows Growth Leaders ETF,$28.00,$20,"5,354",10.21%,Equity
QUBX,Tradr 2X Long QUBT Daily ETF,$12.70,$20,"362,843",-41.93%,Equity
JULZ,TrueShares Structured Outcome (July) ETF,$41.86,$20,"3,308",-0.61%,Volatility
BCDF,Horizon Kinetics Blockchain Development ETF,$29.95,$20,"2,178",-0.87%,Equity
NMBL,NovaTide Flexible Allocation ETF,N/A,$20,N/A,N/A,Multi-Asset
EMDM,First Trust Bloomberg Emerging Market Democracies ETF,$37.54,$20,"5,419",19.79%,Equity
DTAN,Sparkline International Intangible Value ETF,$33.28,$20,"4,552",6.46%,Equity
RDYY,YieldMax RDDT Option Income Strategy ETF,$21.99,$20,"39,479",-36.30%,Equity
MEMS,Matthews Emerging Markets Discovery Active ETF,$28.00,$20,"1,106",9.89%,Equity
CRWU,T-REX 2X Long CRWV Daily Target ETF,$7.95,$20,"1,504,997",57.95%,Equity
LNGX,Global X U.S. Natural Gas ETF,$40.32,$20,"11,744",12.93%,Equity
FTXG,First Trust Nasdaq Food & Beverage ETF,$23.61,$20,"20,278",12.76%,Equity
BWTG,Brendan Wood TopGun ETF,$39.65,$20,"1,498",1.14%,Equity
NOVZ,TrueShares Structured Outcome (November) ETF,$43.78,$20,"1,471",-0.17%,Equity
RHRX,RH Tactical Rotation ETF,$19.41,$20,"5,138",5.46%,Multi-Asset
PBAU,PGIM S&P 500 Buffer 20 ETF - August,$30.04,$20,"2,037",0.27%,Equity
NUGY,GraniteShares YieldBOOST Gold Miners ETF,$22.38,$20,N/A,6.93%,Equity
PSIL,AdvisorShares Psychedelics ETF,$15.93,$20,"16,495",-7.22%,Equity
OCTH,Innovator Premium Income 20 Barrier ETF - October,$23.99,$20,"2,354",0.21%,Equity
CHPX,Global X AI Semiconductor & Quantum ETF,$60.95,$20,"9,327",11.70%,Equity
ITDI,iShares LifePath Target Date 2065 ETF,$39.07,$20,"4,324",3.86%,Multi-Asset
ERY,Direxion Daily Energy Bear 2X Shares,$13.31,$20,"453,313",-33.08%,Equity
TRUD,VanEck Consumer Discretionary TruSector ETF,$24.83,$20,"63,517",-5.09%,Equity
DISO,YieldMax DIS Option Income Strategy ETF,$11.03,$20,"18,625",-5.99%,Equity
MEDX,Horizon Kinetics Medical ETF,$34.72,$20,"1,413",4.58%,Equity
RIOX,Defiance Daily Target 2X Long RIOT ETF,$8.55,$20,"579,487",21.28%,Equity
FBUF,Fidelity Dynamic Buffered Equity ETF,$30.92,$20,"7,725",0.10%,Equity
DRKY,VistaShares Target 15 DRUKMacro Distribution ETF,N/A,$20,N/A,N/A,Equity
XTAP,Innovator U.S. Equity Accelerated Plus ETF,$40.92,$19,"2,216",0.57%,Equity
TOKE,Cambria Cannabis ETF,$5.72,$19,"143,559",-7.14%,Equity
NDIV,Amplify Energy & Natural Resources Covered Call ETF,$32.31,$19,"12,010",20.33%,Equity
TSMG,Leverage Shares 2X Long TSM Daily ETF,$33.52,$19,"77,840",41.18%,Equity
CRCO,YieldMax CRCL Option Income Strategy ETF,$17.23,$19,"40,400",-21.50%,Equity
UCIB,ETRACS CMCI Total Return ETN Series B,$29.24,$19,"1,295",4.17%,Commodity
AMZP,Kurv Yield Prem Strategy Amazon ETF,$22.48,$19,"23,119",-17.67%,Equity
JUNT,AllianzIM U.S. Equity Buffer10 Jun ETF,$36.49,$19,"1,903",0.42%,Equity
OCTJ,Innovator Premium Income 30 Barrier ETF - October,$24.01,$19,"2,548",0.22%,Equity
RW,Rainwater Equity ETF,$24.78,$19,"5,484",-0.17%,Equity
CVRT,Calamos Convertible Equity Alternative ETF,$42.73,$19,"10,960",12.21%,Bond
PILL,Direxion Daily Pharmaceutical & Medical Bull 3X Shares,$12.44,$19,"136,056",1.14%,Equity
NFLW,Roundhill NFLX WeeklyPay ETF,$20.65,$19,"35,306",-21.55%,Equity
SCAP,Infrastructure Capital Small Cap Income ETF,$38.28,$19,"3,857",6.73%,Equity
UJB,ProShares Ultra High Yield,$79.80,$19,"10,465",1.01%,Bond
OVS,Overlay Shares Small Cap Equity ETF,$38.68,$19,"2,732",9.43%,Equity
DARP,Grizzle Growth ETF,$49.28,$19,"4,689",9.04%,Equity
BRKW,Roundhill BRKB WeeklyPay ETF,$43.01,$19,"15,275",-1.69%,Equity
NEWZ,StockSnips AI-Powered Sentiment US All Cap ETF,$27.98,$19,"1,506",2.98%,Equity
XOEF,iShares S&P 500 ex S&P 100 ETF,$27.60,$19,"5,498",6.75%,Equity
PEMX,Putnam Emerging Markets ex-China ETF,$75.50,$19,"1,149",17.46%,Equity
RTAI,Rareview Tax Advantaged Income ETF,$21.64,$19,"1,538",2.75%,Bond
QSU,Defiance Daily Target 2X Long QS ETF,N/A,$19,N/A,N/A,Equity
CBON,VanEck China Bond ETF,$23.19,$19,"3,371",1.68%,Bond
LOPP,Gabelli Love Our Planet & People ETF,$36.79,$19,"5,403",11.31%,Equity
DECP,PGIM S&P 500 Buffer 12 ETF - December,$30.49,$18,"6,729",0.08%,Equity
ULTI,REX IncomeMax Option Strategy ETF,$12.77,$18,"61,022",-1.21%,Equity
SRS,ProShares UltraShort Real Estate,$42.63,$18,"10,449",-13.60%,Real Estate
PAYR,Federated Hermes Enhanced Income ETF,N/A,$18,N/A,N/A,Equity
USAF,Atlas America Fund,$27.88,$18,"3,298",4.02%,Multi-Asset
JULP,PGIM S&P 500 Buffer 12 ETF - July,$30.91,$18,"3,178",0.32%,Equity
TTT,ProShares UltraPro Short 20+ Year Treasury,$61.27,$18,"8,210",-8.47%,Bond
ZTWO,F/M 2-Year Investment Grade Corporate Bond Etf,$50.97,$18,"1,221",0.66%,Bond
GGLS,Direxion Daily GOOGL Bear 1X Shares ETF,$6.94,$18,"8,810,063",2.36%,Equity
UST,ProShares Ultra 7-10 Year Treasury,$44.74,$18,"27,570",2.47%,Bond
UBRL,GraniteShares 2x Long UBER Daily ETF,$15.20,$18,"152,070",-28.37%,Equity
MOTG,VanEck Morningstar Global Wide Moat ETF,$40.33,$18,"1,800",4.02%,Equity
FMTL,First Trust Indxx Critical Metals ETF,N/A,$18,N/A,N/A,Equity
TACN,T. Rowe Price Active Core International Equity ETF,N/A,$18,N/A,N/A,Equity
BOUT,Innovator IBD Breakout Opportunities ETF,$40.07,$18,"4,008",10.38%,Equity
JULH,Innovator Premium Income 20 Barrier ETF - July,$25.01,$18,"1,394",0.32%,Equity
MSFX,T-Rex 2X Long Microsoft Daily Target ETF,$18.15,$18,"139,467",-33.64%,Equity
QTAP,Innovator Growth Accelerated Plus ETF - April,$45.09,$18,"6,981",0.66%,Equity
CRSH,YieldMax Short TSLA Option Income Strategy ETF,$25.82,$18,"38,394",5.99%,Equity
JANH,Innovator Premium Income 20 Barrier ETF - January,$24.63,$18,"10,065",-0.02%,Equity
CORO,iShares International Country Rotation Active ETF,$34.19,$18,"3,813",10.04%,Equity
SHRY,First Trust Bloomberg Shareholder Yield ETF,$44.49,$18,732,6.15%,Equity
ZTOP,F/m High Yield 100 ETF,$52.60,$18,"2,744",0.96%,Bond
QQQP,Tradr 2X Long Innovation 100 Quarterly ETF,$166.60,$18,"1,654",-4.91%,Equity
EMPB,Efficient Market Portfolio Plus ETF Trust Units,$29.59,$18,"4,868",2.62%,Multi-Asset
MEME,Roundhill Meme Stock ETF,$6.65,$18,"377,208",7.26%,Equity
ABNY,YieldMax ABNB Option Income Strategy ETF,$41.63,$18,"3,367",-11.11%,Equity
CRMG,Leverage Shares 2X Long CRM Daily ETF,$6.73,$18,"386,629",-50.91%,Equity
AGMI,Themes Silver Miners ETF,$78.31,$18,"5,435",21.04%,Equity
FMKT,Free Markets ETF,$21.99,$18,"8,827",1.90%,Equity
RSJN,FT Vest U.S. Equity Equal Weight Buffer ETF - June,$35.28,$18,"5,708",2.73%,Equity
MAYT,AllianzIM U.S. Equity Buffer10 May ETF,$37.13,$18,"1,162",0.51%,Equity
TMED,T. Rowe Price Health Care ETF,$29.46,$18,"4,410",-0.89%,Equity
SQMX,FT Vest U.S. Equity Quarterly Max Buffer ETF,$33.50,$18,"14,427",0.39%,Equity
RNEM,First Trust Emerging Markets Equity Select ETF,$57.94,$18,"1,081",4.63%,Equity
CNQQ,Rayliant-ChinaAMC Transformative China Tech ETF,$23.08,$18,"14,475",-0.70%,Equity
SROI,Calamos Antetokounmpo Global Sustainable Equities ETF,$34.65,$18,946,3.30%,Equity
FTBI,First Trust Balanced Income ETF,$21.77,$18,"6,494",2.99%,Multi-Asset
QUSA,VistaShares Target 15 USA Quality Income ETF,$18.21,$17,"17,281",1.87%,Equity
RINF,ProShares Inflation Expectations ETF,$32.15,$17,"2,654",-0.19%,Alternatives
QRFT,QRAFT AI Enhanced U.S. Large Cap ETF,$62.04,$17,"2,879",-0.61%,Equity
IREZ,Tradr 2X Short IREN Daily ETF,$27.66,$17,N/A,N/A,Equity
APRZ,TrueShares Structured Outcome (April) ETF,$37.19,$17,"2,481",-0.58%,Equity
KHYB,KraneShares Asia Pacific High Income USD Bond ETF,$24.78,$17,"3,894",1.87%,Bond
BCSM,Baron SMID Cap ETF,N/A,$17,N/A,N/A,Equity
HDMV,First Trust Horizon Managed Volatility Developed Intl ETF,$38.72,$17,"4,432",9.59%,Equity
MIG,VanEck Moody's Analytics IG Corporate Bond ETF,$21.79,$17,"6,175",1.36%,Bond
GGM,GGM Macro Alignment ETF,$28.86,$17,"1,321",5.95%,Equity
NERD,Roundhill Video Games ETF,$21.53,$17,"4,687",-10.90%,Equity
NVTX,Tradr 2X Long NVTS Daily ETF,$22.45,$17,"168,027",8.87%,Equity
JMID,Janus Henderson Mid Cap Growth Alpha ETF,$29.50,$17,"7,854",1.42%,Equity
DGIN,VanEck Digital India ETF,$36.83,$17,"4,595",-10.05%,Equity
STRN,SMART Trend 25 ETF,$22.54,$17,"28,740",2.45%,Equity
MLPD,Global X MLP & Energy Infrastructure Covered Call ETF,$25.50,$17,"11,546",3.06%,Equity
TPOR,Direxion Daily Transportation Bull 3X Shares,$36.00,$17,"23,256",19.88%,Equity
FFLV,Fidelity Fundamental Large Cap Value ETF,$26.26,$17,"7,143",7.53%,Equity
KJUN,Innovator U.S. Small Cap Power Buffer ETF - June,$28.43,$17,"3,048",1.81%,Equity
SHRT,Gotham Short Strategies ETF,$7.04,$17,"6,768",-7.55%,Equity
VUS,Virtus US Dividend ETF,N/A,$17,N/A,N/A,Equity
VRAI,Virtus Real Asset Income ETF,$26.24,$17,"2,771",13.01%,Real Estate
NOVP,PGIM S&P 500 Buffer 12 ETF - November,$30.43,$17,"4,224",-0.03%,Equity
MAGC,Roundhill China Magnificent Seven ETF,$21.89,$17,"10,225",-7.95%,Equity
QSIX,Pacer Metaurus Nasdaq 100 Dividend Multiplier 600 ETF,$36.70,$17,"4,306",-1.93%,Equity
SSG,Proshares Ultrashort Semiconductors,$27.75,$17,"118,336",-9.40%,Equity
OILD,MicroSectors Oil & Gas Exp. & Prod. -3x Inverse Leveraged ETN,$5.74,$17,"326,321",-43.78%,Commodity
COSW,Roundhill COST WeeklyPay ETF,N/A,$17,N/A,N/A,Equity
QRMI,Global X NASDAQ 100 Risk Managed Income ETF,$15.74,$17,"7,584",-0.75%,Equity
LCOW,Pacer S&P 500 Quality FCF Aristocrats ETF,$23.54,$17,"5,827",-1.64%,Equity
DIVD,Altrius Global Dividend ETF,$42.27,$17,"2,381",9.74%,Equity
LINT,Direxion Daily INTC Bull 2X ETF,$39.02,$17,N/A,41.57%,Equity
TOCT,Innovator Equity Defined Protection ETF - 2 Yr to October 2027,$26.58,$17,"8,189",0.19%,Equity
QNXT,iShares Nasdaq-100 ex Top 30 ETF,$27.70,$17,"1,511",0.44%,Equity
MARZ,TrueShares Structured Outcome (March) ETF,$34.09,$17,"1,943",-0.52%,Equity
PBMR,PGIM S&P 500 Buffer 20 ETF - March,$30.73,$17,"1,527",0.75%,Equity
JHAI,Janus Henderson Global Artificial Intelligence ETF,$27.14,$17,"6,802",-0.28%,Equity
PJFM,PGIM Jennison Focused Mid-Cap ETF,$66.09,$17,110,6.91%,Equity
YLDW,Westwood Enhanced Income Opportunity ETF,N/A,$17,N/A,N/A,Multi-Asset
ACGR,American Century Large Cap Growth ETF,$62.16,$17,"1,400",-5.88%,Equity
APRB,Aptus April Buffer ETF,N/A,$17,N/A,N/A,Equity
EZRO,AlphaDroid Defensive Sector Rotation ETF,$26.03,$17,"8,468",6.44%,Equity
UUUG,Leverage Shares 2X Long UUUU Daily ETF,$14.75,$16,N/A,N/A,Equity
CDEI,"Calvert US Large-Cap Diversity, Equity and Inclusion Index ETF",$80.81,$16,694,-2.31%,Equity
XPP,ProShares Ultra FTSE China 50,$25.96,$16,"6,624",-1.09%,Equity
ARMW,Roundhill ARM WeeklyPay ETF,N/A,$16,N/A,N/A,Equity
SCLZ,Swan Enhanced Dividend Income ETF,$53.56,$16,"1,290",-1.48%,Equity
QTOC,Innovator Growth Accelerated Plus ETF - October,$33.72,$16,"2,584",-1.37%,Equity
MSFW,Roundhill MSFT WeeklyPay ETF,$30.49,$16,"18,156",-20.21%,Equity
JULJ,Innovator Premium Income 30 Barrier ETF - July,$25.00,$16,"2,440",0.34%,Equity
MAYM,FT Vest U.S. Equity Max Buffer ETF - May,$32.35,$16,"3,000",0.45%,Equity
DTRE,First Trust Alerian Disruptive Technology Real Estate ETF,$41.84,$16,700,6.10%,Multi-Asset
SEPP,PGIM S&P 500 Buffer 12 ETF - September,$30.65,$16,"2,302",0.15%,Equity
XTJA,Innovator U.S. Equity Accelerated Plus ETF - January,$31.59,$16,"4,617",-0.12%,Equity
QLVE,FlexShares Emerging Markets Quality Low Volatility Index Fund,$31.82,$16,"1,916",8.22%,Equity
FFDI,Fidelity Fundamental Developed International ETF,$31.80,$16,"3,729",5.24%,Equity
KPDD,KraneShares 2x Long PDD Daily ETF,$8.73,$16,"75,770",-24.06%,Equity
RFCI,RiverFront Dynamic Core Income ETF,$22.85,$16,"1,897",1.06%,Bond
NBCE,Neuberger China Equity ETF,$35.94,$16,"3,111",7.33%,Equity
TNXT,T. Rowe Price Innovation Leaders ETF,$23.66,$16,N/A,N/A,Equity
HOYY,GraniteShares YieldBOOST HOOD ETF,$8.71,$16,"111,237",-26.89%,Equity
XTJL,Innovator U.S. Equity Accelerated Plus ETF - July,$39.02,$16,"2,275",0.35%,Equity
GMEY,YieldMax GME Option Income Strategy ETF,$35.77,$16,"6,256",7.96%,Equity
DLNV,FT Vest U.S. Equity Dual Directional Buffer ETF - November,N/A,$16,N/A,N/A,Equity
POW,VistaShares Electrification Supercycle ETF,N/A,$16,N/A,N/A,Equity
WDAF,WisdomTree Asia Defense Fund,$33.23,$16,"16,711",16.57%,Equity
QTJA,Innovator Growth Accelerated Plus ETF - January,$29.36,$16,"11,681",-1.52%,Equity
JCHI,JPMorgan Active China ETF Active China ETF,$55.67,$16,"1,105",1.74%,Equity
VDI,Virtus International Dividend ETF,N/A,$16,N/A,N/A,Equity
PSCM,Invesco S&P SmallCap Materials ETF,$102.62,$16,"2,319",22.06%,Equity
MAYZ,TrueShares Structured Outcome (May) ETF,$33.29,$16,"2,271",-0.55%,Equity
CEW,WisdomTree Emerging Currency Strategy Fund,$19.48,$16,"10,183",3.08%,Currency
CONI,GraniteShares 2x Short COIN Daily ETF,$91.97,$16,"243,059",34.82%,Equity
PBMY,PGIM S&P 500 Buffer 20 ETF - May,$30.16,$15,"2,067",0.48%,Equity
AUGP,PGIM S&P 500 Buffer 12 ETF - August,$31.17,$15,"2,227",0.19%,Equity
NBIG,Leverage Shares 2X Long NBIS Daily ETF,$7.73,$15,"689,941",20.04%,Equity
APRP,PGIM S&P 500 Buffer 12 ETF - April,$29.88,$15,"2,805",0.54%,Equity
BTF,CoinShares Bitcoin and Ether ETF,$19.21,$15,"23,898",-26.42%,Currency
SLTY,YieldMax Ultra Short Option Income Strategy ETF,$29.31,$15,"50,114",-7.14%,Equity
WTRE,WisdomTree New Economy Real Estate Fund,$23.73,$15,"3,490",11.46%,Real Estate
CORD,T-REX 2X Inverse CRWV Daily Target ETF,$14.16,$15,"1,025,556",-64.42%,Equity
PRVS,Parnassus Value Select ETF,$28.90,$15,"4,778",3.19%,Equity
EMIF,iShares Emerging Markets Infrastructure ETF,$30.14,$15,"5,287",13.77%,Equity
TSEP,FT Vest Emerging Market Buffer ETF - September,$25.05,$15,"12,811",5.31%,Equity
UNL,United States 12 Month Natural Gas Fund LP,$7.13,$15,"116,127",-3.39%,Commodity
CPSP,Calamos S&P 500 Structured Alt Protection ETF - April,$26.22,$15,778,0.59%,Equity
DLLL,GraniteShares 2x Long DELL Daily ETF,$19.29,$15,"90,541",-15.92%,Equity
BCHI,GMO Beyond China ETF,$34.44,$15,"3,067",12.84%,Equity
ETFT,Fundsmith Equity ETF,N/A,$15,N/A,N/A,Equity
LCDS,JPMorgan Fundamental Data Science Large Core ETF,$65.76,$15,256,0.61%,Equity
YQQQ,YieldMax Short N100 Option Income Strategy ETF,$12.39,$15,"50,422",4.54%,Equity
ION,ProShares S&P Global Core Battery Metals ETF,$58.97,$15,"11,808",14.16%,Equity
MRCP,PGIM S&P 500 Buffer 12 ETF - March,$32.28,$15,"2,373",0.81%,Equity
DRAY,YieldMax DKNG Option Income Strategy ETF,$19.40,$15,"8,840",-33.52%,Equity
FEBP,PGIM S&P 500 Buffer 12 ETF - February,$32.08,$15,"4,467",0.69%,Equity
UPW,ProShares Ultra Utilities,$25.50,$15,"15,957",17.41%,Equity
WEBS,Direxion Daily Dow Jones Internet Bear 3X Shares,$29.18,$15,"52,117",44.60%,Equity
NMAY,Innovator Growth-100 Power Buffer ETF - May,$27.87,$15,"1,827",0.11%,Equity
HCOW,Amplify COWS Covered Call ETF,$24.28,$15,"4,370",1.35%,Equity
TEXN,iShares Texas Equity ETF,$30.23,$15,"1,454",11.58%,Equity
MVRL,ETRACS Monthly Pay 1.5x Leveraged Mortgage REIT ETN,$14.98,$15,"4,916",-0.05%,Real Estate
PCLN,Pictet Cleaner Planet ETF,N/A,$15,N/A,N/A,Equity
ELIL,Direxion Daily LLY Bull 2X Shares,$25.55,$15,"134,389",-9.65%,Equity
BAIG,Leverage Shares 2X Long BBAI Daily ETF,$4.29,$15,"518,425",-50.69%,Equity
MRGR,Proshares Merger ETF,$44.77,$15,"2,152",0.60%,Alternatives
BITC,Bitwise Trendwise Bitcoin and Treasuries Rotation Strategy ETF,$36.19,$15,"9,727",-0.73%,Currency
LTL,ProShares Ultra Communication Services,$26.56,$14,"7,738",-6.51%,Equity
NDVG,Nuveen Dividend Growth ETF,$36.62,$14,635,3.26%,Equity
FPRO,Fidelity Real Estate Investment ETF,$24.20,$14,"4,383",8.56%,Equity
IONZ,Defiance Daily Target 2x Short IONQ ETF,$25.35,$14,"2,460,020",11.82%,Equity
JANJ,Innovator Premium Income 30 Barrier ETF - January,$24.65,$14,"3,394",-0.07%,Equity
BMNZ,Defiance Daily Target 2X Short BMNR ETF,N/A,$14,N/A,N/A,Equity
SMLL,Harbor Active Small Cap ETF,$19.99,$14,"5,897",0.33%,Equity
MST,Defiance Leveraged Long Income MSTR ETF,$3.71,$14,"489,896",-34.20%,Equity
SETH,ProShares Short Ether ETF,$55.28,$14,"109,006",33.52%,Currency
FEBZ,TrueShares Structured Outcome (February) ETF,$37.50,$14,"2,724",-0.37%,Equity
QBTZ,Defiance Daily Target 2x Short QBTS ETF,$10.92,$14,"3,820,379",14.38%,Equity
DECO,SPDR Galaxy Digital Asset Ecosystem ETF,$49.76,$14,"1,176",9.51%,Equity
UGE,ProShares Ultra Consumer Staples,$21.91,$14,"44,783",31.04%,Equity
TBX,ProShares Short 7-10 Year Treasury,$27.60,$14,"5,916",-0.68%,Bond
BABW,Roundhill BABA WeeklyPay ETF,N/A,$14,N/A,N/A,Equity
COPA,Themes Copper Miners ETF,$50.05,$14,"9,470",15.84%,Equity
TSNF,Truth Social American Next Frontiers ETF,N/A,$14,N/A,N/A,Equity
PSCU,Invesco S&P SmallCap Utilities & Communication Services ETF,$59.03,$14,"1,451",2.65%,Equity
AMZD,Direxion Daily AMZN Bear 1X Shares ETF,$11.61,$14,"5,481,476",15.46%,Equity
UCC,ProShares Ultra Consumer Discretionary,$48.77,$14,"3,452",-6.60%,Equity
UPV,ProShares Ultra FTSE Europe,$100.28,$14,"1,165",11.44%,Equity
CLCV,Crossmark Large Cap Value ETF,$27.08,$14,"3,621",1.77%,Equity
LOCT,Innovator Premium Income 15 Buffer ETF - October,$23.83,$14,"3,524",0.26%,Equity
MAYP,PGIM S&P 500 Buffer 12 ETF - May,$31.07,$14,"2,241",0.49%,Equity
KMAY,Innovator U.S. Small Cap Power Buffer ETF - May,$28.70,$14,"5,960",1.44%,Equity
INDE,Matthews India Active ETF,$29.35,$14,"4,773",-2.19%,Equity
WTIP,WisdomTree Inflation Plus Fund,$33.17,$14,"7,744",-1.03%,Multi-Asset
QOWZ,Invesco Nasdaq Free Cash Flow Achievers ETF,$33.38,$14,"1,308",-6.81%,Equity
BMAX,REX Bitcoin Corporate Treasury Convertible Bond ETF,$23.04,$14,"2,957",0.01%,Bond
SPUT,Innovator Equity Premium Income - Daily PutWrite ETF,$27.10,$14,"7,711",-0.41%,Equity
QQQS,Invesco NASDAQ Future Gen 200 ETF,$35.16,$14,"6,095",3.12%,Equity
SPYQ,Tradr 2X Long SPY Quarterly ETF,$160.38,$14,"1,133",-0.95%,Equity
WAR,U.S. Global Technology and Aerospace & Defense ETF,$24.86,$14,"14,587",7.67%,Equity
VWID,Virtus WMC International Dividend ETF,$38.66,$14,"1,078",8.09%,Equity
TALV,Transamerica Large Value Active ETF,N/A,$14,N/A,N/A,Equity
LJAN,Innovator Premium Income 15 Buffer ETF - January,$24.53,$14,"4,435",0.21%,Equity
RBLY,YieldMax RBLX Option Income Strategy ETF,$21.83,$14,"7,652",-19.84%,Equity
FTAG,First Trust Indxx Global Agriculture ETF,$30.54,$14,"5,798",16.19%,Equity
SZNE,Pacer CFRA-Stovall Equal Weight Seasonal Rotation ETF,$38.17,$13,865,9.36%,Equity
NBGX,Neuberger Growth ETF,$26.54,$13,984,-5.29%,Equity
DUKQ,Ocean Park Domestic ETF,$28.37,$13,"2,933",1.81%,Equity
XQQI,NEOS Boosted Nasdaq-100 High Income ETF,$47.09,$13,N/A,N/A,Equity
RULE,Collaborative Investment Series Trust - Adaptive Core ETF,$25.27,$13,"1,040",10.23%,Multi-Asset
PQOC,PGIM Nasdaq-100 Buffer 12 ETF - October,$28.33,$13,"8,063",-0.99%,Equity
VNSE,Natixis Vaughan Nelson Select ETF,$38.59,$13,322,0.40%,Equity
GOLS,Gabelli Opportunities in Live and Sports ETF,N/A,$13,N/A,N/A,Equity
IMST,Bitwise MSTR Option Income Strategy ETF,$11.51,$13,"38,308",-4.57%,Equity
CRMX,Tradr 2X Long CRML Daily ETF,$6.65,$13,N/A,N/A,Equity
ARCX,Tradr 2X Long ACHR Daily ETF,$27.14,$13,"51,906",-24.27%,Equity
LQPE,PEO AlphaQuest Thematic PE ETF,$18.24,$13,398,-3.77%,Equity
IVSS,Applied Finance IVS US SMID ETF,$27.35,$13,N/A,8.46%,Equity
SMUP,T-REX 2X Long SMR Daily Target ETF,$0.79,$13,"1,213,910",-91.51%,Equity
RBLU,T-REX 2X Long RBLX Daily Target ETF,$15.82,$13,"118,913",-45.71%,Equity
CANE,Teucrium Sugar Fund,$9.03,$13,"56,938",-7.43%,Commodity
EVLU,iShares MSCI Emerging Markets Value Factor ETF,$35.88,$13,"4,863",11.91%,Equity
DVGR,DAC 3D Dividend Growth ETF,$25.68,$13,N/A,3.34%,Equity
XLVI,State Street Health Care Select Sector SPDR Premium Income ETF,$26.77,$13,"11,716",2.14%,Equity
BUYO,KraneShares Man Buyout Beta Index ETF,$29.15,$13,"1,430",4.81%,Equity
JUNZ,TrueShares Structured Outcome (June) ETF,$32.53,$13,"1,481",-0.47%,Equity
OPEX,Tradr 2X Long OPEN Daily ETF,$7.22,$13,"311,984",-48.79%,Equity
CUSD,CrossingBridge Ultra-Short Duration ETF,$19.24,$13,"13,368",1.26%,Equity
PQAP,PGIM Nasdaq-100 Buffer 12 ETF - April,$28.73,$13,"7,360",0.41%,Equity
QCML,GraniteShares 2x Long QCOM Daily ETF,$13.95,$13,"86,843",-34.48%,Equity
REFA,Columbia Research Enhanced International Equity ETF,$25.27,$13,559,-1.72%,Equity
LDRI,iShares iBonds 1-5 Year TIPS Ladder ETF,$25.34,$13,"6,100",0.41%,Bond
CLSX,Tradr 2X Long CLSK Daily ETF,$12.42,$13,"724,705",-23.38%,Equity
IVRA,Invesco Real Assets ESG ETF,$18.08,$13,"7,083",12.57%,Equity
SOUX,Defiance Daily Target 2X Long SOUN ETF,$5.37,$13,"311,379",-50.66%,Equity
SNPG,Xtrackers S&P 500 Growth Scored & Screened ETF,$51.23,$13,"1,257",-3.91%,Equity
MPLY,Strategy Shares Monopoly ETF,$29.17,$13,"1,957",-3.59%,Equity
HOOX,Defiance Daily Target 2X Long HOOD ETF,$8.30,$12,"291,805",-59.85%,Equity
BITY,Amplify Bitcoin 2% Monthly Option Income ETF,$30.91,$12,"10,486",-19.52%,Currency
WULX,Tradr 2X Long WULF Daily ETF,$27.60,$12,"274,022",69.22%,Equity
JIDE,JPMorgan International Dynamic ETF,N/A,$12,N/A,N/A,Equity
CPSU,Calamos S&P 500 Structured Alt Protection Etf June,$27.19,$12,735,0.39%,Equity
EEMO,Invesco S&P Emerging Markets Momentum ETF,$18.70,$12,"3,670",6.53%,Equity
BETH,ProShares Bitcoin & Ether Market Cap Weight ETF,$39.02,$12,"7,210",-23.53%,Currency
SEA,U.S. Global Sea to Sky Cargo ETF,$16.16,$12,"13,543",13.61%,Equity
TSSD,Truth Social American Security & Defense ETF,N/A,$12,N/A,N/A,Equity
SPDG,State Street SPDR Portfolio S&P Sector Neutral Dividend ETF,$44.46,$12,"2,467",9.03%,Equity
BFIX,Build Bond Innovation ETF,$25.59,$12,"2,094",1.51%,Multi-Asset
BDCZ,ETRACS MarketVector Business Development Companies Liquid Index ETN,$15.73,$12,"1,732",-6.56%,Equity
XLEI,State Street Energy Select Sector SPDR Premium Income ETF,$26.16,$12,"14,810",9.51%,Equity
MKAM,MKAM ETF,$30.74,$12,"2,287",-0.03%,Multi-Asset
TFNS,T. Rowe Price Financials ETF,$26.31,$12,867,-4.29%,Equity
QQHG,Invesco QQQ Hedged Advantage ETF,$59.65,$12,408,-0.65%,Equity
BRAZ,Global X Brazil Active ETF,$32.45,$12,"3,517",18.73%,Equity
DULL,MicroSectors Gold -3X Inverse Leveraged ETNs,$0.92,$12,"763,670",-45.54%,Equity
TDAX,TDAQ Lift ETF,$22.07,$12,N/A,N/A,Equity
AFSC,abrdn Focused U.S. Small Cap Active ETF,$32.96,$12,"2,389",8.26%,Equity
TACU,T. Rowe Price Active Core U.S. Equity ETF,N/A,$12,N/A,N/A,Equity
OILT,Texas Capital Texas Oil Index ETF,$26.92,$12,"2,086",17.10%,Equity
MBNE,State Street Nuveen Municipal Bond ESG ETF,$29.38,$12,"2,863",1.38%,Bond
JHID,John Hancock International High Dividend ETF,$42.07,$12,"1,044",10.47%,Equity
ESLG,Eventide Large Cap Growth ETF,$24.74,$12,"7,314",-0.87%,Equity
SUPP,TCW Transform Supply Chain ETF,$76.72,$12,243,9.81%,Equity
UNHW,Roundhill UNH WeeklyPay ETF,N/A,$12,N/A,N/A,Equity
MEMA,Man Active Emerging Markets Alternative ETF,$28.84,$11,N/A,11.78%,Equity
EZMO,AlphaDroid Broad Markets Momentum ETF,$27.72,$11,"5,840",5.30%,Multi-Asset
GRN,iPath Series B Carbon Exchange-Traded Notes,$27.68,$11,835,-19.08%,Commodity
RJVI,RJ Eagle Vertical Income ETF,N/A,$11,N/A,N/A,Multi-Asset
SHPU,Direxion Daily SHOP Bull 2X ETF,$13.24,$11,"70,944",-54.61%,Equity
PEX,ProShares Global Listed Private Equity ETF,$23.94,$11,"3,879",-3.11%,Equity
INDF, Range India Financials ETF,$31.25,$11,"3,528",8.16%,Equity
BALQ,iShares Nasdaq Premium Income Active ETF,$48.36,$11,N/A,-1.27%,Equity
TENJ,iShares Large Cap 10% Target Buffer Jun ETF,N/A,$11,N/A,N/A,Equity
NWLG,Nuveen Winslow Large-Cap Growth ESG ETF,$35.57,$11,298,-6.48%,Equity
QQQA,ProShares Nasdaq-100 Dorsey Wright Momentum ETF,$53.28,$11,"4,352",6.56%,Equity
INVN,Alger Russell Innovation ETF,$19.32,$11,"3,159",-10.74%,Equity
AMYY,GraniteShares YieldBOOST AMD ETF,$18.23,$11,"28,613",-10.91%,Equity
CIFU,T-REX 2X Long CIFR Daily Target ETF,N/A,$11,N/A,N/A,Equity
TYLG,Global X Information Technology Covered Call & Growth ETF,$35.28,$11,"1,398",-2.09%,Equity
HEMI,Hartford Equity Premium Income ETF,N/A,$11,N/A,N/A,Equity
UBEW,Roundhill UBER WeeklyPay ETF,N/A,$11,N/A,N/A,Equity
CPNM,Calamos Nasdaq-100 Structured Alt Protection ETF - March,$26.16,$11,"1,840",0.56%,Equity
EQRR,ProShares Equities for Rising Rates ETF,$68.30,$11,490,6.11%,Equity
DJTU,T-REX 2X Long DJT Daily Target ETF,$2.49,$11,"1,301,270",-36.64%,Equity
ABCS,Alpha Blue Capital US Small-Mid Cap Dynamic ETF,$31.35,$11,"3,111",3.05%,Equity
NVDB,ProShares Ultra NVDA,N/A,$11,N/A,N/A,Equity
SNOU,T-REX 2X Long SNOW Daily Target ETF,$27.11,$11,"67,249",-35.00%,Equity
PST,ProShares UltraShort 7-10 Year Treasury,$21.69,$11,"8,689",-2.03%,Bond
XHYE,BondBloxx USD High Yield Bond Energy Sector ETF,$39.21,$11,"1,462",2.22%,Bond
FEAT,YieldMax Dorsey Wright Featured 5 Income ETF,$19.43,$11,"24,246",-17.02%,Equity
EQLT,iShares MSCI Emerging Markets Quality Factor ETF,$33.80,$11,"3,141",10.62%,Equity
QBUL,TrueShares Quarterly Bull Hedge ETF,$23.64,$11,"7,222",-0.66%,Multi-Asset
TLTI,NEOS Enhanced Income 20+ Year Treasury Bond ETF,$47.10,$11,"6,235",3.26%,Bond
CCUP,T-REX 2X Long CRCL Daily Target ETF,$2.27,$11,"1,239,562",-47.70%,Equity
EVMT,Invesco Electric Vehicle Metals Commodity Strategy No K-1 ETF,$17.20,$11,"13,354",1.47%,Commodity
RDOG,ALPS REIT Dividend Dogs ETF,$38.41,$11,"3,402",7.02%,Real Estate
CAS,Simplify China A Shares PLUS Income ETF,$26.33,$11,935,6.39%,Equity
EMES,Harbor Emerging Markets Select ETF,$24.91,$11,471,10.92%,Equity
MNRS,Grayscale Bitcoin Miners ETF,$31.22,$11,"11,084",3.97%,Equity
TEMX,Touchstone Sands Capital Emerging Markets ex-China Growth ETF,$32.45,$10,435,9.40%,Equity
EVNT,AltShares Event-Driven ETF,$11.65,$10,"6,698",1.00%,Alternatives
AGIQ,SoFi Agentic AI ETF,$21.68,$10,"8,541",-4.62%,Equity
CPII,American Beacon Ionic Inflation Protection ETF,$18.93,$10,360,0.21%,Bond
ERET,iShares Environmentally Aware Real Estate ETF,$29.22,$10,"1,513",9.42%,Equity
TAPR,Innovator Equity Defined Protection ETF - 2 Yr to April 2027,$25.96,$10,"1,870",0.32%,Bond
KMAR,Innovator U.S. Small Cap Power Buffer ETF - March,$29.59,$10,"2,221",3.21%,Equity
QSML,WisdomTree U.S. SmallCap Quality Growth Fund,$29.56,$10,519,2.70%,Equity
AVS,Direxion Daily AVGO Bear 1X Shares,$9.92,$10,"1,110,902",4.97%,Equity
TIME,Clockwise Core Equity & Innovation ETF,$23.99,$10,"8,708",-3.09%,Equity
FEAC,Fidelity Enhanced U.S. All-Cap Equity ETF,$29.12,$10,"2,405",0.25%,Equity
FDTS,First Trust Developed Markets ex-US Small Cap AlphaDEX Fund,$69.64,$10,"1,637",19.33%,Equity
PWER,Nomura Energy Transition ETF,$40.14,$10,"1,386",14.64%,Equity
VEM,Virtus Emerging Markets Dividend ETF,N/A,$10,N/A,N/A,Equity
ARWG,Archer Growth ETF,N/A,$10,N/A,N/A,Equity
PJBF,PGIM Jennison Better Future ETF,$59.39,$10,468,-5.83%,Equity
MAPP,Harbor Multi-Asset Explorer ETF,$27.23,$10,"1,571",3.97%,Multi-Asset
GMUN,Goldman Sachs Access Municipal Bond ETF,$51.34,$10,"1,210",1.67%,Bond
EBIT,Harbor AlphaEdge Small Cap Earners ETF,$36.78,$10,"1,467",9.53%,Equity
PQNT,Pictet AI Enhanced International Equity ETF,N/A,$10,N/A,N/A,Equity
SKF,ProShares UltraShort Financials,$28.59,$10,"17,306",12.47%,Equity
PBOT,Pictet AI & Automation ETF,N/A,$10,N/A,N/A,Equity
TSES,Truth Social American Energy Security ETF,N/A,$10,N/A,N/A,Equity
FLAO,AllianzIM U.S. Equity 6 Month Floor5 Apr/Oct ETF,$28.48,$10,"1,317",0.20%,Equity
FOWF,Pacer Solactive Whitney Future of Warfare ETF,$34.23,$10,"4,832",10.06%,Equity
REK,ProShares Short Real Estate,$16.06,$10,"11,483",-6.67%,Real Estate
RDTY,YieldMax R2000 0DTE Covered Strategy ETF,$39.99,$10,"8,600",5.97%,Equity
MLPR,ETRACS Quarterly Pay 1.5x Leveraged Alerian MLP Index ETN,$68.48,$10,940,17.31%,Equity
DDXX,Defined Duration 20 ETF,N/A,$10,N/A,N/A,Equity
DIVG,Invesco S&P 500 High Dividend Growers ETF,$35.58,$10,"1,295",9.26%,Equity
USAX,Tradr 2X Long USAR Daily ETF,$24.36,$10,N/A,N/A,Equity
TSYX,TSPY Lift ETF,$23.20,$10,N/A,N/A,Equity
PQJL,PGIM Nasdaq-100 Buffer 12 ETF - July,$28.84,$10,"6,854",-0.60%,Equity
SPAQ,Horizon Kinetics SPAC Active ETF,$91.08,$10,483,0.45%,Equity
ORCS,Direxion Daily ORCL Bear 1X ETF,$32.26,$10,N/A,17.86%,Equity
JDIV,JPMorgan Dividend Leaders ETF,$56.12,$10,527,4.68%,Equity
GBXC,Goldman Sachs U.S. Large Cap Buffer 3 ETF,$26.98,$10,"1,329",-0.34%,Equity
BMED,iShares Health Innovation Active ETF,$30.48,$10,"5,192",0.51%,Equity
EPV,ProShares UltraShort FTSE Europe,$19.51,$10,"20,670",-10.70%,Equity
SMYY,GraniteShares YieldBOOST SMCI ETF,$10.65,$10,"30,278",-6.94%,Equity
FLJJ,AllianzIM U.S. Equity 6 Month Floor5 Jan/Jul ETF,$32.08,$10,"1,681",0.18%,Equity
LUNL,Defiance Daily Target 2X Long LUNR ETF,N/A,$10,N/A,N/A,Equity
BUFX,FT Vest Laddered Enhance Moderate Buffer ETF,$21.29,$10,"2,386",0.22%,Equity
RGTU,Tradr 2X Long RGTI Daily ETF,$6.84,$10,"427,205",-54.52%,Equity
GSIG,Goldman Sachs Access Investment Grade Corporate 1-5 Year Bond ETF,$47.87,$10,933,0.80%,Bond
TQQY,GraniteShares YieldBOOST QQQ ETF,$14.34,$10,"22,973",-4.04%,Equity
QQQG,Pacer Nasdaq 100 Top 50 Cash Cows Growth Leaders ETF,$23.41,$10,"4,024",-3.23%,Equity
HIYY,YieldMax HIMS Option Income Strategy ETF,$12.31,$10,"14,195",-45.81%,Equity
SEF,ProShares Short Financials,$32.70,$9,"9,703",6.56%,Equity
GLXU,T-REX 2X Long GLXY Daily Target ETF,$7.96,$9,"175,667",-23.97%,Equity
GBXA,Goldman Sachs U.S. Large Cap Buffer 1 ETF,$27.29,$9,"29,611",0.03%,Equity
JHDV,John Hancock U.S. High Dividend ETF,$41.99,$9,114,5.49%,Equity
TYO,Direxion Daily 7-10 Year Treasury Bear 3x Shares,$12.93,$9,"23,357",-2.60%,Bond
BDVG,IMGP Berkshire Dividend Growth ETF,$13.65,$9,"3,163",6.53%,Equity
HAUS,Residential REIT ETF ,$18.37,$9,"5,410",3.49%,Equity
ITDJ,iShares LifePath Target Date 2070 ETF,$30.38,$9,"4,032",3.85%,Multi-Asset
HOOZ,Defiance Daily Target 2X Short HOOD ETF,N/A,$9,N/A,N/A,Equity
DEFI,Hashdex Bitcoin ETF,$77.92,$9,"1,116",-21.23%,Currency
VNIE,Vontobel International Equity Active ETF,$26.02,$9,968,4.22%,Equity
BAGY,Amplify Bitcoin Max Income Covered Call ETF,$29.03,$9,"8,897",-18.42%,Currency
FDND,FT Vest Dow Jones Internet & Target Income ETF,$19.72,$9,"2,559",-11.82%,Equity
CEGX,Tradr 2X Long CEG Daily ETF,$17.68,$9,"49,754",-36.79%,Equity
RKLZ,Defiance Daily Target 2x Short RKLB ETF,$3.86,$9,N/A,-24.93%,Equity
MOTO,Guinness Atkinson Smart Transportation & Technology ETF,$59.72,$9,330,12.18%,Equity
CSEX,Tradr 2X Long CLS Daily ETF,$14.30,$9,"151,049",-17.96%,Equity
RHTX,RH Tactical Outlook ETF,$19.42,$9,857,3.80%,Multi-Asset
TDEC,FT Vest Emerging Markets Buffer ETF - December,$25.42,$9,"11,343",5.40%,Equity
AAPX,T-Rex 2X Long Apple Daily Target ETF,$26.40,$9,"181,811",-13.39%,Equity
DIPS,YieldMax Short NVDA Option Income Strategy ETF,$50.34,$9,"7,064",1.15%,Equity
EUM,ProShares Short MSCI Emerging Markets,$18.03,$9,"60,352",-10.21%,Equity
MSFD,Direxion Daily MSFT Bear 1X Shares ETF,$13.72,$9,"524,700",19.15%,Equity
JDOC,JPMorgan Healthcare Leaders ETF,$58.99,$9,940,1.96%,Equity
IOPP,Simplify Tara India Opportunities ETF,$26.84,$9,"2,765",-1.36%,Equity
AVIE,Avantis Inflation Focused Equity ETF,$73.03,$9,827,11.02%,Equity
DUG,ProShares UltraShort Energy,$21.70,$9,"37,246",-33.25%,Equity
WRND,NYLI Global Equity R&D Leaders ETF,$38.42,$9,825,3.65%,Equity
BPAY,iShares FinTech Active ETF,$23.53,$9,"3,198",-13.32%,Equity
RITA,ETFB Green SRI REITs ETF,$20.67,$9,"1,271",6.66%,Equity
SATO,Invesco Alerian Galaxy Crypto Economy ETF,$15.97,$9,"6,346",-10.00%,Equity
ENHU,iShares Enhanced Large Cap Core Active ETF,$25.27,$9,0,0.14%,Equity
MBBB,VanEck Moody's Analytics BBB Corporate Bond ETF,$21.87,$9,"6,524",1.31%,Bond
SIMS,State Street SPDR S&P Kensho Intelligent Structures ETF,$45.14,$9,"1,370",7.57%,Equity
BGRO,iShares Large Cap Growth Active ETF,$36.74,$9,530,-4.05%,Equity
BELT,iShares U.S. Select Equity Active ETF,$33.53,$9,652,-0.22%,Equity
IOYY,GraniteShares YieldBOOST IONQ ETF,$12.24,$9,"45,800",-17.04%,Equity
BWET,Breakwave Tanker Shipping ETF,$38.54,$9,"20,832",100.06%,Commodity
AMDD,Direxion Daily AMD Bear 1X Shares,$9.18,$8,"7,542,078",-2.44%,Equity
BETE,ProShares Bitcoin & Ether Equal Weight ETF,$33.53,$8,"8,989",-27.12%,Currency
EAOM,iShares ESG Aware 40/60 Moderate Allocation ETF,$30.64,$8,"1,425",2.05%,Multi-Asset
EUDV,ProShares MSCI Europe Dividend Growers ETF,$54.73,$8,"1,040",4.73%,Equity
WDGF,WisdomTree Global Defense Fund,$34.09,$8,"7,581",11.46%,Equity
LJUL,Innovator Premium Income 15 Buffer ETF - July,$23.97,$8,"3,906",0.38%,Equity
EAOK,iShares ESG Aware 30/70 Conservative Allocation ETF,$27.98,$8,"1,448",1.89%,Multi-Asset
FLSA,Franklin FTSE Saudi Arabia Fund,$33.66,$8,"12,297",7.29%,Equity
ACSV,American Century Small Cap Value Insights ETF,$44.26,$8,"1,087",8.65%,Equity
EOSU,T-REX 2X Long EOSE Daily Target ETF,N/A,$8,N/A,N/A,Equity
MFUL,Collaborative Investment - Mindful Conservative ETF,$22.16,$8,"11,625",1.93%,Multi-Asset
XOMX,Direxion Daily XOM Bull 2X Shares,$43.92,$8,"27,457",51.58%,Equity
MSFY,Kurv Yield Premium Strategy Microsoft (MSFT) ETF,$18.84,$8,"12,959",-18.85%,Equity
UDI,USCF Dividend Income Fund,$34.54,$8,"2,427",7.71%,Equity
RYLG,Global X Russell 2000 Covered Call & Growth ETF,$23.12,$8,"3,789",5.13%,Equity
WEED,Roundhill Cannabis ETF,$16.90,$8,"54,895",-14.83%,Equity
PALU,Direxion Daily PANW Bull 2X Shares,$14.25,$8,"53,760",-20.39%,Equity
VSTL,Defiance Daily Target 2X Long VST ETF,$13.08,$8,"127,129",4.47%,Equity
ACSG,American Century Small Cap Growth Insights ETF,$42.13,$8,"1,351",3.17%,Equity
RKNG,Defiance Retail Kings ETF,$20.66,$8,N/A,N/A,Equity
EFZ,ProShares Short MSCI EAFE,$11.75,$8,"24,767",-7.24%,Equity
TFJL,Innovator 20+ Year Treasury Bond 5 Floor ETF - July,$20.30,$8,"2,171",2.57%,Bond
HIYS,Invesco High Yield Select ETF,$25.81,$8,"1,462",1.10%,Bond
PDDL,GraniteShares 2x Long PDD Daily ETF,$21.46,$8,"15,373",-23.78%,Equity
GXDW,Global X Dorsey Wright Thematic ETF,$23.43,$8,"1,205",-2.25%,Equity
WCEO,Hypatia Women CEO ETF,$34.32,$8,"1,041",4.08%,Equity
GGRW,Gabelli Growth Innovators ETF,$33.98,$8,"1,030",-3.64%,Equity
RVNL,GraniteShares 2x Long RIVN Daily ETF,$41.91,$8,"71,802",-25.87%,Equity
HOLD,Harbor Alpha Layering ETF,$31.65,$8,"2,098",3.96%,Bond
UXAP,FT Vest U.S. Equity Uncapped Accelerator ETF - April,$38.78,$8,537,-0.45%,Equity
CEFD,ETRACS Monthly Pay 1.5x Leveraged Closed-End Fund Index ETN,$19.39,$8,"2,324",0.82%,Multi-Asset
FIGG,Leverage Shares 2x Long FIG Daily ETF,$1.51,$8,"539,400",-66.90%,Equity
XSPI,NEOS Boosted S&P 500 High Income ETF,$48.19,$8,N/A,N/A,Equity
EWV,ProShares UltraShort MSCI Japan,$18.75,$8,"20,587",-25.95%,Equity
APXM,FT Vest U.S. Equity Max Buffer ETF - April,$31.18,$8,976,0.45%,Equity
SCDS,JPMorgan Fundamental Data Science Small Core ETF,$64.38,$8,611,7.22%,Equity
SCDL,ETRACS 2x Leveraged U.S. Dividend Factor TR ETN,$51.53,$8,589,30.16%,Equity
KCAI,KraneShares China Alpha Index ETF,$30.75,$8,"1,762",0.87%,Equity
FDRX,Founder-Led 2X Daily ETF,$19.38,$8,N/A,N/A,Equity
KDVD,Keeley Dividend ETF,N/A,$8,N/A,N/A,Equity
LBO,WHITEWOLF Publicly Listed Private Equity ETF,$26.03,$8,"2,398",-9.80%,Equity
MPL,Defiance Daily Target 2X Long MP ETF,N/A,$8,N/A,N/A,Equity
AUAU,Global X Gold Miners ETF,N/A,$8,N/A,N/A,Equity
ESIX,State Street SPDR S&P SmallCap 600 ESG ETF,$33.92,$8,540,7.83%,Equity
IVSI,Applied Finance IVS International Large ETF,$28.05,$8,N/A,9.11%,Equity
ONDG,Leverage Shares 2X Long ONDS Daily ETF,$6.43,$8,N/A,N/A,Equity
GGTL,Gabelli Global Technology Leaders ETF,$32.18,$8,762,0.71%,Equity
QQJG,Invesco ESG NASDAQ Next Gen 100 ETF,$27.27,$8,"1,590",-1.79%,Equity
XLUI,State Street Utilities Select Sector SPDR Premium Income ETF,$24.95,$8,"9,384",5.38%,Equity
IVRS,iShares Future Metaverse Tech and Communications ETF,$30.06,$8,"1,452",-12.68%,Equity
DWSH,AdvisorShares Dorsey Wright Short ETF,$6.20,$8,"45,562",-3.80%,Equity
EMDV,ProShares MSCI Emerging Markets Dividend Growers ETF,$48.09,$8,317,2.98%,Equity
FLYU,MicroSectors Travel 3x Leveraged ETN,$42.57,$8,"1,032",-23.03%,Equity
MCDS,JPMorgan Fundamental Data Science Mid Core ETF,$61.99,$7,133,5.84%,Equity
ANEW,ProShares MSCI Transformational Changes ETF,$48.83,$7,248,-2.79%,Equity
TOT,LionShares U.S. Equity Total Return ETF,$21.40,$7,"2,360",0.25%,Equity
EPEM,Harbor Emerging Markets Equity ETF,$27.00,$7,595,15.48%,Equity
BCGD,Baron Global Durable Advantage ETF,N/A,$7,N/A,N/A,Equity
ESMV,iShares ESG Optimized MSCI USA Min Vol Factor ETF,$29.54,$7,600,2.45%,Equity
BNDD,Quadratic Deflation ETF,$97.65,$7,"2,514",1.97%,Bond
PSWD,Xtrackers Cybersecurity Select Equity ETF,$32.70,$7,473,-1.09%,Equity
USGG,Leverage Shares 2X Long USAR Daily ETF,$14.75,$7,N/A,N/A,Equity
AVXX,Defiance Daily Target 2x Long AVAV ETF,$7.00,$7,"141,787",-12.03%,Equity
VICE,AdvisorShares Vice ETF,$32.39,$7,457,2.00%,Equity
NFXS,Direxion Daily NFLX Bear 1X Shares,$21.07,$7,"94,044",22.01%,Equity
ROPE,Coastal Compass 100 ETF,$29.33,$7,"1,713",8.47%,Equity
SPCX,SPAC and New Issue ETF,$21.90,$7,"1,273",0.54%,Equity
COTG,Leverage Shares 2X Long COST Daily ETF,$15.84,$7,"94,759",37.19%,Equity
ALRG,Allspring LT Large Core ETF,$27.39,$7,419,-0.82%,Equity
AETH,Bitwise Trendwise Ether and Treasuries Rotation Strategy ETF,$35.07,$7,"2,035",-2.99%,Currency
BBB,Cyber Hornet S&P 500 and Bitcoin 75/25 Strategy ETF,$27.80,$7,"2,730",-5.65%,Multi-Asset
UXJA,FT Vest U.S. Equity Uncapped Accelerator ETF - January,$34.35,$7,"3,437",-0.24%,Equity
CTEX,ProShares S&P Kensho Cleantech ETF,$38.71,$7,"3,817",9.92%,Equity
ANEL,Defiance Daily Target 2x Long ANET ETF,$17.87,$7,"67,757",10.37%,Equity
EPIN,Harbor International Equity ETF,$24.92,$7,256,9.33%,Equity
BILD,Nomura Global Listed Infrastructure ETF,$31.24,$7,"1,378",10.98%,Equity
SAWS,AAM Sawgrass US Small Cap Quality Growth ETF,$22.63,$7,"5,498",7.22%,Equity
BUYZ,Franklin Disruptive Commerce ETF,$32.60,$7,905,-18.74%,Equity
BDCX,ETRACS Quarterly Pay 1.5x Leveraged MarketVector BDC Liquid Index ETN,$22.03,$7,"2,592",-9.67%,Equity
IQRA,NYLI CBRE Real Assets ETF,$30.86,$7,105,9.97%,Equity
NSCR,Nuveen Sustainable Core ETF,$30.52,$7,333,-1.85%,Equity
RSMR,FT Vest U.S. Equity Equal Weight Buffer ETF - March,$22.50,$7,"2,414",2.50%,Equity
NFLP,Kurv Yield Prem Stratgey Netflix ETF,$21.62,$7,"8,297",-20.04%,Equity
TINY,ProShares Nanotechnology ETF,$66.83,$7,976,25.56%,Equity
ULE,ProShares Ultra Euro,$13.39,$7,"12,341",1.78%,Currency
UXJL,FT Vest U.S. Equity Uncapped Accelerator ETF - July,$32.78,$7,"2,498",-0.48%,Equity
BNGE,First Trust S-Network Streaming and Gaming ETF,$31.61,$7,"2,075",-15.83%,Equity
ADVE,Matthews Asia Dividend Active ETF,$44.59,$7,"2,019",13.87%,Equity
SPXD,Xtrackers S&P 500 Diversified Sector Weight ETF,$27.52,$7,"1,824",6.24%,Equity
CLIX,ProShares Long Online/Short Stores ETF,$50.55,$7,648,-16.38%,Alternatives
METD,Direxion Daily META Bear 1X Shares,$16.12,$7,"477,835",1.72%,Equity
JPAN,Matthews Japan Active ETF,$41.04,$7,"1,290",14.60%,Equity
KROP,Global X AgTech & Food Innovation ETF,$35.91,$7,"1,690",18.37%,Equity
EDGE,MRBL Enhanced Equity ETF,$45.38,$6,533,-0.05%,Equity
PLYY,GraniteShares YieldBOOST PLTR ETF,$13.19,$6,"18,410",-22.13%,Equity
TTDU,T-REX 2X Long TTD Daily Target ETF,$6.94,$6,"83,594",-56.75%,Equity
MID,American Century Mid Cap Growth Impact,$65.77,$6,"7,122",0.93%,Equity
BULG,Leverage Shares 2X Long BULL Daily ETF,$1.74,$6,"399,606",-46.13%,Equity
FUTG,Leverage Shares 2x Long FUTU Daily ETF,$10.90,$6,"52,652",-23.81%,Equity
XRPM,Amplify XRP 3% Monthly Premium Income ETF,N/A,$6,N/A,N/A,Currency
INDH,WisdomTree India Hedged Equity Fund,$41.54,$6,"1,732",-1.94%,Equity
RDWU,T-REX 2X Long RDW Daily Target ETF,N/A,$6,N/A,N/A,Equity
LAPR,Innovator Premium Income 15 Buffer ETF - April,$25.14,$6,"1,048",0.46%,Equity
KNOW,Fundamentals First ETF,$12.50,$6,511,9.51%,Alternatives
PONX,Tradr 2X Long PONY Daily ETF,$17.13,$6,"29,419",-13.89%,Equity
RTYY,GraniteShares YieldBoost RIOT ETF,$16.02,$6,N/A,-3.23%,Equity
TEC,Harbor Transformative Technologies ETF,$26.83,$6,638,-4.88%,Equity
XCNY,State Street SPDR S&P Emerging Markets ex-China ETF,$30.75,$6,"1,481",9.44%,Equity
LMTL,Direxion Daily LMT Bull 2X ETF,$53.00,$6,"18,463",76.34%,Equity
JETU,MAX Airlines 3X Leveraged ETNs,$37.65,$6,"1,046",26.43%,Equity
LYLD,Cambria Large Cap Shareholder Yield ETF,$30.45,$6,724,9.37%,Equity
ESIM,Eventide International ETF,N/A,$6,N/A,N/A,Equity
BEEZ,Honeytree U.S. Equity ETF,$34.05,$6,"1,613",3.80%,Equity
UPGR,Xtrackers US Green Infrastructure Select Equity ETF,$26.35,$6,"1,662",8.95%,Equity
LITL,Simplify Piper Sandler US Small-Cap PLUS Income ETF,$30.26,$6,294,2.62%,Equity
MFIG,Motley Fool Innovative Growth ETF,$18.62,$6,N/A,-6.88%,Equity
WZRD,Opportunistic Trader ETF,$14.57,$6,"10,960",-33.85%,Multi-Asset
TAGS,Teucrium Agricultural Fund,$23.11,$6,"3,311",0.82%,Commodity
DYLG,Global X Dow 30 Covered Call & Growth ETF,$27.16,$6,"5,408",2.42%,Equity
BBLB,JPMorgan BetaBuilders U.S. Treasury Bond 20+ Year ETF,$84.61,$6,529,3.15%,Bond
CPRA,Calamos Russell 2000 Structured Alt Protection ETF - April,$26.75,$6,937,0.81%,Equity
HVAC,AdvisorShares HVAC and Industrials ETF,$36.85,$6,"4,900",19.06%,Equity
JOJO,ATAC Credit Rotation ETF,$16.07,$6,"4,330",3.96%,Bond
QULL,ETRACS 2x Leveraged MSCI US Quality Factor TR ETN,$57.90,$6,144,2.21%,Equity
HDLB,ETRACS Monthly Pay 2xLeveraged US High Dividend Low Volatility ETN Series B,$18.50,$6,"2,257",23.03%,Equity
EFRA,iShares Environmental Infrastructure and Industrials ETF,$37.09,$6,765,11.75%,Equity
GMMA,GammaRoad Market Navigation ETF,$21.30,$6,859,0.65%,Multi-Asset
VCLN,Virtus Duff & Phelps Clean Energy ETF,$28.78,$6,"4,024",12.47%,Equity
MVAL,VanEck Morningstar Wide Moat Value ETF,$39.16,$6,757,8.05%,Equity
MTUL,ETRACS 2x Leveraged MSCI US Momentum Factor TR ETN,$37.52,$6,618,-0.45%,Equity
IPOS,Renaissance International IPO ETF,$20.29,$6,"2,330",20.10%,Equity
PMNV,PGIM S&P 500 Max Buffer ETF - November,N/A,$6,N/A,N/A,Equity
AIBD,Direxion Daily AI and Big Data Bear 2X Shares,$9.00,$6,"96,900",16.43%,Equity
SPCZ,RiverNorth Enhanced Pre-Merger SPAC ETF,$25.66,$6,756,0.43%,Equity
TINS,Templeton International Insights ETF,N/A,$6,N/A,N/A,Equity
BDIV,AAM Brentview Dividend Growth ETF,$23.79,$6,"3,551",4.63%,Equity
DAT,ProShares Big Data Refiners ETF,$37.78,$6,"2,410",-16.79%,Equity
AAPY,Kurv Yield Premium Strategy Apple (AAPL) ETF,$22.71,$6,"4,195",-7.71%,Equity
KMLI,KraneShares 2x Long MELI Daily ETF,$12.95,$6,"26,673",-6.16%,Equity
OSCX,Defiance Daily Target 2x Long OSCR ETF,$7.46,$6,"132,029",-18.87%,Equity
GBLD,Invesco MSCI Green Building ETF,$18.83,$6,"1,030",4.39%,Equity
COZX,Tradr 2X Long CORZ Daily ETF,$13.40,$6,"38,352",37.65%,Equity
XLBI,State Street Materials Select Sector SPDR Premium Income ETF,$25.29,$6,"4,533",7.72%,Equity
TERG,Leverage Shares 2X Long TER Daily ETF,$46.33,$6,N/A,148.00%,Equity
FIVY,YieldMax Dorsey Wright Hybrid 5 Income ETF,$24.36,$6,"7,994",-17.17%,Equity
SMCZ,Defiance Daily Target 2X Short SMCI ETF,$41.24,$6,"259,076",-29.10%,Equity
VLLU,Harbor AlphaEdge Large Cap Value ETF,$24.36,$6,510,3.36%,Equity
ISHP,First Trust S-Network E-Commerce ETF,$35.25,$6,510,-9.90%,Equity
CSCL,Direxion Daily CSCO Bull 2X ETF,$28.81,$5,"16,510",-3.80%,Equity
ZSB,USCF Sustainable Battery Metals Strategy Fund,$21.14,$5,"5,859",0.26%,Commodity
BWEB,Bitwise Web3 ETF,$64.58,$5,710,-8.72%,Equity
IWDL,ETRACS 2x Leveraged US Value Factor TR ETN,$53.76,$5,348,11.82%,Equity
LMBO,Direxion Daily Crypto Industry Bull 2X Shares,$17.55,$5,"14,963",-17.14%,Equity
FXP,ProShares UltraShort FTSE China 50,$18.07,$5,"7,473",-1.28%,Equity
IWML,ETRACS 2x Leveraged US Size Factor TR ETN,$27.23,$5,900,16.14%,Equity
USNG,Amplify Samsung U.S. Natural Gas Infrastructure ETF,$32.07,$5,"1,194",16.79%,Equity
RVRB,Reverb ETF,$35.24,$5,102,-0.51%,Equity
XEML,Xtrackers Europe Market Leaders ETF,N/A,$5,N/A,N/A,Equity
PMFB,PGIM S&P 500 Max Buffer ETF - February,$26.70,$5,"2,332",0.49%,Equity
IPAV,Global X Infrastructure Development ex-U.S. ETF,$33.03,$5,"1,741",11.99%,Equity
IWFL,ETRACS 2x Leveraged US Growth Factor TR ETN,$50.54,$5,257,-11.79%,Equity
PLTA,ProShares Ultra PLTR,N/A,$5,N/A,N/A,Equity
PGRI,Putnam International Stock ETF,N/A,$5,N/A,N/A,Equity
TSXU,Direxion Daily Semiconductors Top 5 Bull 2X ETF,N/A,$5,N/A,N/A,Equity
AGRH,iShares Interest Rate Hedged U.S. Aggregate Bond ETF,$26.23,$5,990,0.45%,Bond
FRIZ,Franklin Dividend Growth ETF,$25.99,$5,"2,537",1.43%,Equity
DKNX,Defiance Daily Target 2X Long DKNG ETF,$3.47,$5,"88,595",-63.71%,Equity
VERS,ProShares Metaverse ETF,$55.40,$5,229,-10.05%,Equity
KEUA,KraneShares European Carbon Allowance Strategy ETF,$23.13,$5,"1,737",-17.93%,Commodity
UCYB,ProShares Ultra Nasdaq Cybersecurity ETF,$45.19,$5,"1,779",-14.10%,Equity
PFFL,ETRACS 2xMonthly Pay Leveraged Preferred Stock Index ETN,$8.49,$5,"3,033",3.22%,Preferred Stock
AFRU,T-REX 2X Long AFRM Daily Target ETF,$6.04,$5,"58,106",-58.97%,Equity
TXUG,Thornburg International Growth Fund ETF,$25.23,$5,578,3.27%,Equity
SNPD,Xtrackers S&P Dividend Aristocrats Screened ETF,$29.83,$5,484,11.01%,Equity
QQXL,ProShares Ultra QQQ Top 30,$39.79,$5,"5,817",-7.89%,Equity
MSTP,GraniteShares 2x Long MSTR Daily ETF,$1.79,$5,"519,157",-34.67%,Equity
NETG,Leverage Shares 2X Long NET Daily ETF,$11.67,$5,N/A,-8.80%,Equity
SATG,Leverage Shares 2X Long SATS Daily ETF,$16.42,$5,N/A,1.18%,Equity
GOU,GraniteShares 2x Long GOOGL Daily ETF,$22.77,$5,N/A,-6.77%,Equity
BEG,Leverage Shares 2x Long BE Daily ETF,$30.45,$5,N/A,125.31%,Equity
FPXE,First Trust IPOX Europe Equity Opportunities ETF,$32.85,$5,"1,402",4.50%,Equity
REW,ProShares UltraShort Technology,$11.59,$5,"39,325",5.27%,Equity
IND,Xtrackers Nifty 500 India ETF,$24.34,$5,N/A,-2.33%,Equity
QCMU,Direxion Daily QCOM Bull 2X ETF,$17.64,$5,"23,860",-34.84%,Equity
BBBL,BondBloxx BBB Rated 10+ Year Corporate Bond ETF,$49.26,$5,402,2.46%,Bond
KTUP,T-REX 2X Long KTOS Daily Target ETF,$27.75,$5,"40,910",20.05%,Equity
HSBH,HSBC Holdings plc ADRhedged,$92.18,$5,"4,690",6.67%,Equity
IBRN,iShares Neuroscience and Healthcare ETF,$31.58,$5,"1,763",-2.29%,Equity
SKRE,Tuttle Capital Daily 2X Inverse Regional Banks ETF,$7.41,$5,"114,146",-18.70%,Equity
MFVL,Motley Fool Value Factor ETF,$20.89,$5,N/A,2.91%,Equity
ARVR,First Trust Indxx Metaverse ETF,$46.77,$5,381,-4.43%,Equity
CARU,MAX Auto Industry 3X Leveraged ETN,$30.44,$5,279,-2.33%,Equity
ARMU,T-REX 2X Long ARM Daily Target ETF,$17.54,$5,"23,852",25.29%,Equity
KBAB,KraneShares 2x Long BABA Daily ETF,$15.42,$5,"19,243",8.06%,Equity
NVIR,Horizon Kinetics Energy and Remediation ETF,$38.06,$5,622,16.48%,Equity
EPSV,Harbor SMID Cap Value ETF,$26.79,$5,127,11.99%,Equity
TMDV,ProShares Russell U.S. Dividend Growers ETF,$52.52,$5,186,11.87%,Equity
OND,ProShares On-Demand ETF,$35.64,$5,"2,067",-13.38%,Equity
SBB,ProShares Short SmallCap600,$12.56,$5,"5,537",-8.08%,Equity
BOEG,Leverage Shares 2X Long BA Daily ETF,$18.49,$5,"38,006",22.19%,Equity
IREG,Leverage Shares 2X Long IREN Daily ETF,$16.62,$5,N/A,0.65%,Equity
ETEC,iShares Breakthrough Environmental Solutions ETF,$28.31,$5,890,13.76%,Equity
PMJA,PGIM S&P 500 Max Buffer ETF - January,$26.84,$5,"2,537",0.30%,Equity
XLKI,State Street Technology Select Sector SPDR Premium Income ETF,$24.76,$5,"7,146",-1.19%,Equity
GEVG,Leverage Shares 2X Long GEV Daily ETF,$19.48,$5,N/A,44.06%,Equity
SOLR,Guinness Atkinson Sustainable Energy ETF,$34.42,$5,575,11.38%,Equity
LCDL,GraniteShares 2x Long LCID Daily ETF,$2.78,$5,"260,406",-14.70%,Equity
EPSB,Harbor SMID Cap Core ETF,$25.52,$4,202,12.41%,Equity
LAYS,STKd 100% NVDA & 100% AMD ETF,$41.82,$4,"6,259",-8.65%,Equity
DBSC,Deepwater Beachfront Small Cap ETF,$25.20,$4,N/A,3.35%,Equity
THNR,Amplify Weight Loss Drug & Treatment ETF,$26.54,$4,"3,273",5.24%,Equity
PLU,Defiance Daily Target 2x Long PL ETF,N/A,$4,N/A,N/A,Equity
EPMB,Harbor Mid Cap Core ETF,$24.89,$4,419,8.70%,Equity
RND,First Trust Bloomberg R&D Leaders ETF,$28.64,$4,"2,278",-5.76%,Equity
IGGY,AB International Growth ETF,$28.86,$4,540,-0.76%,Equity
ABOT,Abacus FCF Innovation Leaders ETF,$34.34,$4,417,-12.16%,Equity
OBOR,KraneShares MSCI One Belt One Road Index ETF,$28.65,$4,"3,987",8.03%,Equity
USML,ETRACS 2x Leveraged MSCI US Minimum Volatility Factor TR ETN,$43.31,$4,243,3.27%,Equity
EPMV,Harbor Mid Cap Value ETF,$24.56,$4,137,8.62%,Equity
CRCD,T-REX 2X Inverse CRCL Daily Target ETF,$46.04,$4,"191,056",33.99%,Equity
BLKC,Invesco Alerian Galaxy Blockchain Users and Decentralized Commerce ETF,N/A,$4,N/A,N/A,Equity
YBTY,GraniteShares YieldBoost TopYielders ETF,$17.43,$4,N/A,-13.17%,Equity
BTOP,Bitwise Trendwise BTC/ETH and Treasuries Rotation Strategy ETF,$27.85,$4,"6,857",-3.21%,Currency
GEND,Genter Capital Dividend Income ETF,$12.91,$4,"77,697",11.99%,Equity
NVOH,Novo Nordisk A/S (B Shares) ADRhedged,$26.33,$4,"6,641",-4.05%,Equity
GXLC,Global X U.S. 500 ETF,$81.71,$4,129,-0.46%,Equity
EPAI,Harbor AI Inflection Strategy ETF,N/A,$4,N/A,N/A,Equity
PMSE,PGIM S&P 500 Max Buffer ETF - September,$25.62,$4,0,0.32%,Equity
SIJ,ProShares UltraShort Industrials,$9.02,$4,"12,503",-20.33%,Equity
GENW,Genter Capital International Dividend ETF,$14.99,$4,"2,265",11.99%,Equity
ESLV,Eventide Large Cap Value ETF,$27.09,$4,"2,449",6.88%,Equity
ODDS,Pacer BlueStar Digital Entertainment ETF,$23.85,$4,"1,319",-18.15%,Equity
BZQ,ProShares UltraShort MSCI Brazil Capped,$10.49,$4,"30,389",-31.60%,Equity
TSRS,Truth Social American Red State REITs ETF,N/A,$4,N/A,N/A,Equity
TSIC,Truth Social American Icons ETF Amrn Icons ETF,N/A,$4,N/A,N/A,Equity
UBR,ProShares Ultra MSCI Brazil Capped,$37.22,$4,"7,724",41.15%,Equity
MAAY,GraniteShares YieldBOOST MARA ETF,$9.78,$4,"25,392",-18.63%,Equity
BEGS,Rareview 2x Bull Cryptocurrency & Precious Metals ETF,N/A,$4,N/A,N/A,Multi-Asset
QCLR,Global X NASDAQ 100 Collar 95-110 ETF,$27.96,$4,"2,071",-1.57%,Equity
MIDE,Xtrackers S&P MidCap 400 Scored & Screened ETF,$35.69,$4,343,8.02%,Equity
SIOO,VistaShares Target 15 S&P 100 Distribution ETF,N/A,$4,N/A,N/A,Equity
LMNX,Defiance Daily Target 2x Long LMND ETF,$20.95,$4,"34,906",-29.52%,Equity
QQLV,Invesco QQQ Low Volatility ETF,$24.62,$4,"1,094",2.36%,Equity
LULG,Leverage Shares 2X Long LULU Daily ETF,$16.62,$4,"34,570",-30.96%,Equity
FLDZ,RiverNorth Patriot ETF,$30.17,$4,290,4.35%,Equity
RNTY,YieldMax Target 12 Real Estate Option Income ETF,$51.49,$4,"1,216",6.45%,Equity
LGHT,Langar Global HealthTech ETF,$9.36,$4,"1,114",-6.34%,Equity
JRE,Janus Henderson U.S. Real Estate ETF,$25.42,$4,886,9.26%,Equity
TSLI,ProShares Ultra TSLA ETF,$19.98,$4,"13,090",-57.25%,Equity
DUKX,Ocean Park International ETF,$28.64,$4,"2,659",10.29%,Equity
NVIT,YieldMax NVDA Performance & Distribution Target 25 ETF,N/A,$4,N/A,N/A,Equity
KLAG,Leverage Shares 2x Long KLAC Daily ETF,$21.23,$4,N/A,32.61%,Equity
RORO,ATAC US Rotation ETF,$16.35,$4,"1,605",0.77%,Multi-Asset
MFMO,Motley Fool Momentum Factor ETF,$20.04,$4,N/A,1.88%,Equity
SCC,ProShares UltraShort Consumer Discretionary,$15.24,$4,"12,303",6.25%,Equity
PMAU,PGIM S&P 500 Max Buffer ETF - August,$25.84,$4,"1,076",0.34%,Equity
TEKX,SPDR Galaxy Transformative Tech Accelerators ETF,$45.07,$4,"1,649",14.74%,Equity
APLZ,Tradr 2X Short APLD Daily ETF,$13.97,$4,N/A,N/A,Equity
TBXU,Direxion Daily Biotech Top 5 Bull 2X ETF,N/A,$4,N/A,N/A,Equity
SPMV,Invesco S&P 500 Minimum Variance ETF,$50.71,$4,"12,286",0.52%,Equity
PMOC,PGIM S&P 500 Max Buffer ETF - October,N/A,$4,N/A,N/A,Equity
FRDU,Direxion Daily F Bull 2X ETF,$37.53,$4,"1,530",14.82%,Equity
JHAC,John Hancock Fundamental All Cap Core ETF,$14.48,$4,"1,486",-4.03%,Equity
COIG,Leverage Shares 2X Long COIN Daily ETF,$6.75,$4,"80,963",-53.38%,Equity
IRET,iREIT  - MarketVector Quality REIT Index ETF,$20.31,$4,811,8.15%,Equity
JETD,MAX Airlines -3X Inverse Leveraged ETNs,$3.55,$3,"27,500",-26.50%,Equity
SGRW,Harbor Active Small Cap Growth ETF,N/A,$3,N/A,N/A,Equity
SHEH,Shell plc ADRhedged,$56.55,$3,"4,917",5.63%,Equity
TEXU,Direxion Daily Energy Top 5 Bull 2X ETF,N/A,$3,N/A,N/A,Equity
PEVC,Pacer PE/VC ETF,$27.87,$3,806,-0.72%,Equity
DOGD,Tradr 2X Long DDOG Daily ETF,$19.19,$3,"28,832",-21.58%,Equity
ORO,Arrow Valtoro ETF,N/A,$3,N/A,N/A,Multi-Asset
AOTS,AOT Software Platform ETF,N/A,$3,N/A,N/A,Equity
XDAT,Franklin Exponential Data ETF,$21.85,$3,616,-15.45%,Equity
CHRI,Global X S&P 500 Christian Values ETF,$81.05,$3,576,-0.48%,Equity
XCLR,Global X S&P 500 Collar 95-110 ETF,$26.89,$3,"1,337",-0.30%,Equity
MSDD,GraniteShares 2x Short MSTR Daily ETF,$70.44,$3,"10,376",-24.55%,Equity
MNZL,Manzil Russell Halal USA Broad Market ETF,$53.30,$3,N/A,3.32%,Equity
DVQQ,WEBs QQQ Defined Volatility ETF,$26.32,$3,"3,640",-3.65%,Equity
WMTI,REX WMT Growth & Income ETF,N/A,$3,N/A,N/A,Equity
TTXD,Direxion Daily Technology Top 5 Bear 2X ETF,N/A,$3,N/A,N/A,Equity
XTR,Global X S&P 500 Tail Risk ETF,$26.37,$3,"1,832",-0.31%,Equity
GDT,WisdomTree Efficient TIPS Plus Gold Fund,N/A,$3,N/A,N/A,Multi-Asset
PCEM,Polen Capital Emerging Markets ex China Growth ETF,$12.69,$3,383,12.71%,Equity
EAFG,Pacer Developed Markets Cash Cows Growth Leaders ETF,$25.07,$3,"1,022",6.79%,Equity
HODU,Direxion Daily HOOD Bull 2X ETF,$9.13,$3,N/A,-59.68%,Equity
LGCF,Themes US Cash Flow Champions ETF,$34.67,$3,505,1.77%,Equity
IMRA,Bitwise MARA Option Income Strategy ETF,$13.77,$3,"7,405",-3.65%,Equity
SPOG,Leverage Shares 2X Long SPOT Daily ETF,$7.07,$3,N/A,-42.19%,Equity
PMJN,PGIM S&P 500 Max Buffer ETF - June,$26.24,$3,283,0.52%,Equity
MYY,ProShares Short S&P Mid Cap400,$16.33,$3,"6,390",-6.82%,Equity
TTXU,Direxion Daily Technology Top 5 Bull 2X ETF,N/A,$3,N/A,N/A,Equity
DGOC,FT Vest U.S. Equity Buffer & Digital Return ETF - October,N/A,$3,N/A,N/A,Equity
CVNX,Defiance Daily Target 2X Long CVNA ETF,$15.80,$3,"40,544",-39.52%,Equity
ISUL,GraniteShares 2x Long ISRG Daily ETF,$27.11,$3,"14,300",-28.10%,Equity
XLFI,State Street Financial Select Sector SPDR Premium Income ETF,$23.46,$3,"4,752",-4.72%,Equity
RNWZ,TrueShares Eagle Global Renewable Energy Income ETF,$30.92,$3,659,12.13%,Equity
KBUF,KraneShares 90% KWEB Defined Outcome January 2027 ETF,$30.15,$3,763,-1.51%,Equity
CRED,Columbia Research Enhanced Real Estate ETF,$21.77,$3,295,8.62%,Real Estate
DVDN,Kingsbarn Dividend Opportunity ETF,$18.26,$3,"1,668",-2.95%,Equity
EHY,Amplify Ethereum Max Income Covered Call ETF,N/A,$3,N/A,N/A,Currency
SDP,ProShares UltraShort Utilities,$10.56,$3,"11,743",-15.33%,Equity
MCHS,Matthews China Discovery Active ETF,$38.60,$3,767,18.88%,Equity
TIPD,Northern Trust 2055 Inflation-Linked Distributing Ladder ETF,$102.62,$3,251,2.13%,Bond
FGSI,FT Vest Growth Strength & Target Income ETF,$19.98,$3,598,0.08%,Equity
QTR,Global X NASDAQ 100 Tail Risk ETF,$29.76,$3,910,-2.14%,Equity
MSII,REX MSTR Growth & Income ETF,$6.42,$3,"15,025",-16.75%,Equity
VGRO,Virtus Silvant Growth Opportunities ETF,N/A,$3,N/A,N/A,Equity
PANG,Leverage Shares 2X Long PANW Daily ETF,$8.74,$3,"41,098",-21.12%,Equity
BULD,Pacer BlueStar Engineering the Future ETF,$29.92,$3,"1,922",14.89%,Equity
BCOR,Grayscale Bitcoin Adopters ETF,$22.99,$3,"1,259",-9.45%,Equity
QHDG,Innovator Hedged Nasdaq-100 ETF,$29.55,$3,276,-0.94%,Equity
LIMI,Themes Lithium & Battery Metal Miners ETF,$48.24,$3,"3,683",3.35%,Equity
ENPX,Tradr 2X Long ENPH Daily ETF,$23.91,$3,"30,981",59.22%,Equity
AKAF,Frontier Economic Fund,N/A,$3,N/A,N/A,Equity
MPG,Leverage Shares 2X Long MP Daily ETF,$8.03,$3,"60,325",19.80%,Equity
GRPZ,Invesco S&P SmallCap 600 GARP ETF,$29.12,$3,313,9.57%,Equity
ONDU,Tradr 2X Long ONDS Daily ETF,$10.40,$3,N/A,N/A,Equity
MTYY,GraniteShares YieldBOOST MSTR ETF,$6.00,$3,"20,383",-18.12%,Equity
KPRO,KraneShares 100% KWEB Defined Outcome January 2027 ETF,$28.15,$3,465,-0.63%,Equity
THRV,Prospera Income ETF,$25.03,$3,"2,692",2.04%,Multi-Asset
SRPU,Tradr 2X Long SRPT Daily ETF,$9.43,$3,"45,805",-38.16%,Equity
EMTY,ProShares Decline of the Retail Store ETF,$10.94,$3,"7,906",-10.34%,Equity
MDBX,Tradr 2X Long MDB Daily ETF,$51.30,$3,"19,213",-27.90%,Equity
NZUS,SPDR Series Trust State Street SPDR MSCI USA Climate Paris Aligned ETF,$34.18,$3,873,-4.94%,Equity
UNX,Tradr 2X Long U Daily ETF,$2.35,$3,"348,029",-87.89%,Equity
DVSP,WEBs SPY Defined Volatility ETF,$26.82,$3,611,-1.05%,Equity
TILL,Teucrium Agricultural Strategy No K-1 ETF,$16.81,$3,"4,168",0.87%,Commodity
ARKT,ARK DIET Q4 Buffer ETF,N/A,$3,N/A,N/A,Equity
ALBG,Leverage Shares 2X Long ALB Daily ETF,$13.58,$3,N/A,N/A,Equity
ELIS,Direxion Daily LLY Bear 1X Shares,$17.46,$3,"10,914",1.15%,Equity
TSMZ,Direxion Daily TSM Bear 1X Shares,$9.94,$3,"58,163",-17.92%,Equity
YXI,ProShares Short FTSE China 50,$20.39,$3,"24,376",0.05%,Equity
EKG,First Trust Nasdaq Lux Digital Health Solutions ETF,$17.38,$3,908,-8.50%,Equity
PMMR,PGIM S&P 500 Max Buffer ETF March,$26.57,$3,233,0.70%,Equity
PATX,Tradr 2X Long PATH Daily ETF,$10.09,$3,N/A,N/A,Equity
PMAP,PGIM S&P 500 Max Buffer ETF - April,$26.50,$3,0,0.49%,Equity
HWSM,Hotchkis & Wiley SMID Cap Diversified Value Fund,$29.17,$3,238,7.44%,Equity
PMMY,PGIM S&P 500 Max Buffer ETF - May,$26.33,$3,0,0.46%,Equity
FLYT,Tradr 2X Long FLY Daily ETF,$8.30,$3,"56,551",-37.78%,Multi-Asset
EATZ,AdvisorShares Restaurant ETF,$26.97,$3,"2,987",3.93%,Equity
QCMD,Direxion Daily QCOM Bear 1X ETF,$26.15,$3,"1,611",20.65%,Equity
XLII,State Street Industrial Select Sector SPDR Premium Income ETF,$25.90,$3,"3,481",5.06%,Equity
ASMU,Direxion Daily ASML Bull 2X ETF,$24.65,$3,N/A,N/A,Equity
HWAY,Themes US Infrastructure ETF,$36.06,$3,"1,921",16.52%,Equity
RGYY,GraniteShares YieldBoost RGTI ETF,$12.77,$3,N/A,-23.21%,Equity
SMCF,Themes US Small Cap Cash Flow Champions ETF,$35.67,$3,287,8.94%,Equity
EMOT,First Trust S&P 500 Economic Moat ETF,$25.00,$3,"3,694",5.04%,Equity
XLSI,State Street Consumer Staples Select Sector SPDR Premium Income ETF,$25.26,$3,"3,089",7.75%,Equity
NDAA,Ned Davis Research 360 Dynamic Allocation ETF,$22.55,$3,"1,354",3.69%,Multi-Asset
MSST,YieldMax MSTR Performance & Distribution Target 25 ETF,N/A,$3,N/A,N/A,Equity
TEST,YieldMax TSLA Performance & Distribution Target 25 ETF,N/A,$2,N/A,N/A,Equity
BOED,Direxion Daily BA Bear 1X Shares,$16.01,$2,"6,821",-10.75%,Equity
ISBG,IncomeSTKd 1x Bitcoin & 1x Gold Premium ETF,N/A,$2,N/A,N/A,Multi-Asset
MRVU,Direxion Daily MRVL Bull 2X ETF,$22.84,$2,N/A,N/A,Equity
BIS,ProShares UltraShort Nasdaq Biotechnology,$8.76,$2,"18,232",-7.63%,Equity
YBST,GraniteShares YieldBoost Single Stock Universe ETF,$18.46,$2,N/A,-12.68%,Equity
AZYY,GraniteShares YieldBoost AMZN ETF,$16.54,$2,"4,081",-15.85%,Equity
EEV,ProShares UltraShort MSCI Emerging Markets,$15.04,$2,"9,067",-19.92%,Equity
BABU,Direxion Daily BABA Bull 2X ETF,$21.76,$2,N/A,N/A,Equity
IGME,Bitwise GME Option Income Strategy ETF,$26.22,$2,"3,371",15.36%,Equity
ESBG,"First Trust Enhanced Stocks, Bonds & Gold ETF",N/A,$2,N/A,N/A,Multi-Asset
SPAM,Themes Cybersecurity ETF,$30.41,$2,"1,146",-0.78%,Equity
XVOL,Acruence Active Hedge U.S. Equity ETF,$23.52,$2,157,2.61%,Equity
SOFA,Direxion Daily SOFI Bull 2X ETF,$21.24,$2,N/A,N/A,Equity
PMJL,PGIM S&P 500 Max Buffer ETF - July,$25.95,$2,0,0.41%,Equity
KDRN,Kingsbarn Tactical Bond ETF,$23.55,$2,424,1.47%,Bond
BRKD,Direxion Daily BRKB Bear 1X Shares,$23.43,$2,"1,587",1.54%,Equity
COII,REX COIN Growth & Income ETF,$9.13,$2,"10,124",-35.25%,Equity
TMAR,FT Vest Emerging Markets Buffer ETF - March,$23.17,$2,"1,660",1.30%,Equity
WDNA,WisdomTree BioRevolution Fund,N/A,$2,N/A,N/A,Equity
TJUN,FT Vest Emerging Markets Buffer ETF June,$23.06,$2,"1,032",2.83%,Equity
DGLO,First Trust RBA Deglobalization ETF,$22.92,$2,824,12.56%,Equity
SHPD,Direxion Daily SHOP Bear 1X ETF,$24.20,$2,"8,013",36.48%,Equity
BFRE,Westwood LBRTY Global Equity ETF,$30.32,$2,"1,114",2.04%,Equity
RTXG,Leverage Shares 2X Long RTX Daily ETF,$26.36,$2,"12,138",16.03%,Equity
AURU,Tradr 2X Long AUR Daily ETF,$11.91,$2,"8,151",11.00%,Equity
SZK,ProShares UltraShort Consumer Staples,$9.71,$2,"9,156",-24.44%,Equity
CIFG,Leverage Shares 2X Long CIFR Daily ETF,$9.37,$2,N/A,4.48%,Equity
AAUM,Tema Alternative Asset Managers ETF,N/A,$2,N/A,N/A,Equity
ETTY,Amplify Ethereum 3% Monthly Option Income ETF,N/A,$2,N/A,N/A,Currency
YBMN,Defiance BMNR Option Income ETF,$15.89,$2,N/A,-20.06%,Equity
USE,USCF Energy Commodity Strategy Absolute Return Fund,$21.79,$2,498,-4.86%,Alternatives
NETX,Tradr 2X Long NET Daily ETF,$15.80,$2,"16,649",-17.23%,Equity
GSX,Tradr 2X Long GS Daily ETF,$31.16,$2,"7,502",3.53%,Equity
SAWG,AAM Sawgrass US Large Cap Quality Growth ETF,$21.62,$2,156,-2.65%,Equity
TNUK,Tortoise Nuclear Renaissance ETF,N/A,$2,N/A,N/A,Equity
DESK,VanEck Office and Commercial REIT ETF,$35.58,$2,810,-3.06%,Equity
XYZG,Leverage Shares 2X Long XYZ Daily ETF,$8.16,$2,"16,744",-44.60%,Equity
MDEV,First Trust Indxx Medical Devices ETF,$20.35,$2,370,-2.98%,Equity
GLGG,Leverage Shares 2X Long GLXY Daily ETF,$6.86,$2,"68,357",-24.34%,Equity
NEMG,Leverage Shares 2x Long NEM Daily ETF,$27.97,$2,N/A,48.52%,Equity
DAMD,Defiance Daily Target 2X Short AMD ETF,N/A,$2,N/A,N/A,Equity
COIA,ProShares Ultra COIN,N/A,$2,N/A,N/A,Equity
REC,Emles Real Estate Credit ETF,$20.06,$2,"3,085",-16.66%,Bond
EGLE,Global X S&P 500 U.S. Revenue Leaders ETF,$28.60,$2,310,-1.67%,Equity
FTKI,First Trust Small Cap BuyWrite Income ETF,$20.02,$2,"18,733",7.16%,Equity
KLXY,KraneShares Global Luxury Index ETF,$26.82,$2,"1,973",0.55%,Equity
LQAI,LG QRAFT AI-Powered U.S. Large Cap Core ETF,$39.80,$2,"1,075",1.88%,Equity
CGRO,CoreValues Alpha Greater China Growth ETF,$26.10,$2,"6,116",-2.89%,Equity
AXUP,T-REX 2X Long AXON Daily Target ETF,$6.78,$2,"22,176",-45.86%,Equity
LLII,REX LLY Growth & Income ETF 3Shs,N/A,$2,N/A,N/A,Equity
AREA,Harbor AlphaEdge Next Generation REITs ETF,$20.13,$2,"10,957",9.53%,Equity
TINT,ProShares Smart Materials ETF,$39.52,$2,441,18.48%,Equity
OKLS,Defiance Daily Target 2X Short OKLO ETF,N/A,$2,N/A,N/A,Equity
PALD,Direxion Daily PANW Bear 1X Shares,$26.01,$2,"6,340",9.24%,Equity
SHPP,Pacer Industrials and Logistics ETF,$32.41,$2,"3,041",10.20%,Equity
CSCS,Direxion Daily CSCO Bear 1X ETF,$21.28,$2,"2,776",-2.14%,Equity
XLRI,State Street Real Estate Select Sector SPDR Premium Income ETF,$24.30,$2,"1,903",3.91%,Equity
ASMH,ASML Holding NV ADRhedged,$93.81,$2,"1,348",29.68%,Equity
FFF,Founders 100 ETF,N/A,$2,N/A,N/A,Equity
FRDD,Direxion Daily F Bear 1X ETF,$18.58,$2,851,-7.76%,Equity
BEDZ,AdvisorShares Hotel ETF,$32.40,$2,"2,457",-2.87%,Equity
NIOG,Leverage Shares 2X Long NIO Daily ETF,$14.64,$2,N/A,-9.66%,Equity
SNPX,Tradr 2X Long SNPS Daily ETF,$28.18,$2,"16,978",-16.85%,Equity
SMDD,ProShares UltraPro Short MidCap400,$9.91,$2,"11,044",-20.20%,Equity
DUOG,Leverage Shares 2X Long DUOL Daily ETF,$4.49,$2,N/A,-61.58%,Equity
BIDG,Leverage Shares 2X Long BIDU Daily ETF,$18.53,$2,N/A,4.11%,Equity
CELT,Tradr 2X Long CELH Daily ETF,$10.55,$2,"24,524",-8.47%,Equity
XLCI,State Street Communication Services Select Sector SPDR Premium Income ETF,$24.72,$2,902,-1.09%,Equity
RYSE,Vest 10 Year Interest Rate Hedge ETF,$22.65,$2,232,-3.21%,Alternatives
HAKY,Amplify HACK Cybersecurity Covered Call ETF,N/A,$2,N/A,N/A,Equity
FB,ProShares S&P 500 Dynamic Buffer ETF,$42.33,$2,702,0.31%,Equity
SNAG,Leverage Shares 2x Long SNAP Daily ETF,$5.78,$2,N/A,-66.36%,Equity
XOMZ,Direxion Daily XOM Bear 1X Shares,$17.58,$2,"1,784",-19.85%,Equity
PCCE,Polen Capital China Growth ETF,$13.08,$2,370,-0.04%,Equity
RKTL,Defiance Daily Target 2X Long RKT ETF,N/A,$2,N/A,N/A,Equity
STSM,Defiance Daily Target 2X Short TSM ETF,N/A,$2,N/A,N/A,Equity
QBY,GraniteShares YieldBoost QBTS ETF,$12.34,$2,N/A,-27.76%,Equity
FLAG,Global X S&P 500 U.S. Market Leaders Top 50 ETF,$27.72,$2,175,0.14%,Alternatives
BBYY,GraniteShares YieldBOOST BABA ETF,$16.56,$2,"3,816",-3.72%,Equity
CZAR,Themes Natural Monopoly ETF,$31.78,$2,359,-0.55%,Equity
ZETX,Defiance Daily Target 2x Long ZETA ETF,N/A,$2,N/A,N/A,Equity
CARD,MAX Auto Industry -3x Inverse Leveraged ETN,$2.56,$2,"19,463",-4.68%,Equity
LNOK,Defiance Daily Target 2X Long NOK ETF,N/A,$2,N/A,N/A,Equity
SCOW,Pacer S&P SmallCap 600 Quality FCF Aristocrats ETF,$20.01,$2,560,1.71%,Equity
DGZ,DB Gold Short Exchange Traded Notes,$5.93,$2,"9,824",5.93%,Commodity
SBTU,T-REX 2X Long SBET Daily Target ETF,N/A,$2,N/A,N/A,Equity
SKYU,ProShares Ultra Nasdaq Cloud Computing ETF,$27.84,$2,"1,157",-24.27%,Equity
AALG,Leverage Shares 2X Long AAL Daily ETF,$13.97,$1,"11,200",-21.15%,Equity
BNKD,MicroSectors U.S. Big Banks -3 Inverse Leveraged ETN,$10.06,$1,"1,292",-1.00%,Equity
BU,Defiance Daily Target 2X Long BU ETF,$29.54,$1,N/A,14.12%,Equity
FEMD,First Eagle Mid Cap Equity ETF,N/A,$1,N/A,N/A,Equity
XLYI,State Street Consumer Discretionary Select Sector SPDR Premium Income ETF,$23.86,$1,"1,533",-1.65%,Equity
SMN,ProShares UltraShort Materials,$9.47,$1,"7,837",-27.83%,Equity
QMID,WisdomTree U.S. MidCap Quality Growth Fund,$28.85,$1,235,2.08%,Equity
USFE,First Eagle US Equity ETF,N/A,$1,N/A,N/A,Equity
ARKD,ARK DIET Q1 Buffer ETF,$59.29,$1,"7,350",26.11%,Multi-Asset
ASTN,Defiance Daily Target 2X Short ASTS ETF,N/A,$1,N/A,N/A,Equity
REKT,Direxion Daily Crypto Industry Bear 1X Shares,$19.19,$1,"13,022",3.40%,Equity
IRVH,Global X Interest Rate Volatility & Inflation Hedge ETF,$20.44,$1,752,0.11%,Bond
TSXD,Direxion Daily Semiconductors Top 5 Bear 2X ETF,N/A,$1,N/A,N/A,Equity
MAKX,ProShares S&P Kensho Smart Factories ETF,$57.49,$1,294,14.97%,Equity
QQDN,ProShares UltraShort QQQ Mega ETF,$29.80,$1,"4,529",16.76%,Equity
NVDO,Leverage Shares 2x Capped Accelerated NVDA Monthly ETF,$19.05,$1,562,1.23%,Equity
CABZ,"Roundhill Robotaxi, Autonomous Vehicles & Technology ETF",N/A,$1,N/A,N/A,Equity
HUTG,Leverage Shares 2X Long HUT Daily ETF,$10.00,$1,N/A,N/A,Equity
NRGD,MicroSectors U.S. Big Oil -3 Inverse Leveraged ETN,$8.86,$1,"6,844",-45.15%,Equity
FCFY,First Trust S&P 500 Diversified Free Cash Flow ETF,$26.91,$1,521,-2.73%,Equity
TEXX,Horizon Kinetics Texas ETF,$27.43,$1,N/A,N/A,Equity
FLYD,MicroSectors Travel -3x Inverse Leveraged ETN,$7.38,$1,"5,890",19.20%,Equity
BLSX,Tradr 2X Long BLSH Daily ETF,$7.34,$1,"16,627",-35.55%,Equity
KJD,KraneShares 2x Long JD Daily ETF,$16.21,$1,"7,946",-12.37%,Equity
FTIF,First Trust Bloomberg Inflation Sensitive Equity ETF,$26.20,$1,337,15.06%,Equity
RCAX,Defiance Daily Target 2x Long RCAT ETF,$12.88,$1,N/A,N/A,Equity
CONX,Direxion Daily COIN Bull 2X ETF,$8.29,$1,N/A,-53.21%,Equity
QB,ProShares Nasdaq-100 Dynamic Buffer ETF,$42.72,$1,870,0.97%,Equity
SDD,ProShares UltraShort SmallCap600,$10.54,$1,"1,463",-15.61%,Equity
AINT,FINQ DOLLAR NEUTRAL U.S. Large Cap AI-Managed Equity ETF,N/A,$1,N/A,N/A,Equity
HYKE,Vest 2 Year Interest Rate Hedge ETF,$24.89,$1,102,-0.86%,Alternatives
IDVY,First Trust International Rising Dividend Achievers ETF,$25.10,$1,N/A,N/A,Equity
LMTS,Direxion Daily LMT Bear 1X ETF,$16.01,$1,"2,073",-26.48%,Equity
BLSG,Leverage Shares 2X Long BLSH Daily ETF,$4.13,$1,"32,322",-36.28%,Equity
AIUP,FINQ FIRST U.S. Large Cap AI-Managed Equity ETF,N/A,$1,N/A,N/A,Equity
DIME,CoinShares Altcoins ETF,$8.73,$1,"3,806",-25.07%,Currency
VALG,Leverage Shares 2X Long VALE Daily ETF,$24.26,$1,N/A,56.80%,Equity
NNEX,Tradr 2X Long NNE Daily ETF,$8.87,$1,"18,033",-6.43%,Equity
BPH,BP p.l.c. ADRhedged,$57.50,$1,495,6.93%,Equity
BKNU,T-REX 2X Long BKNG Daily Target ETF,$12.69,$1,"3,571",-42.16%,Equity
RXD,ProShares UltraShort Health Care,$8.83,$1,"8,683",-2.66%,Equity
TSLO,Leverage Shares 2x Capped Accelerated TSLA Monthly ETF,$18.91,$1,403,-6.29%,Equity
BTFL,Defiance Daily Target 2X Long BITF ETF,N/A,$1,N/A,N/A,Equity
RB,ProShares Russell 2000 Dynamic Buffer ETF,$45.11,$1,"1,263",3.16%,Equity
SUPL,ProShares Supply Chain Logistics ETF,$44.20,$1,602,10.90%,Equity
AZNH,AstraZeneca PLC ADRhedged,$53.28,$1,"4,387",-1.75%,Equity
CLOD,Themes Cloud Computing ETF,$27.39,$1,889,-15.85%,Equity
QFHD,Pacer S&P 500 Quality FCF High Dividend ETF,N/A,$1,N/A,N/A,Equity
HMYY,GraniteShares YieldBoost HIMS ETF,$10.39,$1,N/A,-36.89%,Equity
SBU,Leverage Shares 2X Long SBUX Daily ETF,$17.70,$1,N/A,22.13%,Equity
PIEL,Pacer International Export Leaders ETF,N/A,$1,N/A,N/A,Equity
WTID,MicroSectors Energy 3X Inverse Leveraged ETNs,$6.80,$1,"2,478",-41.37%,Commodity
VOYX,Tradr 2X Long VOYG Daily ETF,$12.18,$1,"13,481",-14.45%,Equity
GDFN,Tema International Defense Innovation ETF,$26.63,$1,"2,359",11.69%,Equity
ARMH,Arm Holdings PLC ADRhedged,$52.41,$1,773,12.62%,Equity
PLTI,REX PLTR Growth & Income ETF,N/A,$1,N/A,N/A,Equity
REAI,Intelligent Real Estate ETF,$21.20,$1,208,12.67%,Equity
USMD,CoreValues America First Technology ETF,N/A,$1,N/A,N/A,Equity
SMQ,Tradr 1X Short Innovation 100 Monthly ETF,$51.63,$1,N/A,2.66%,Equity
BULX,GraniteShares 2x Long BULL Daily ETF,$3.88,$1,"20,990",-45.18%,Equity
GLBL,Pacer MSCI World Industry Advantage ETF,$24.73,$1,259,-1.80%,Equity
TLA,GraniteShares Autocallable TSLA ETF,$25.00,$1,N/A,N/A,Equity
ANV,GraniteShares Autocallable NVDA ETF,$24.67,$1,N/A,N/A,Equity
USRD,Themes US R&D Champions ETF,$32.83,$1,125,-1.36%,Equity
ONEH,TrueShares Equity Hedge ETF,N/A,$1,N/A,N/A,Equity
ABLS,Abacus FCF Small Cap Leaders ETF,$19.35,$1,129,-3.43%,Equity
MCOW,Pacer S&P MidCap 400 Quality FCF Aristocrats ETF,$19.58,$1,500,-0.31%,Equity
NBIZ,Tradr 2X Short NBIS Daily ETF,$19.50,$1,N/A,N/A,Equity
GXPE,Global X PureCap MSCI Energy ETF,$31.85,$1,627,21.47%,Equity
ETRL,GraniteShares 2x Long ETOR Daily ETF,$7.15,$1,"5,300",-42.12%,Equity
DASX,Tradr 2X Long DASH Daily ETF,$8.83,$1,"10,251",-51.72%,Equity
QFRD,Pacer S&P 500 Quality FCF R&D Leaders,N/A,$1,N/A,N/A,Equity
DVXV,WEBs Health Care XLV Defined Volatility ETF,$31.89,$1,457,2.48%,Equity
MAGO,Tuttle Capital Magnificent 7 Income Blast ETF,N/A,$1,N/A,N/A,Equity
GEOA,WisdomTree GeoAlpha Opportunities Fund,N/A,$1,N/A,N/A,Equity
MRNX,Defiance Daily Target 2X Long MRNA ETF,N/A,$1,N/A,N/A,Equity
OOSB,One One S&P 500 and Bitcoin ETF,$10.01,$1,"2,395",-21.88%,Multi-Asset
EFU,ProShares UltraShort MSCI EAFE,$7.70,$1,"2,929",-14.79%,Equity
LACG,Leverage Shares 2X Long LAC Daily ETF,$10.58,$1,N/A,1.12%,Equity
CMGG,Leverage Shares 2X Long CMG Daily ETF,$18.74,$1,N/A,-6.73%,Equity
GRAG,Leverage Shares 2X Long GRAB Daily ETF,$9.05,$1,N/A,-34.27%,Equity
PLUL,Leverage Shares 2X Long PLUG Daily ETF,$9.36,$1,N/A,N/A,Equity
DZZ,Deutsche Bank Ag London Gold Double Short Exchange Traded (Nts),$2.63,$1,"57,121",-31.64%,Commodity
UPSG,Leverage Shares 2X Long UPS Daily ETF,$20.79,$1,N/A,40.08%,Equity
STBQ,Amplify Stablecoin Technology ETF,N/A,$1,N/A,N/A,Multi-Asset
GLCR,GlacierShares Nasdaq Iceland ETF,$27.84,$1,621,4.41%,Equity
BOBP,CORE16 Best of Breed Premier Index ETF,$27.42,$1,"1,110",5.95%,Equity
KBDU,KraneShares 2x Long BIDU Daily ETF,$32.00,$1,N/A,4.09%,Equity
PXIU,T-REX 2X Long UPXI Daily Target ETF,$0.21,$1,"327,303",-84.33%,Equity
SOLM,Amplify Solana 3% Monthly Option Income ETF,N/A,$1,N/A,N/A,Currency
HOII,REX HOOD Growth & Income ETF,N/A,$1,N/A,N/A,Equity
GSKH,GSK plc ADRhedged,$80.72,$1,267,18.35%,Equity
ISSB,IncomeSTKd 1x US Stocks & 1x Bitcoin Premium ETF,N/A,$1,N/A,N/A,Multi-Asset
HFSP,TradersAI Large Cap Equity & Cash ETF,$15.03,$1,152,-1.35%,Equity
NUG,Leverage Shares 2X Long NU Daily ETF,$15.93,$1,N/A,-2.18%,Equity
MZZ,ProShares UltraShort MidCap400,$6.83,$1,"3,803",-13.76%,Equity
UFOD,Tuttle Capital UFO Disclosure ETF,N/A,$1,N/A,N/A,Equity
CWII,REX CRWV Growth & Income ETF,N/A,$1,N/A,N/A,Equity
DKUP,T-REX 2X Long DKNG Daily Target ETF,$4.49,$1,"4,695",-63.38%,Equity
XPEG,Leverage Shares 2X Long XPEV Daily ETF,$11.04,$1,N/A,N/A,Equity
PBRG,Leverage Shares 2X Long PBR Daily ETF,$25.58,$1,N/A,59.43%,Equity
BULU,T-REX 2X Long BULL Daily Target ETF,$3.02,$1,"15,227",-47.06%,Equity
STHH,STMicroelectronics NV ADRhedged,$65.92,$1,467,28.04%,Equity
TKNQ,Amplify Tokenization Technology ETF,N/A,$1,N/A,N/A,Multi-Asset
SMAP,Amplify Small-Mid Cap Equity ETF,$26.13,$1,349,5.61%,Equity
OOQB,One One Nasdaq-100 and Bitcoin ETF 1Shs,$9.32,$1,"2,438",-23.78%,Multi-Asset
PLOO,Leverage Shares 2x Capped Accelerated PLTR Monthly ETF,$12.41,$1,303,-25.73%,Equity
TMH,Toyota Motor Corporation ADRhedged,$64.92,$1,917,12.48%,Equity
MEMY,Tuttle Capital Meme Stock Income Blast ETF,N/A,$1,N/A,N/A,Equity
LYFX,Tradr 2X Long LYFT Daily ETF,$8.00,$1,"13,498",-57.89%,Equity
ITOL,Tema International Durable Quality ETF,$27.03,$1,0,2.46%,Equity
FBYY,GraniteShares YieldBOOST META ETF,$16.31,$1,"1,557",-14.87%,Equity
GEMG,Leverage Shares 2X Long GEMI Daily ETF,$2.14,$1,"41,316",-49.85%,Equity
XXX,CYBER HORNET S&P 500 and XRP 75/25 Strategy ETF,$19.66,$0,N/A,N/A,Multi-Asset
EEE,CYBER HORNET S&P 500 and Ethereum 75/25 Strategy ETF,$19.39,$0,N/A,N/A,Multi-Asset
OPEG,Leverage Shares 2X Long OPEN Daily ETF,$5.19,$0,N/A,-48.52%,Equity
SSS,CYBER HORNET S&P 500 and Solana 75/25 Strategy ETF,$19.22,$0,N/A,N/A,Multi-Asset
ICRC,Bitwise CRCL Option Income Strategy ETF,N/A,$0,N/A,N/A,Equity
ORLG,Leverage Shares 2X Long ORLY Daily ETF,$15.25,$0,N/A,N/A,Equity
GARA,Guinness Atkinson Real Assets Income ETF,N/A,$0,N/A,N/A,Equity
LCIZ,Tradr 2X Short LCID Daily ETF,$25.77,$0,N/A,N/A,Equity
OKTG,Leverage Shares 2X Long OKTA Daily ETF,$15.10,$0,N/A,-2.51%,Equity
CNCG,Leverage Shares 2X Long CNC Daily ETF,$15.43,$0,N/A,-7.73%,Equity
GAID,Guinness Atkinson International Dividend Builder ETF,N/A,$0,N/A,N/A,Equity
DNNG,Leverage Shares 2x Long DNN Daily ETF,$13.68,$0,N/A,N/A,Equity
SAPH,SAP SE ADRhedged,$37.03,$0,249,-16.49%,Equity
DVXE,WEBs Energy XLE Defined Volatility ETF,$34.42,$0,170,28.75%,Equity
ABNG,Leverage Shares 2x Long ABNB Daily ETF,$14.12,$0,N/A,-22.35%,Equity
OSCG,Leverage Shares 2X Long OSCR Daily ETF,$7.33,$0,"8,503",-17.88%,Equity
UECG,Leverage Shares 2x Long UEC Daily ETF,$12.25,$0,N/A,N/A,Equity
WTIB,USCF Oil Plus Bitcoin Strategy Fund,N/A,$0,N/A,N/A,Multi-Asset
DVXB,WEBs Materials XLB Defined Volatility ETF,$30.98,$0,0,31.19%,Equity
DVIN,WEBs Industrials XLI Defined Volatility ETF,$30.63,$0,235,19.68%,Equity
MSTK,Tuttle Capital MSTR 0DTE Covered Call ETF,N/A,$0,N/A,N/A,Equity
CRMU,Leverage Shares 2x Long CRML Daily ETF,$8.68,$0,N/A,N/A,Equity
SMZ,Tradr 2X Short SMR Daily ETF,$32.70,$0,N/A,N/A,Equity
DVXC,WEBs Communication Services XLC Defined Volatility ETF,$27.19,$0,0,-6.17%,Equity
DVXK,WEBs Technology XLK Defined Volatility ETF,$26.88,$0,127,-5.01%,Equity
DVXP,WEBs Consumer Staples XLP Defined Volatility ETF,$27.79,$0,251,23.83%,Equity
DVUT,WEBs Utilities XLU Defined Volatility ETF,$29.09,$0,197,15.41%,Equity
GAUD,Guinness Atkinson US Dividend Builder ETF,N/A,$0,N/A,N/A,Equity
DVXY,WEBs Consumer Discretionary XLY Defined Volatility ETF,$24.28,$0,0,-4.77%,Equity
DVRE,WEBs Real Estate XLRE Defined Volatility ETF,$24.87,$0,105,12.74%,Equity
DVXF,WEBs Financial XLF Defined Volatility ETF,$23.32,$0,279,-11.41%,Equity
BEZ,Tradr 2X Short BE Daily ETF,$27.32,$0,N/A,N/A,Equity
MSOO,Leverage Shares 2x Capped Accelerated MSTR Monthly ETF,$6.79,$0,"1,687",-11.12%,Equity
COIO,Leverage Shares 2x Capped Accelerated COIN Monthly ETF,$6.38,$0,913,-27.48%,Equity
CRCA,ProShares Ultra CRCL,N/A,$0,N/A,N/A,Equity
PHYS,Sprott Physical Gold Trust,$37.82,N/A,"7,466,140",14.54%,Commodity
PSLV,The Sprott Physical Silver Trust,$25.05,N/A,"19,872,438",5.92%,Commodity
KPHO,Kraneshares Dragon Capital Vietnam Growth Index ETF,N/A,N/A,N/A,N/A,Equity
RESM,Columbia Research Enhanced Small Cap ETF,N/A,N/A,N/A,N/A,Equity
REMC,Columbia Research Enhanced Mid Cap ETF,N/A,N/A,N/A,N/A,Equity
NFRX,Harrison Street Infrastructure Active ETF,$27.22,N/A,N/A,N/A,Equity
