symbol,name,type,gmean 1y change,1y volatility,ratio
VDIV.DE,VanEck Morningstar Developed Markets Dividend Leaders UCITS ETF,UCITS,0.16035071763391606,0.0655236799465923,2.447217826663831
VUKG.DE,Vanguard FTSE 100 UCITS ETF GBP Accumulation,UCITS,0.1509524411749925,0.06853503350103134,2.2025588004231578
COR,Cencora,stock,0.2803827494926865,0.12739942451511596,2.200816452349194
ORLY,O’Reilly Automotive,stock,0.24385905716902045,0.11127168801560865,2.191564283043977
USFR,WisdomTree Floating Rate Treasury Fund,ETF,0.03704156298052408,0.017108606204926064,2.1650836156284163
MLPA,Global X MLP ETF,ETF,0.16820776624519884,0.07841439821108732,2.1451132710652527
TFLO,iShares Treasury Floating Rate Bond ETF,ETF,0.03784449389804201,0.01779389755379842,2.126824310616728
PWR,Quanta Services,stock,0.3959007977407891,0.19121212001891916,2.0704796207563483
AZO,AutoZone,stock,0.22717626838706528,0.11407162215119826,1.9915230808758944
SGOV,iShares 0-3 Month Treasury Bond ETF,ETF,0.03680978092110654,0.018699397691734954,1.9685008858534674
MCK,McKesson Corporation,stock,0.3804932567471988,0.19794541580505962,1.9222130262512154
AMLP,Alerian MLP ETF,ETF,0.18289601066520578,0.09555844499065247,1.913970143435221
ATMP,Barclays ETN+ Select MLP ETN,ETF,0.2303434724217217,0.12035034194225229,1.9139411546686542
LVHI,Franklin International Low Volatility High Dividend Index ETF,ETF,0.14165829642492644,0.07524030259805947,1.8827449057678294
EHF1.DE,Amundi Index Solutions - Amundi MSCI Europe High Dividend Factor UCITS ETF-C,UCITS,0.10905898565742267,0.058029123444144654,1.8793836471163707
BIL,State Street SPDR Bloomberg 1-3 Month T-Bill ETF,ETF,0.035450805650121264,0.018911536118818215,1.8745598150985416
PULS,PGIM Ultra Short Bond ETF,ETF,0.04287898225087483,0.02379272207039171,1.8021890107410017
CEBP.DE,iShares VII PLC - iShares MSCI EMU USD Hedged ETF Acc,UCITS,0.1160506860297168,0.06440992927143585,1.8017514899085956
TBLL,Invesco Short Term Treasury ETF,ETF,0.03479079175188038,0.01940321358676353,1.793042765638262
V50A.DE,Amundi Core EURO STOXX 50 UCITS ETF EUR Acc,UCITS,0.15265978793896107,0.08604325467704363,1.7742214484093748
QDVX.DE,iShares MSCI Europe Quality Dividend Advanced UCITS ETF EUR (Dist),UCITS,0.0984594847842144,0.05705206431848342,1.7257830362558157
GBIL,ACCESS TREASURY 0-1 YEAR ETF,ETF,0.03435536926460858,0.019969609495232382,1.7203826280534282
SXR3.DE,iShares VII PLC - iShares MSCI UK ETF GBP Acc,UCITS,0.10058715626833292,0.058653233881471784,1.714946467770259
AMZA,InfraCap MLP ETF,ETF,0.21435673354340734,0.12589771750234083,1.7026260507020057
SHV,iShares Trust iShares 0-1 Year Treasury Bond ETF,ETF,0.034358147418624974,0.020370034594247122,1.6867004942803756
SIXH,ETC 6 Meridian Hedged Equity Index Option ETF,ETF,0.08863473303986247,0.05279570556060241,1.678824671414262
WTDX.DE,WisdomTree Japan Equity UCITS ETF - USD Hedged,UCITS,0.2356425089036709,0.14056862100526138,1.6763521418827247
FLRN,State Street SPDR Bloomberg Investment Grade Floating Rate ETF,ETF,0.043210784262361024,0.025916564072640095,1.6673037421645833
BILS,State Street SPDR Bloomberg 3-12 Month T-Bill ETF,ETF,0.03411060850837311,0.020489323165613426,1.6647991850516493
FTSM,First Trust Enhanced Short Maturity ETF,ETF,0.035822664704309615,0.021601347322309047,1.6583532577763487
ICSH,iShares Ultra Short Duration Bond Active ETF,ETF,0.038157566911578344,0.02308199529852269,1.6531312140948462
FLOT,iShares Floating Rate Bond ETF,ETF,0.04327586541855721,0.026297863772823764,1.6456038327827422
JPST,JPMorgan Ultra-Short Income ETF,ETF,0.037610792410157634,0.022954636506958302,1.6384834671094257
AMEE.DE,Amundi Global Hydrogen UCITS ETF - Acc,UCITS,0.23083092417821782,0.14208903312266075,1.624551304947998
EL4Y.DE,Deka STOXX Europe 50 UCITS ETF,UCITS,0.09872264472486725,0.06084562641665816,1.622510121743758
VRIG,Invesco Variable Rate Investment Grade ETF,ETF,0.04592717847746264,0.028450845687150585,1.6142640884030026
AE50.DE,Amundi ETF Stoxx Europe 50 UCITS ETF,UCITS,0.09919268963456918,0.061511117090233984,1.6125977599961006
SXRW.DE,iShares VII PLC - iShares Core FTSE 100 ETF GBP Acc,UCITS,0.10230549509824072,0.06427161493036716,1.5917679244419178
EXW3.DE,iShares STOXX Europe 600 Top 20 UCITS ETF (DE),UCITS,0.09715361805243616,0.06105644254515381,1.5912099362911123
IUSZ.DE,iShares Core FTSE 100 UCITS ETF GBP (Dist),UCITS,0.10263956216395065,0.06454116943703307,1.5902959778887598
UFMB.DE,UBS MSCI United Kingdom UCITS ETF hEUR acc,UCITS,0.09440394336162572,0.05960599509053144,1.5837994687991044
D100.DE,Amundi FTSE 100 Swap UCITS ETF Dist,UCITS,0.1017167270697048,0.06458000761834685,1.575049784305191
CAH,Cardinal Health,stock,0.3611505073117651,0.23017441090161347,1.5690297887463107
VUKE.DE,Vanguard FTSE 100 UCITS ETF,UCITS,0.1023941610909247,0.06528378152269475,1.5684471503129638
ULST,State Street Ultra Short Term Bond ETF,ETF,0.037108739784637246,0.023682907886087252,1.5668996376258815
XUKX.DE,Xtrackers FTSE 100 Income UCITS ETF 1D,UCITS,0.10175142086695499,0.06548048204387513,1.5539198504796674
AFL,Aflac,stock,0.20449224705848712,0.1316542332438865,1.5532523491262893
WTDH.DE,WisdomTree Europe Equity UCITS ETF - USD Hedged,UCITS,0.10333165205522565,0.06658836274269905,1.5517974582811807
UIM3.DE,UBS FTSE 100 UCITS ETF GBP dis,UCITS,0.0997582451788308,0.06499795223975323,1.5347905855689086
FLSP,Franklin Systematic Style Premia ETF,ETF,0.07010753563278693,0.04590504041416358,1.527229580897088
XDUK.DE,Xtrackers FTSE 100 UCITS ETF 1C,UCITS,0.10125986699650391,0.0663560411961377,1.52600826045659
OCTW,AllianzIM U.S. Equity Buffer20 Oct ETF,ETF,0.08516493274852666,0.057453662063972726,1.48232383609766
EXH5.DE,iShares STOXX Europe 600 Insurance UCITS ETF (DE),UCITS,0.16115858720537246,0.10872867015620065,1.482208758498108
SC0Y.DE,Invesco STOXX Europe 600 Optimised Insurance UCITS ETF,UCITS,0.15950359817607418,0.10828873001230306,1.4729473524895196
MLPX,Global X MLP & Energy Infrastructure ETF,ETF,0.20767207605477522,0.1430479913638177,1.4517650620245157
UMI,USCF Midstream Energy Income Fund ETF,ETF,0.2030933140153779,0.14008784053383697,1.4497569042498197
JAAA, Janus Henderson AAA CLO ETF,ETF,0.04786619711093176,0.033092528497042493,1.4464351708637073
FLTR,VanEck IG Floating Rate ETF,ETF,0.04617287392346037,0.032073141415066675,1.4396118336500148
NEAR,iShares Short Duration Bond Active ETF,ETF,0.041685932417931504,0.029003019853369217,1.43729627565279
PJUL,Innovator U.S. Equity Power Buffer ETF - July,ETF,0.10080524409644864,0.07040321252958459,1.4318273339315108
DXJ,WisdomTree Japan Hedged Equity Fund,ETF,0.23568649476642745,0.16498314208612547,1.4285489522523034
GSST,Goldman Sachs Ultra Short Bond ETF,ETF,0.03879785740477382,0.027198611900497164,1.4264646132203764
ETLS.DE,L&G US Equity UCITS ETF,UCITS,0.17042671927010633,0.11962450850663511,1.4246806227057844
MEAR,iShares Short Maturity Municipal Bond Active ETF,ETF,0.024909510581974104,0.017504958800844933,1.4229973840767776
EMLP,First Trust North American Energy Infrastructure Fund,ETF,0.15541275780107222,0.11019528765078157,1.410339417540147
ENFR,Alerian Energy Infrastructure ETF,ETF,0.19634100458421022,0.1403827854863158,1.398611688064482
JMST,JPMorgan Ultra-Short Municipal Income ETF,ETF,0.023216173350056213,0.016651654126697366,1.3942262536449184
GCOW,Pacer Global Cash Cows Dividend ETF,ETF,0.10978058738792718,0.07937747643113224,1.3830193692687196
RSG,Republic Services,stock,0.1930913226472053,0.14151318969542465,1.3644757994840693
POCT,Innovator U.S. Equity Power Buffer ETF - October,ETF,0.09233981912303202,0.06787095805624624,1.3605203428321708
RAVI,FlexShares Ultra-Short Income Fund,ETF,0.035927273239009905,0.026439178844636996,1.3588649424449695
AVGO,Broadcom,stock,0.5646997654248831,0.41684307282563926,1.3547058887100436
CBOE,Cboe Global Markets,stock,0.2097679038106024,0.1549625555004202,1.3536683306054125
PMAR,Innovator U.S. Equity Power Buffer ETF - March,ETF,0.08584746623919637,0.06346859045338393,1.3525976491040739
GSY,Invesco Ultra Short Duration ETF,ETF,0.037611048583395146,0.027932447715993847,1.3465002768754644
HWM,Howmet Aerospace,stock,0.5412543341785117,0.40246115731002713,1.3448610489423412
WMB,Williams Companies,stock,0.28916047663436073,0.21507480493354916,1.344464669972392
HYGH,iShares Interest Rate Hedged High Yield Bond ETF,ETF,0.06974348435625233,0.05188915880168564,1.3440858546734946
ATO,Atmos Energy,stock,0.16331986672355425,0.12225205274422794,1.335927398006536
TKO,TKO Group Holdings,stock,0.369224945402681,0.2770530464160334,1.3326868272303305
4GLD.DE,Xetra-Gold,UCITS,0.20363027233513087,0.15298969499552414,1.3310064598866496
GLDA.DE,Amundi Physical Metals PLC    E,UCITS,0.20219306506205936,0.15254739621177316,1.325444223127649
VNLA,Janus Henderson Short Duration Income ETF,ETF,0.03843004176568998,0.029002163992305166,1.3250749763323253
6PSC.DE,Invesco FTSE RAFI Europe UCITS ETF,UCITS,0.11341696035102533,0.08576553644356089,1.3224071702234477
ABBV,AbbVie,stock,0.19585011502318506,0.14865370638173034,1.317492310082456
VGWE.DE,Vanguard FTSE All-World High Dividend Yield UCITS ETF USD Accumulation,UCITS,0.08990186448363735,0.06842130440857518,1.31394549198875
XGDU.DE,XTrackers ETC PLC             E,UCITS,0.203094049482335,0.15462433186910152,1.3134675961236548
WTEE.DE,WisdomTree Europe Equity Income UCITS ETF,UCITS,0.10253372360302193,0.07821531561316238,1.3109161907641418
VGWD.DE,Vanguard FTSE All-World High Dividend Yield UCITS ETF USD Distributing,UCITS,0.08974581719598795,0.06855668584715714,1.3090746159473148
DIVO,Amplify CWP Enhanced Dividend Income ETF,ETF,0.09690874619017698,0.07408045391345039,1.3081554049789883
TPYP,Tortoise North American Pipeline Fund,ETF,0.1769990100054084,0.13536320987186543,1.307585792128861
TJX,TJX Companies,stock,0.2051411107213721,0.15708442995271155,1.3059289885262815
XAD5.DE,Xtrackers Physical Gold ETC (EUR),UCITS,0.20143548359237085,0.15440935149257762,1.3045549485521526
FLXD.DE,Franklin European Quality Dividend UCITS ETF,UCITS,0.11055381820904042,0.08478889871358168,1.3038713780502453
XS7R.DE,Xtrackers MSCI Europe Financials Screened UCITS ETF 1C,UCITS,0.1840631851329626,0.14154855585543655,1.3003536773695255
PSWD.DE,Invesco FTSE RAFI All World 3000 UCITS ETF,UCITS,0.09865129350548663,0.07611251745422383,1.2961244326837336
WTIF.DE,WisdomTree Japan Equity UCITS ETF - EUR Hedged Acc,UCITS,0.2106104961287667,0.16252236486545812,1.2958862388146866
ELFC.DE,Deka EURO iSTOXX ex Fin Dividend+ UCITS ETF,UCITS,0.08306608642292757,0.06443522676974721,1.2891409029994705
HDV,iShares Core High Dividend ETF,ETF,0.092930424505131,0.07210473914438566,1.2888254726092705
ESIF.DE,iShares MSCI Europe Financials Sector UCITS ETF,UCITS,0.19666893329111046,0.15280088009049017,1.2870929354244636
FLDR,Fidelity Low Duration Bond Factor ETF,ETF,0.03885550149735528,0.030192436792904807,1.2869283047231976
QDVW.DE,iShares MSCI World Quality Dividend Advanced UCITS ETF USD (Dist),UCITS,0.09348775216851712,0.07287677802085242,1.2828195031038176
SPYZ.DE,SPDR MSCI Europe Financials UCITS ETF,UCITS,0.19654837992673868,0.15327656643758167,1.282311996509776
FVSH.DE,Franklin Euro Short Maturity UCITS ETF,UCITS,0.02251065279915654,0.01757532366881874,1.280810141726938
XEON.DE,Xtrackers II EUR Overnight Rate Swap UCITS ETF 1C,UCITS,0.02094146011052911,0.016363032978673208,1.279803086495224
AJG,Arthur J. Gallagher & Co.,stock,0.1919393431752754,0.15007153631770428,1.2789856616709525
PPA,Invesco Aerospace & Defense ETF,ETF,0.19313614792850697,0.15125462368504697,1.27689417502151
ROL,"Rollins, Inc.",stock,0.14800061324394087,0.116198382580925,1.2736890992511671
ANET,Arista Networks,stock,0.4644620953572136,0.36530303127037883,1.2714433103442886
EXV1.DE,iShares STOXX Europe 600 Banks UCITS ETF (DE),UCITS,0.27783161786499955,0.21866813291440246,1.2705629035290507
EFRN.DE,iShares € Floating Rate Bond Advanced UCITS ETF EUR (Dist),UCITS,0.024801203455791176,0.019545824289504094,1.2688747779805412
XEOD.DE,Xtrackers II EUR Overnight Rate Swap UCITS ETF 1D,UCITS,0.020830390253665287,0.01647564829781712,1.2643138453268108
LCUK.DE,Amundi UK Equity All Cap UCITS ETF,UCITS,0.09108050193159944,0.0729715604172181,1.248164372679475
WRB,W. R. Berkley Corporation,stock,0.220651521657645,0.17739655433667473,1.2438320602263682
DDWM,WisdomTree Dynamic International Equity Fund,ETF,0.11928441901196263,0.09602274500295453,1.2422517082623743
LGQI.DE,Amundi Global Equity Quality Income UCITS ETF Dist,UCITS,0.08501163514067533,0.06860943775868847,1.2390661972726886
IS3S.DE,iShares Edge MSCI World Value Factor UCITS ETF USD (Acc),UCITS,0.09805548833390798,0.07923251438518802,1.237566283170218
DBEF,Xtrackers MSCI EAFE Hedged Equity ETF,ETF,0.11521990223655831,0.09352518710868628,1.2319665514559244
XDEV.DE,Xtrackers MSCI World Value UCITS ETF 1C,UCITS,0.0994786527052609,0.080767405479665,1.2316682963191987
HEFA,iShares Currency Hedged MSCI EAFE ETF,ETF,0.11798022046353718,0.0960259096431373,1.2286290325391247
PSEP,Innovator U.S. Equity Power Buffer ETF - September,ETF,0.08914047592575414,0.07257003620913573,1.228337211640145
L8I3.DE,Amundi EUR Overnight Return UCITS ETF Acc,UCITS,0.020141467061912888,0.016485789757761393,1.22174717486194
EXSC.DE,iShares STOXX Europe Large 200 UCITS ETF (DE),UCITS,0.09440206481215019,0.07750169739733268,1.2180644809386996
FJUN,FT Vest U.S. Equity Buffer ETF - June,ETF,0.10409016397261839,0.08568947809164765,1.2147368182274447
TRV,Travelers Companies (The),stock,0.17048455088001013,0.14034767828610803,1.2147301114056628
IBM,IBM,stock,0.25025670781706233,0.2060490849887367,1.2145489888040133
LYMH.DE,Amundi MSCI Greece UCITS ETF,UCITS,0.2499205720265978,0.20755825629062935,1.2040984371956345
FTLS,First Trust Long/Short Equity ETF,ETF,0.09632115531575658,0.07999916667975632,1.2040269831976953
IAK,iShares U.S. Insurance ETF,ETF,0.15093435178523795,0.1253863292453844,1.2037544498958526
IS3M.DE,iShares € Ultrashort Bond UCITS ETF,UCITS,0.022233013224162823,0.018549338152006246,1.1985879518703022
FJAN,FT Vest US Equity Buffer ETF - January,ETF,0.09971025496655117,0.08379059272456454,1.1899934315337468
L,Loews Corporation,stock,0.14762301595497895,0.1241160896384423,1.189394673849408
FTSL,First Trust Senior Loan Fund,ETF,0.053516520877336715,0.04516891046846306,1.1848087616525964
JEPI,JPMorgan Equity Premium Income Fund,ETF,0.07351731962298702,0.06212959745795561,1.1832898108303005
DBEU,Xtrackers MSCI Europe Hedged Equity ETF,ETF,0.09974486884795031,0.0844996565726788,1.1804174465745785
FDVV,Fidelity High Dividend ETF,ETF,0.12487956575070225,0.10584129890555272,1.1798755971630535
BKLN,Invesco Senior Loan ETF,ETF,0.05566028716692162,0.047195328977090376,1.1793600844257344
FFLC,Fidelity Fundamental Large Cap Core ETF,ETF,0.15479039638106262,0.1316513914912719,1.1757596682244318
SC0U.DE,Invesco STOXX Europe 600 Optimised Banks UCITS ETF,UCITS,0.2738561190886142,0.2330529454027077,1.1750811328104005
BRK-B,Berkshire Hathaway,stock,0.1481207066850203,0.1262021691222472,1.1736779780824644
GWW,W. W. Grainger,stock,0.23755431706115848,0.20246573414971314,1.1733062785108077
PSFF,Pacer Swan SOS Fund of Funds ETF,ETF,0.0866230694398169,0.07392147434628374,1.1718255108662035
FJUL,FT Vest U.S. Equity Buffer ETF - July,ETF,0.10606577487029134,0.09063152660326045,1.1702966820209741
FTHI,First Trust BuyWrite Income ETF,ETF,0.10136449279667636,0.08672596129696232,1.1687906513897215
D5BL.DE,Xtrackers MSCI Europe Value UCITS ETF 1C,UCITS,0.11649534068406386,0.09982920952630692,1.1669464401935898
EUED.DE,iShares € Ultrashort Bond ESG SRI UCITS ETF EUR Inc,UCITS,0.021895898459972196,0.018771728057083385,1.1664295579708193
SPYF.DE,SPDR FTSE UK All Share UCITS ETF,UCITS,0.08496418214672063,0.07299909758571654,1.1639072941546234
ZPRW.DE,SPDR MSCI Europe Value UCITS ETF EUR Acc,UCITS,0.11162193315394031,0.09607580281706375,1.1618110895880587
CEMS.DE,iShares Edge MSCI Europe Value Factor UCITS ETF EUR (Acc),UCITS,0.11559932802430417,0.09965946150928985,1.1599433337649379
OPEN.DE,iShares Inclusion and Diversity UCITS ETF,UCITS,0.07877005385506441,0.06800053587570201,1.1583740163319884
RWL,Invesco S&P 500 Revenue ETF,ETF,0.11007003804980187,0.09521873492666345,1.1559703889636503
DBJP,Xtrackers MSCI Japan Hedged Equity ETF,ETF,0.17891213239747383,0.15488832097331334,1.1551040857903012
DBXI.DE,Xtrackers FTSE MIB UCITS ETF 1D,UCITS,0.17880761744588325,0.15549811584515305,1.149902148164561
FLBL,Franklin Senior Loan ETF Franklin Liberty Senior Loan Fund,ETF,0.058525936169760984,0.05093165525748124,1.1491072864977079
FDL,First Trust Morningstar Dividend Leaders Index Fund,ETF,0.1121831040235266,0.09774387491259526,1.1477251554007166
AUSF,Global X Adaptive U.S. Factor ETF,ETF,0.1344133690540823,0.11733962032509418,1.1455071073324135
LYBK.DE,Amundi Euro Stoxx Banks UCITS ETF Acc,UCITS,0.30144956083239016,0.26382343689865045,1.142618579971703
SXRY.DE,iShares VII PLC - iShares FTSE MIB ETF EUR Acc,UCITS,0.17776208951597838,0.1555981692687079,1.1424433227681159
EXX1.DE,iShares EURO STOXX Banks 30-15 UCITS ETF (DE),UCITS,0.2983439777237218,0.26153689635615673,1.140733800394426
DLN,WisdomTree U.S. LargeCap Dividend Fund,ETF,0.10517934779234683,0.0922456052329019,1.1402098509385872
XESP.DE,Xtrackers Spain UCITS ETF 1C,UCITS,0.18346197495362682,0.16094018988593942,1.1399388498525378
8PSG.DE,Invesco Physical Markets PLC  O,UCITS,0.2030076507384364,0.1781609500755802,1.139462102398509
2B7C.DE,iShares V PLC - iShares S&P 500 Industrials Sector UCITS ETF,UCITS,0.11612125374700355,0.10194018143732356,1.139111703645525
PGR,Progressive Corporation,stock,0.27082479923062497,0.237761068732377,1.139062844369464
BUFF,Innovator Laddered Allocation Power Buffer ETF,ETF,0.07926390883100787,0.06959251514180212,1.1389717510496533
XESD.DE,Xtrackers Spain UCITS ETF 1D,UCITS,0.1833280920885343,0.1613556638255309,1.1361738890477469
ZPDI.DE,SPDR S&P U.S. Industrials Select Sector UCITS ETF,UCITS,0.1152536002145419,0.10146380395767787,1.1359085281546901
S7XE.DE,Invesco EURO STOXX Optimised Banks UCITS ETF,UCITS,0.29164460158255134,0.2567841640048285,1.1357577392391975
SDCI,USCF SummerHaven Dynamic Commodity Strategy No K-1 Fund,ETF,0.17115481390301723,0.15078277907018678,1.1351084981882953
FLXU.DE,Franklin U.S. Equity UCITS ETF,UCITS,0.09242744809718517,0.08151549103122391,1.1338635997638966
FRNE.DE,Amundi Index Solutions - Amundi EUR Floating Rate Corporate Bond ESG - UCITS ETF DR - EUR (C),UCITS,0.02284226796631761,0.02017972277679977,1.1319416138153748
PNOV,Innovator U.S. Equity Power Buffer ETF - November,ETF,0.07189502488700472,0.06357033593036818,1.1309524141221308
LLY,Lilly (Eli),stock,0.39888619783626655,0.35296341277049287,1.130106360614872
MINT,PIMCO Enhanced Short Maturity Active Exchange-Traded Fund,ETF,0.03501535183657367,0.031061618257706414,1.1272867867367578
AIRR,First Trust RBA American Industrial Renaissance ETF,ETF,0.2073703193904175,0.18405396918310538,1.126682137368719
DIVI,Franklin International Core Dividend Tilt Index ETF,ETF,0.11719972432778158,0.10411815582581581,1.125641569409379
PFEB,Innovator U.S. Equity Power Buffer ETF - February,ETF,0.07819585601848611,0.06970252272633255,1.1218511606172457
SO,Southern Company,stock,0.13288914423223708,0.1185616935786391,1.1208438427382528
IFRA,iShares U.S. Infrastructure ETF,ETF,0.11160273379319108,0.09992107317737803,1.1169088786213894
WAB,Wabtec,stock,0.24397809008994065,0.218732515227807,1.1154175675977607
SMLP.DE,Invesco Morningstar US Energy Infrastructure MLP UCITS ETF,UCITS,0.18835161907224718,0.16922984853207929,1.1129928952016002
DGRW,WisdomTree US Quality Dividend Growth Fund,ETF,0.10776085828029514,0.09691559521713117,1.1119042094191969
SMLD.DE,Invesco Morningstar US Energy Infrastructure MLP UCITS ETF (Dist),UCITS,0.1881269825880929,0.16931468437607536,1.1111084858430376
ARGT,Global X MSCI Argentina ETF,ETF,0.30398714331567267,0.27491848586847983,1.1057355505045927
TCRS.DE,Janus Henderson HMT Global IG Credit Curve Steepener Core UCITS ETF Acc,UCITS,0.027232487136351846,0.024637088597187082,1.1053451802523895
DTD,WisdomTree U.S. Total Dividend Fund,ETF,0.10106870135399837,0.09159752966085162,1.103399859452702
MGV,Vanguard Mega Cap Value ETF,ETF,0.09956690174802962,0.09040312072537426,1.1013657598225288
FGEQ.DE,Fidelity Global Quality Income ETF Inc,UCITS,0.08794816582503029,0.07987934715085682,1.1010125766167698
JEST.DE,JPM EUR Ultra-Short Income Active UCITS ETF - EUR (acc),UCITS,0.021122392169172777,0.01937947457040107,1.0899362669736012
PWV,Invesco Large Cap Value ETF,ETF,0.10715743882507245,0.09837366163225263,1.089289928290521
VYM,Vanguard High Dividend Yield Index ETF,ETF,0.09639740007511621,0.08878820097652683,1.085700566234032
PJEU.DE,Invesco EuroMTS Cash 3 Months UCITS ETF,UCITS,0.01828896600840757,0.0168565316640397,1.08497799979955
H4ZE.DE,HSBC MSCI Europe UCITS ETF,UCITS,0.09070816338450371,0.08373492212583948,1.083277575014456
NS4E.DE,Invesco JPX-Nikkei 400 UCITS ETF (EUR Hdg),UCITS,0.16145115414565847,0.14927291974527693,1.0815836818973112
HEWJ,iShares Currency Hedged MSCI Japan ETF,ETF,0.17772365602441553,0.16439481371548767,1.0810782408987405
18M1.DE,Amundi Euro Government Bond 0-6 M UCITS ETF Acc,UCITS,0.01792045174428103,0.016582265442057483,1.0806998480937058
EXH1.DE,iShares STOXX Europe 600 Oil & Gas UCITS ETF (DE),UCITS,0.1333225238695488,0.12344252028715061,1.0800372801804066
CB,Chubb Limited,stock,0.14428642560597194,0.13427377828520734,1.0745688953467667
IUS,Invesco RAFI Strategic US ETF,ETF,0.1079707723754495,0.1006814352113725,1.0724000124628104
XUIN.DE,Xtrackers MSCI USA Industrials UCITS ETF 1D,UCITS,0.11625630435092837,0.10844945789666025,1.071986034837603
WM,Waste Management,stock,0.127052880034785,0.11868485240476956,1.0705062816396875
OP4E.DE,OSSIAM BLOOMBERG EUROPE ex EUROZONE PAB NR 1C EUR,UCITS,0.07085611287029092,0.066201116742277,1.0703159758790168
KIE,State Street SPDR S&P Insurance ETF,ETF,0.124095892876257,0.11596618027961826,1.070104168103462
WTDM.DE,WisdomTree US Quality Dividend Growth UCITS ETF - USD Acc,UCITS,0.10727337145632276,0.1003394555688724,1.06910457953094
SNA,Snap-on,stock,0.13801058505803998,0.12928118034381808,1.0675226254200836
TPHD,Timothy Plan High Dividend Stock ETF,ETF,0.0820978798125116,0.07694077718366359,1.067026911055728
UET5.DE,UBS EURO STOXX 50 ESG UCITS ETF EUR dis,UCITS,0.1274016795551407,0.1196153846259646,1.0650944270548786
PAPR,Innovator U.S. Equity Power Buffer ETF - April,ETF,0.07071590468407862,0.06664094317700972,1.061148016711665
FSEP,FT Vest U.S. Equity Buffer ETF - September,ETF,0.0904507298776065,0.0855836851732894,1.0568688377283864
LQDH,iShares Interest Rate Hedged Corporate Bond ETF,ETF,0.05204374723748462,0.04925188151850254,1.0566854632331812
VRTX,Vertex Pharmaceuticals,stock,0.21268811962685175,0.2020209791537854,1.0528021422218043
HIG,Hartford (The),stock,0.1990713021494468,0.18944643904675734,1.0508051940755347
UFMA.DE,UBS Core MSCI Japan UCITS ETF hEUR acc,UCITS,0.15915736391130753,0.15159163424225733,1.0499086226417975
NLR,VanEck Uranium and Nuclear ETF,ETF,0.23536800514163803,0.22450678679278657,1.0483781292495005
TRGP,Targa Resources,stock,0.42211786671957285,0.4029114807928427,1.0476689963982564
U1FB.DE,UBS MSCI Japan Socially Responsible UCITS ETF hEUR acc,UCITS,0.1316146504822615,0.1256419654271242,1.0475373418016263
MAR,Marriott International,stock,0.17335270841616657,0.16595749081451427,1.0445609147580912
IQQY.DE,iShares Core MSCI Europe UCITS ETF EUR (Dist),UCITS,0.08463112261944117,0.08112160492952415,1.043262429200778
ITA,iShares U.S. Aerospace & Defense ETF,ETF,0.17367471486138686,0.1665316430142598,1.0428931806462476
MCD,McDonald's,stock,0.08668590446072688,0.08317927922339957,1.042157437165443
DBA,Invesco DB Agriculture Fund,ETF,0.11219039294210753,0.10770786541786528,1.0416174576188262
EJAH.DE,BNP Paribas Easy MSCI Japan Min TE UCITS ETF H EUR Cap,UCITS,0.15957559242661845,0.1535061879260609,1.039538500581364
FFEB,FT Vest U.S. Equity Buffer Fund - February,ETF,0.09676405550837508,0.09328660700297423,1.0372770391926676
CTAS,Cintas,stock,0.21374667575158068,0.20613753288913064,1.0369129423244943
UIME.DE,UBS MSCI EMU Value UCITS ETF EUR dis,UCITS,0.1251937537965382,0.12076854883474461,1.0366420314269809
TTPX.DE,Amundi Index Solutions - Amundi Japan Topix UCITS ETF-C EUR Hedged,UCITS,0.1541687242688956,0.14887991809084722,1.0355239729163548
PH,Parker Hannifin,stock,0.26831419378562926,0.25945118691634467,1.0341605948102381
10AI.DE,Amundi Index Solutions - Amundi Core MSCI Europe UCITS ETF DR EUR,UCITS,0.08393810722599926,0.08117902281166538,1.033987652459613
XIEE.DE,Xtrackers MSCI Europe UCITS ETF 1D,UCITS,0.08436771371825569,0.08161607272156106,1.0337144499231425
XBO2.DE,Xtrackers II Italy Government Bond 0-1 Swap UCITS ETF 1C,UCITS,0.018002319142193413,0.017415965389092843,1.0336675998143512
VJPE.DE,Vanguard FTSE Japan UCITS ETF EUR Hedged Accumulation,UCITS,0.15550566488549977,0.15050382354204458,1.033233981873277
JMLP.DE,Alerian Midstream Energy Dividend UCITS ETF,UCITS,0.17405841793420795,0.16885465622173892,1.0308179935863626
PJAN,Innovator U.S. Equity Power Buffer ETF - January,ETF,0.08255228623137323,0.08015514863681551,1.0299062210640915
UIMA.DE,UBS Core MSCI Europe UCITS ETF EUR dis,UCITS,0.08438074953944574,0.08206184307208923,1.0282580354101896
FUSA.DE,Fidelity US Quality Income UCITS ETF Acc,UCITS,0.10006010033669233,0.09732340271530848,1.0281196253422136
XMEU.DE,Xtrackers MSCI Europe UCITS ETF 1C,UCITS,0.08517899836327025,0.08285741878068921,1.0280189706213985
FUSD.DE,Fidelity US Quality Income UCITS ETF Inc,UCITS,0.1000508484817173,0.09734279453789464,1.0278197678285108
FLRT,Pacer Aristotle Pacific Floating Rate High Income ETF,ETF,0.06212875239548521,0.06051897460555504,1.0265995549399545
JPNH.DE,Amundi Japan TOPIX II UCITS ETF,UCITS,0.15264479878042736,0.14871846487508472,1.0264011191121463
PDEC,Innovator U.S. Equity Power Buffer ETF - December,ETF,0.07418868542359403,0.07230012961420479,1.0261210570363652
VTV,Vanguard Value ETF,ETF,0.0937206291061421,0.09135907402947996,1.0258491573141395
JREE.DE,JPMorgan ETFs (Ireland) ICAV - Europe Research Enhanced Index Equity Active UCITS ETF - EUR (acc),UCITS,0.08357427399554851,0.08150387708314874,1.0254024346631705
MPC,Marathon Petroleum,stock,0.31732186323686173,0.30963803478399105,1.0248155187337726
IBCG.DE,iShares MSCI Japan EUR Hedged UCITS ETF (Acc),UCITS,0.1548108025967314,0.15109176653291295,1.0246144190987954
PFM,Invesco Dividend Achievers™ ETF,ETF,0.09211227174077696,0.08997429190813737,1.023762119015312
BAPR,Innovator U.S. Equity Buffer ETF - April,ETF,0.09300081299077978,0.09084534333540574,1.0237268039971619
SC0E.DE,Invesco MSCI Europe UCITS ETF,UCITS,0.08299450855809254,0.08114644773362417,1.0227743897124728
ZPDW.DE,SPDR MSCI Japan EUR Hdg UCITS ETF,UCITS,0.15700495513038626,0.1537159799740806,1.0213964426916462
SPYE.DE,SPDR MSCI Europe UCITS ETF,UCITS,0.08304539854813608,0.0814638518487378,1.0194140918150407
DHS,WisdomTree US High Dividend Fund,ETF,0.09697652734736839,0.09516839570555201,1.0189992867738433
RAAX,VanEck Inflation Allocation ETF,ETF,0.1060409851224533,0.10409706216225918,1.0186741385377818
LYY5.DE,Amundi MSCI Europe UCITS ETF Acc,UCITS,0.08281987331873064,0.08130355810683897,1.0186500473927491
OP5H.DE,OSSIAM MSCI JAPAN NR 1C Hedged Index EUR,UCITS,0.13534498900693337,0.13294677214584458,1.0180389250703876
XDWI.DE,Xtrackers MSCI World Industrials UCITS ETF 1C,UCITS,0.10809280056391679,0.1062762835275761,1.017092402707791
IS3F.DE,iShares $ Corp Bond Interest Rate Hedged UCITS ETF USD (Dist),UCITS,0.059676510374307545,0.058697730958470896,1.0166749105945705
STLD,Steel Dynamics,stock,0.2604784697800464,0.25684263098000554,1.0141559007792749
PAUG,Innovator U.S. Equity Power Buffer ETF - August,ETF,0.0855907219954386,0.08443413415406742,1.013698107441485
VDC,Vanguard Consumer Staples ETF,ETF,0.06623078787744219,0.06537003485122206,1.0131673943295143
ACGL,Arch Capital Group,stock,0.23718991046132332,0.234332543466269,1.012193641364481
PRAE.DE,Amundi Index Solutions - Amundi Prime Europe UCITS ETF DR (C),UCITS,0.08401738127873104,0.0830191058176726,1.0120246472330219
EL42.DE,Deka MSCI Europe UCITS ETF,UCITS,0.08181908492638534,0.08087417154347028,1.011683747293871
STIP,iShares 0-5 Year TIPS Bond ETF,ETF,0.03193107211458379,0.031591819633611205,1.0107386179367663
VFMV,Vanguard U.S. Minimum Volatility ETF,ETF,0.08697920496300626,0.0860864804484481,1.0103700895879086
FNDX,Schwab Fundamental U.S. Large Company ETF,ETF,0.10384101931222811,0.10285827132856822,1.0095543894619872
PR1E.DE,Amundi Index Solutions - Amundi Prime Europe UCITS ETF DR,UCITS,0.08387968766082121,0.08308758210340031,1.0095333807696456
FMAY,FT Vest U.S. Equity Buffer Fund - May,ETF,0.08329153421186097,0.08251136028266054,1.0094553516816083
ELFA.DE,Deka EURO STOXX 50 ESG Filtered UCITS ETF,UCITS,0.11410481288684249,0.11316330603162794,1.0083198952755181
SPYV,State Street SPDR Portfolio S&P 500 Value ETF,ETF,0.09904932874719097,0.09830391159010926,1.0075827822619086
BUFR,FT Vest Laddered Buffer ETF,ETF,0.08749421862784623,0.08701154435380168,1.005547244076969
WTIZ.DE,WisdomTree Japan Equity UCITS ETF - USD Acc,UCITS,0.10972604940050035,0.10951659674669494,1.0019125197461154
XMK9.DE,Xtrackers MSCI Japan UCITS ETF 4C EUR Hedged,UCITS,0.15398487164987817,0.1537737776321271,1.0013727569225495
VTIP,Vanguard Short-Term Inflation-Protected Securities ETF,ETF,0.031911123025001764,0.03189343587306807,1.00055457028851
IGE,iShares North American Natural Resources ETF,ETF,0.14665218953519932,0.14676938346402818,0.9992015097013909
VOOV,Vanguard S&P 500 Value ETF,ETF,0.09846961374816288,0.09857908782294215,0.9988894797345264
HUBB,Hubbell Incorporated,stock,0.23367291257960598,0.23527820425504203,0.9931770489301427
DJAM.DE,Amundi Dow Jones Industrial Average UCITS ETF Dist,UCITS,0.08529167647968894,0.08606663620347742,0.9909958172182269
HLT,Hilton Worldwide,stock,0.1893295531369128,0.1911295453054699,0.9905823447354499
BSX,Boston Scientific,stock,0.23077956159397228,0.2329855633591592,0.9905315946044851
IVE,iShares S&P 500 Value ETF,ETF,0.09745047888717906,0.09839930692288973,0.9903573707439401
PRAB.DE,Amundi Prime Euro Government Bond 0-1Y UCITS ETF Acc,UCITS,0.017408474910701743,0.017578928259263608,0.9903035414874033
JNHD.DE,Amundi Core MSCI Japan UCITS ETF EUR Hedged Dist,UCITS,0.1525427379487656,0.15410299378653966,0.9898752399324877
SC0V.DE,Invesco STOXX Europe 600 Optimised Oil & Gas UCITS ETF,UCITS,0.1284658417870883,0.12980899457586748,0.9896528526920054
IUSV,iShares Core S&P U.S. Value ETF,ETF,0.09679428234425114,0.09788782304445016,0.9888286339793004
VWCG.DE,Vanguard FTSE Developed Europe UCITS ETF EUR Accumulation,UCITS,0.0842867596714576,0.08531603571174384,0.9879357258960807
540H.DE,Amundi MSCI Europe Ex EMU ESG Selection UCITS ETF Acc,UCITS,0.06536952412841113,0.06634114332997354,0.9853541987250705
GII,State Street SPDR S&P Global Infrastructure ETF,ETF,0.10649222558665539,0.10830630376800245,0.9832504838755008
VUSE,Vident U.S. Equity Strategy ETF,ETF,0.10443457706629555,0.10631304765484631,0.982330761557609
VGEU.DE,Vanguard FTSE Developed Europe UCITS ETF,UCITS,0.0839294762047782,0.08551530442677416,0.9814556209250955
XDNE.DE,Xtrackers MSCI Japan Screened UCITS ETF 3C EUR Hedged,UCITS,0.1480091671894257,0.1509457159776545,0.9805456632590784
SXRU.DE,iShares VII PLC - iShares Dow Jones Indust Avg ETF USD Acc,UCITS,0.08436231688583717,0.08605526847541359,0.9803271592829892
PAVE,Global X US Infrastructure Development ETF,ETF,0.1498028198859156,0.15303769754078456,0.9788622169122293
H4ZA.DE,HSBC EURO STOXX 50 UCITS ETF,UCITS,0.11570338725013563,0.11823484946889297,0.9785895425068954
WMT,Walmart,stock,0.23162227632377008,0.23685337053163172,0.9779142082879373
UIMF.DE,UBS Core MSCI Europe UCITS ETF hEUR acc,UCITS,0.08092594226001926,0.08300304338353355,0.9749756028352287
ILCV,iShares Morningstar Value ETF,ETF,0.0975985689279637,0.10026955619062228,0.9733619319349458
DOCT,FT Vest U.S. Equity Deep Buffer ETF - October,ETF,0.06688405315178114,0.06872034174683125,0.9732788203845801
QDEF,FlexShares Quality Dividend Defensive Index Fund,ETF,0.11012262746534685,0.11341174557385576,0.9709984350221734
FOCT,FT Vest U.S. Equity Buffer ETF - October,ETF,0.07559475780927971,0.07792219632714505,0.9701312510739055
TDG,TransDigm Group,stock,0.2637175543842798,0.27207619599982996,0.9692783060832143
CEFS,Saba Closed End Funds ETF,ETF,0.11874768581881834,0.12327939129451329,0.9632403646050721
JBL,Jabil,stock,0.35739511741239727,0.37150460671597313,0.9620206881731537
APH,Amphenol,stock,0.3174039853071591,0.3305700024493277,0.960171772863187
KO,Coca-Cola Company (The),stock,0.09235123296086956,0.09618675678833835,0.960124200508091
FNDB,Schwab Fundamental U.S. Broad Market ETF,ETF,0.09938673419843558,0.10367457358301164,0.9586413598205656
SIXA,ETC 6 Meridian Mega Cap Equity ETF,ETF,0.11369360097264392,0.11877883677634256,0.9571873581042555
GC=F,Gold,commodity,0.19996428124098897,0.2093687572550575,0.9550817603477878
FSTA,Fidelity MSCI Consumer Staples Index ETF,ETF,0.0638252317381851,0.06687544378497196,0.9543896552433453
LGLV,State Street SPDR US Large Cap Low Volatility Index ETF,ETF,0.08350154923265984,0.08755542448969493,0.9536993249628729
IYK,iShares U.S. Consumer Staples ETF,ETF,0.05415720765049503,0.05699011497913112,0.9502912508656378
FTQI,First Trust Nasdaq BuyWrite Income ETF,ETF,0.08881315333096418,0.09349898558705902,0.9498836032639973
DDEC,FT Vest US Equity Deep Buffer ETF - December,ETF,0.07364524005653128,0.07755237407975368,0.9496194143688707
DJD,Invesco Dow Jones Industrial Average Dividend ETF,ETF,0.08816104468205888,0.09288302765167537,0.9491620472652484
HEZU,iShares Currency Hedged MSCI Eurozone ETF,ETF,0.1124544846406883,0.11875047820129245,0.9469813203620798
WTPI,WisdomTree Equity Premium Income Fund,ETF,0.08300129736664874,0.08766190338869662,0.9468343049616142
GLDM,SPDR Gold Minishares Trust of beneficial interest,ETF,0.1988605934694212,0.21049467059883117,0.9447298257180932
WTV,WisdomTree U.S. Value Fund,ETF,0.11953467999928735,0.1266557657593787,0.9437760632735818
ETDD.DE,BNP Paribas Easy Euro Stoxx 50 UCITS ETF EUR C,UCITS,0.10835752507628449,0.11489615491679936,0.9430909603089004
SGOL,abrdn Physical Gold Shares ETF,ETF,0.19812909593669548,0.21027878346896345,0.9422210489720603
AAAU,Goldman Sachs Physical Gold ETF,ETF,0.19799755510480255,0.21027089324248716,0.9416308270325802
BAR,GraniteShares Gold Trust,ETF,0.19802420104438534,0.21042549490128276,0.9410656305562438
ETBB.DE,BNP Paribas Easy Euro Stoxx 50 UCITS ETF EUR C/D,UCITS,0.1083129586920224,0.11517810805331041,0.9403953626490333
IQSA.DE,Invesco Global Active ESG Equity UCITS ETF USD Acc,UCITS,0.11997073673877434,0.12759810062193497,0.9402235311812358
ETSZ.DE,BNP Paribas Easy Stoxx Europe 600 UCITS ETF EUR C,UCITS,0.0806570348577762,0.08582526189718813,0.9397819834723831
ETSA.DE,BNP Paribas Easy Stoxx Europe 600 UCITS ETF EUR C/D,UCITS,0.08067210939776315,0.0858538902796977,0.9396441924174529
EXSA.DE,iShares STOXX Europe 600 UCITS ETF (DE) EUR (Dist),UCITS,0.08126891475811471,0.08652524096331261,0.9392509498190634
V3ET.DE,VanEck European Equal Weight Screened UCITS ETF,UCITS,0.09328669836887249,0.09933951835476601,0.9390693644771116
OUNZ,VanEck Merk Gold ETF,ETF,0.19716093215378194,0.2101186121865067,0.9383315932944427
IAU,iShares Gold Trust,ETF,0.19717010303420834,0.2102103188315024,0.937965862619015
DFEB,FT Vest U.S. Equity Deep Buffer ETF - February,ETF,0.07077969869505019,0.07553626218690863,0.9370294034395202
XESC.DE,Xtrackers Euro Stoxx 50 UCITS ETF 1C,UCITS,0.1086120554245329,0.11602459146329369,0.9361123711337879
FDEC,FT Vest US Equity Buffer ETF - December,ETF,0.09283687556131937,0.0991742409360844,0.9360986752714414
SXRT.DE,iShares VII PLC - iShares Core EURO STOXX 50 ETF EUR Acc,UCITS,0.10864659224319984,0.11607120575133699,0.9360339762124713
V50D.DE,Amundi Core EURO STOXX 50 UCITS ETF EUR Dist,UCITS,0.1086124593040747,0.1160648675697049,0.9357910070318693
EUN2.DE,iShares Core EURO STOXX 50 UCITS ETF EUR (Dist),UCITS,0.10851944186732321,0.11600117158459501,0.9355029814348411
COWZ,Pacer US Cash Cows 100 ETF,ETF,0.08508558351559214,0.09097129017123243,0.9353014929813372
EXW1.DE,iShares Core EURO STOXX 50 UCITS ETF (DE),UCITS,0.10820992761221304,0.11579168637226121,0.9345224255938944
UIM1.DE,UBS EURO STOXX 50 UCITS ETF EUR dis,UCITS,0.10853414651505044,0.11618946851135642,0.9341134605882311
AMP,Ameriprise Financial,stock,0.17693322537381806,0.18957000152815276,0.9333397897743961
IUSL.DE,iShares Dow Jones Global Leaders Screened UCITS ETF USD (Acc),UCITS,0.0898794744342275,0.09631280991878749,0.9332037400841624
XSX6.DE,Xtrackers Stoxx Europe 600 UCITS ETF 1C,UCITS,0.08113314262250926,0.08697005126680733,0.9328859928299735
XESX.DE,Xtrackers Euro Stoxx 50 UCITS ETF 1D,UCITS,0.1085149013734481,0.11640022234932346,0.9322568220513268
LYSX.DE,Amundi EURO STOXX 50 II UCITS ETF,UCITS,0.10783700619138159,0.11567755250772595,0.9322206759533515
EXI3.DE,iShares Dow Jones Industrial Average UCITS ETF (DE),UCITS,0.07997395919836192,0.08579434044205599,0.9321589138199035
QDVD.DE,iShares MSCI USA Quality Dividend Advanced UCITS ETF USD (Dist),UCITS,0.09402864831924207,0.10087858626680965,0.9320972051546157
EXXW.DE,iShares Dow Jones Asia Pacific Select Dividend 50 UCITS ETF (DE),UCITS,0.08162703627614665,0.08758517178284508,0.9319732394717364
FDLO,Fidelity Low Volatility Factor ETF,ETF,0.08789198608100879,0.09432107583549873,0.9318382482648667
GD,General Dynamics,stock,0.14571031473500273,0.15647749940120084,0.9311902049342471
5ESG.DE,Invesco S&P 500 Scored & Screened ETF Acc,UCITS,0.11758782042247296,0.1262933862747982,0.9310687114416027
GLD,SPDR Gold Shares,ETF,0.19542674190047316,0.20994778455609356,0.9308349802960617
EL4B.DE,Deka EURO STOXX 50 UCITS ETF,UCITS,0.10752874958719416,0.11554296771639426,0.9306386335092987
DGT,State Street SPDR Global Dow ETF,ETF,0.11924554110364616,0.12817223125585667,0.9303539458996302
ED,Consolidated Edison,stock,0.11069243132978301,0.11901545367684116,0.9300677173431832
XDWF.DE,Xtrackers MSCI World Financials UCITS ETF 1C,UCITS,0.12930673664939474,0.13910048472913716,0.9295922792877878
LYPD.DE,Amundi MSCI World Financials UCITS ETF EUR Acc,UCITS,0.12785711897594987,0.13780418505997175,0.9278173875510896
H41C.DE,HSBC Developed World Screened Equity UCITS ETF,UCITS,0.08667025381531057,0.09347446399573978,0.9272078181615535
KLAC,KLA Corporation,stock,0.3087692506841442,0.3333739717669948,0.9261948347303862
BKR,Baker Hughes,stock,0.19843469647066647,0.21424971726643072,0.9261841695870364
ROUS,Hartford Multifactor US Equity ETF,ETF,0.09673745058003136,0.10448777709613064,0.9258255201565937
SC0C.DE,Invesco STOXX Europe 600 UCITS ETF,UCITS,0.08015326365305109,0.0866408965891105,0.9251204316729703
6TVM.DE,Amundi Core S&P 500 Swap UCITS ETF USD Dist,UCITS,0.11801291665648295,0.1278776086698074,0.9228583321510487
SC0D.DE,Invesco EURO STOXX 50 UCITS ETF,UCITS,0.10693867688567638,0.11597643777536944,0.9220724393415327
USCP.DE,Ossiam Shiller Barclays Cape US Sector Value TR 1C (EUR),UCITS,0.09505497989776224,0.10311973060202158,0.9217923606163761
JPGL.DE,JPM Global Equity Multi-Factor UCITS ETF,UCITS,0.077046556513922,0.08365189229891662,0.9210378199049998
SPPY.DE,SPDR S&P 500 Leaders UCITS ETF,UCITS,0.11999362321579743,0.13029368319308854,0.920947357347885
S6X0.DE,Invesco EURO STOXX 50 UCITS ETF (Dist),UCITS,0.10687660797314491,0.11607133504519997,0.920783826011181
JREG.DE,JPMorgan ETFs (Ireland) ICAV - Global Research Enhanced Index Equity Active UCITS ETF - USD (acc),UCITS,0.10126337209606939,0.10998644691459536,0.9206895480013146
VIG,Vanguard Dividend Appreciation ETF,ETF,0.09128306750050097,0.0993041924573215,0.9192267238841119
4UBQ.DE,UBS S&P 500 Scored & Screened UCITS ETF USD acc,UCITS,0.11595612089404916,0.12623296507239457,0.9185882691383219
6PSA.DE,Invesco FTSE RAFI US 1000 UCITS ETF,UCITS,0.09454094326011364,0.1030495445041019,0.9174319373760106
GE,GE Aerospace,stock,0.434610562772453,0.4747157994606053,0.9155173753776011
EUPE.DE,Ossiam Shiller Barclays Cape Europe Sector Value TR UCITS ETF 1C EUR Acc,UCITS,0.05364194634354558,0.05859291723634451,0.9155022291716873
WTEI.DE,WisdomTree Emerging Markets Equity Income UCITS ETF,UCITS,0.07342995824032017,0.08039666015520092,0.913345879027413
IWX,iShares Russell Top 200 Value ETF,ETF,0.08639219588426195,0.09459806595332258,0.9132554139837314
INFL,Horizon Kinetics Inflation Beneficiaries ETF,ETF,0.11559318938020469,0.12724811282631354,0.9084078876516057
GC40.DE,Amundi Index Solutions - AMUNDI CAC 40 ESG UCITS ETF DR - EUR (C),UCITS,0.08050826153256141,0.0886472866789818,0.9081864154974735
MSI,Motorola Solutions,stock,0.18335913092660294,0.20204523018424972,0.9075152665538974
WTD8.DE,WisdomTree Emerging Markets Equity Income UCITS ETF - Acc,UCITS,0.07300051480053549,0.08046891332719841,0.907189022221596
I500.DE,iShares S&P 500 Swap UCITS ETF,UCITS,0.11575230671296755,0.12762078832403898,0.9070019722732283
GREK,Global X MSCI Greece ETF,ETF,0.2542175370907085,0.2803432344180608,0.9068081761217306
EQL,Alps Equal Sector Weight ETF,ETF,0.09149163745839828,0.10089847881560357,0.9067692450111492
XASX.DE,Xtrackers - Xtrackers MSCI UK ESG UCITS ETF 1D,UCITS,0.07752766063369965,0.08560656857550843,0.9056274760658949
USMC,Principal U.S. Mega-Cap ETF,ETF,0.13256008395434948,0.14638618756514749,0.9055504905157472
ETLQ.DE,L&G Global Equity UCITS ETF,UCITS,0.09997251167960419,0.11040538575683605,0.9055039389091951
LIN,Linde plc,stock,0.11992144182552478,0.13249724441641567,0.9050863084264051
D500.DE,Invesco S&P 500 UCITS ETF (Dist),UCITS,0.11565191660640961,0.12779461518737353,0.9049827055454551
DJAN,FT Vest US Equity Deep Buffer ETF - January,ETF,0.06616979900592024,0.07313141230434718,0.9048067980766574
DGRO,iShares Core Dividend Growth ETF,ETF,0.08729430235860303,0.09653097159133744,0.9043139307471416
SPPW.DE,SPDR MSCI World UCITS ETF,UCITS,0.09912200218063427,0.10965191009473127,0.9039696809202874
JQUA,JPMorgan U.S. Quality Factor ETF,ETF,0.11390884458147332,0.1263811830224028,0.901311744813161
PRF,Invesco RAFI US 1000 ETF,ETF,0.09718565819090963,0.10791760839842986,0.9005542249611569
LYPS.DE,Amundi Core S&P 500 Swap UCITS ETF EUR Dist,UCITS,0.11456440761919984,0.12726559843723786,0.9001993392244038
RECS,Columbia Research Enhanced Core ETF,ETF,0.12372462404473827,0.1375205930024376,0.8996807048566553
D5BM.DE,Xtrackers S&P 500 Swap UCITS ETF 1C,UCITS,0.1147419033744943,0.12766700437336997,0.898759267813041
IQQX.DE,iShares Asia Pacific Dividend UCITS ETF USD (Dist),UCITS,0.07802203403779862,0.08683561278978899,0.8985027171590736
IGF,iShares Global Infrastructure ETF,ETF,0.09685164986851502,0.10794237067183624,0.8972533145761736
IBCZ.DE,iShares STOXX World Equity Multifactor UCITS ETF USD (Acc),UCITS,0.08785848858371326,0.09800387105315671,0.8964797781922241
SC0J.DE,Invesco MSCI World UCITS ETF,UCITS,0.09915140391772725,0.11071338279574926,0.8955683713562231
SLMC.DE,iShares MSCI Europe Screened UCITS ETF EUR (Acc),UCITS,0.08112260400633775,0.09063037010027324,0.8950929353657486
VGVE.DE,Vanguard FTSE Developed World UCITS ETF USD Distributing,UCITS,0.09678667315491896,0.10815662609239489,0.8948751144681332
AUM5.DE,Amundi Index Solutions - Amundi S&P 500 Swap UCITS ETF EUR Acc,UCITS,0.11370800460584651,0.12716137180004405,0.8942024059369822
SLMD.DE,iShares MSCI Europe Screened UCITS ETF EUR (Dist),UCITS,0.08108565644363042,0.09070902887696262,0.893909431591586
H4ZJ.DE,HSBC MSCI World UCITS ETF,UCITS,0.09838596746999606,0.11007419619313556,0.8938149981796696
EHDV.DE,Invesco EURO STOXX High Dividend Low Volatility UCITS ETF,UCITS,0.11128931929502794,0.12458594190662008,0.8932734913096516
VFMF,Vanguard U.S. Multifactor ETF,ETF,0.10203449898490935,0.11425244012874144,0.8930618800783184
ELFB.DE,Deka Euro Prime ESG UCITS ETF,UCITS,0.15037098850859376,0.16838109214397354,0.8930396316708749
VGVF.DE,Vanguard FTSE Developed World UCITS ETF USD Accumulation,UCITS,0.09685839920994588,0.10846836060137148,0.8929645352150846
FEUR.DE,Fidelity Europe Equity Research Enhanced UCITS ETF EUR Acc,UCITS,0.07036764273992024,0.07885089535185302,0.8924139976587669
HEDJ,WisdomTree Europe Hedged Equity Fund,ETF,0.10182077156821978,0.11414639702448703,0.8920191457850122
OUSA,ALPS O'Shares U.S. Quality Dividend ETF,ETF,0.0837355195624081,0.09390561060231004,0.8916987922801307
EUNL.DE,iShares Core MSCI World UCITS ETF USD (Acc),UCITS,0.0978216714830793,0.1097230710291901,0.8915323875418633
XDWL.DE,Xtrackers MSCI World UCITS ETF 1D,UCITS,0.09825443411761525,0.1102631063778219,0.8910907496197473
DJUL,FT Vest U.S. Equity Deep Buffer ETF - July,ETF,0.08146669879683888,0.0914372113111208,0.8909578237206225
LYYA.DE,Amundi MSCI World Swap II UCITS ETF Dist,UCITS,0.0979722390471458,0.11002275050431437,0.8904725486144247
TSWE.DE,VanEck World Equal Weight Screened UCITS ETF,UCITS,0.08078721674841494,0.09075276062979099,0.890190184714836
XDWD.DE,Xtrackers MSCI World UCITS ETF 1C,UCITS,0.0977317913273037,0.10993328042330253,0.8890100518331073
CDNS,Cadence Design Systems,stock,0.19808333977103731,0.22295392464696137,0.8884496654844465
VLU,State Street SPDR S&P 1500 Value Tilt ETF,ETF,0.09752174853329398,0.10978281699486944,0.8883152318623008
AME6.DE,Amundi Index Solutions - AMUNDI STOXX EUROPE 600 ESG - UCITS ETF DR - EUR (C),UCITS,0.07644884816745678,0.08606905702324708,0.8882268588908567
KR,Kroger,stock,0.15460858442437053,0.17423273639048698,0.887368169882064
QDVE.DE,iShares S&P 500 Information Technology Sector UCITS ETF USD (Acc),UCITS,0.18318552561812718,0.20667400223631763,0.886350114847377
SXR8.DE,iShares Core S&P 500 UCITS ETF USD (Acc),UCITS,0.11261070943679874,0.12709986109270446,0.8860018293384476
IUSA.DE,iShares Core S&P 500 UCITS ETF USD Dist,UCITS,0.11262894238152965,0.12716715545741822,0.8856763523285958
IOO,iShares Global 100 ETF,ETF,0.13356971727600708,0.15087109157816922,0.8853234630890308
VUSA.DE,Vanguard S&P 500 UCITS ETF,UCITS,0.1125454463016351,0.12719646778711294,0.884815814932856
UETW.DE,UBS Core MSCI World UCITS ETF USD acc,UCITS,0.09836371348187689,0.11118854270588256,0.884656917773173
XSXE.DE,Xtrackers Stoxx Europe 600 UCITS ETF 2C - EUR Hedged,UCITS,0.07692138266951032,0.0869533020257231,0.8846286555829119
SPY5.DE,SPDR S&P 500 UCITS ETF,UCITS,0.11255224648133777,0.12726187468583217,0.8844144938080816
IS3K.DE,iShares $ Short Duration High Yield Corp Bond UCITS ETF,UCITS,0.04844757721211579,0.05480477375515259,0.8840028685924625
BGX.DE,Expat Bulgaria SOFIX UCITS ETF,UCITS,0.117968906929933,0.13349310163416123,0.8837078881665932
EWU,iShares MSCI United Kingdom ETF,ETF,0.10027685123723584,0.11373218118848277,0.8816928523603352
H4ZF.DE,HSBC S&P 500 UCITS ETF,UCITS,0.11243523986658421,0.12752673390633046,0.8816601540910545
RL,Ralph Lauren Corporation,stock,0.28207824465020814,0.3199776210935041,0.8815561653537609
UBU7.DE,UBS Core MSCI World UCITS ETF USD dis,UCITS,0.09834532885262837,0.11157828459380871,0.8814020506825876
ACIO,Aptus Collared Investment Opportunity ETF,ETF,0.09040173544102492,0.10263714243086147,0.8807896761342652
NI,NiSource,stock,0.16573536296856028,0.18820132738771128,0.8806280235586802
ESEE.DE,BNP Paribas Easy S&P 500 UCITS ETF EUR C,UCITS,0.11208113356576277,0.1273146483256521,0.8803475094167936
TDVG,T. Rowe Price Dividend Growth ETF,ETF,0.08438813154915437,0.09588199704426137,0.8801248842386838
DBXW.DE,Xtrackers MSCI World Swap UCITS ETF,UCITS,0.09736488180896141,0.11062909901456051,0.8801019142002293
FLQL,Franklin U.S. Large Cap Multifactor Index ETF,ETF,0.121398491670059,0.13819928426627529,0.8784306830139195
SRLN,State Street Blackstone Senior Loan ETF,ETF,0.04686637135870697,0.053422109287918844,0.8772841803403966
RSPU,Invesco S&P 500 Equal Weight Utilities ETF,ETF,0.11028230789530324,0.1258582121218012,0.8762424480380816
CEUG.DE,Amundi MSCI Europe ESG Broad Transition - UCITS ETF DR - EUR (C),UCITS,0.0761609282089375,0.0870532468142801,0.8748775145793202
KMI,Kinder Morgan,stock,0.19573104047364742,0.22380977560796836,0.8745419628876959
JPCT.DE,JPMorgan ETFs (Ireland) ICAV - Carbon Transition Global Equity (CTB) UCITS ETF,UCITS,0.0905305893687196,0.10361262573686322,0.8737409048838601
EEUX.DE,BNP Paribas Easy MSCI Europe Min TE UCITS ETF Cap,UCITS,0.07679865290769117,0.08809686625844734,0.871752380866637
AIG,American International Group,stock,0.1328880386500053,0.15249165253245078,0.8714446754501939
SHYG,iShares 0-5 Year High Yield Corporate Bond ETF,ETF,0.04886794480701395,0.05608166475787339,0.8713711516588549
COST,Costco,stock,0.22350891674190887,0.25655318537869365,0.871199148870404
RLY,State Street Multi-Asset Real Return ETF,ETF,0.07435939283070891,0.08537191129472343,0.8710053658515764
DNOV,FT Vest U.S. Equity Deep Buffer ETF - November,ETF,0.07148145123185623,0.08208967970332637,0.870772690187019
PID,Invesco International Dividend Achievers™ ETF,ETF,0.07806297644370042,0.08966267578246077,0.870629565339947
UIMZ.DE,UBS Factor MSCI EMU Prime Value Screened UCITS ETF EUR dis,UCITS,0.07653880870537466,0.08797317476143653,0.8700244013351878
XLI,State Street Industrial Select Sector SPDR ETF,ETF,0.11596369131688866,0.13340781481590464,0.8692421165650012
BBCK.DE,Invesco Global Buyback Achievers UCITS ETF,UCITS,0.08951866124466568,0.10299845542097365,0.8691262493091418
DX2G.DE,Xtrackers CAC 40 UCITS ETF,UCITS,0.07510176536863433,0.08647431530365304,0.8684863835569648
CNP,CenterPoint Energy,stock,0.132289231931211,0.15241600890735632,0.8679484056797534
PANW,Palo Alto Networks,stock,0.26770359349301986,0.30855386455053974,0.8676073264646187
DX2E.DE,Xtrackers S&P Global Infrastructure Swap UCITS ETF,UCITS,0.09546490113066275,0.11005686216565441,0.8674143461129369
HDEF,Xtrackers MSCI EAFE High Dividend Yield Equity ETF,ETF,0.10378367186821924,0.11970466821894461,0.8669976986895345
AMEW.DE,Amundi Index Solutions - Amundi MSCI World Swap UCITS ETF EUR Acc,UCITS,0.09522399864335851,0.1098411887978008,0.8669243267081705
UIM7.DE,UBS MSCI World UCITS ETF USD dis,UCITS,0.09575129212868894,0.11052045673023177,0.866367141084182
HLAL,Wahed FTSE USA Shariah ETF,ETF,0.10519729495612196,0.12153993019819273,0.8655369044936823
XSMI.DE,Xtrackers Switzerland UCITS ETF 1D,UCITS,0.06012950648909121,0.06960145547232761,0.8639116248509732
FXU,First Trust Utilities AlphaDEX Fund,ETF,0.11923748905621889,0.13811145594988225,0.863342495639809
IQQW.DE,iShares MSCI World UCITS ETF USD (Dist),UCITS,0.09462018536724837,0.10960753887763301,0.8632634792838777
UTES,Virtus Reaves Utilities ETF,ETF,0.1746136716524478,0.20229879471779172,0.8631473652427595
XGSD.DE,Xtrackers Stoxx Global Select Dividend 100 Swap UCITS ETF 1D,UCITS,0.07959289993669083,0.09222773737836891,0.8630039313461304
PPH,VanEck Pharmaceutical ETF,ETF,0.08127407605024306,0.09433478249285873,0.8615494084209673
HYS,PIMCO 0-5 Year High Yield Corporate Bond Index Exchange-Traded Fund,ETF,0.05144425614477521,0.059748783417004216,0.8610092658411255
DXSA.DE,Xtrackers Euro Stoxx Quality Dividend UCITS ETF,UCITS,0.10805934854721899,0.1255581730805734,0.8606317366363316
WELL,Welltower,stock,0.23247459933538317,0.270561378562001,0.8592305397427963
WTEM.DE,WisdomTree Global Quality Dividend Growth UCITS ETF - USD Acc,UCITS,0.07012756824241251,0.0816734962904277,0.8586331114446438
IGLD,FT Vest Gold Strategy Target Income ETF,ETF,0.13959825880410648,0.16260989859031838,0.8584856150474102
H412.DE,HSBC USA Screened Equity UCITS ETF,UCITS,0.09184316970306261,0.10698830210287906,0.8584412304697292
AAPL,Apple Inc.,stock,0.13003553417164437,0.15148084378532556,0.858428900461679
JREU.DE,JPMorgan ETFs (Ireland) ICAV - US Research Enhanced Index Equity Active UCITS ETF - USD (acc),UCITS,0.11318821376538457,0.1320022671512719,0.8574717405093747
JRUD.DE,JPMorgan ETFs (Ireland) ICAV - US Research Enhanced Index Equity Active UCITS ETF - USD (dist),UCITS,0.11317120104833278,0.1320250421760533,0.8571949622816313
BUFD,FT Vest Laddered Deep Buffer ETF,ETF,0.06575021820998783,0.0768282340645604,0.8558080113456276
QVMP.DE,Invesco S&P 500 QVM UCITS ETF,UCITS,0.13005599711449833,0.15205532228936575,0.8553202555251433
ELFW.DE,Deka MSCI World UCITS ETF,UCITS,0.09428498952759612,0.11053202899124161,0.8530105742930596
SNAW.DE,iShares MSCI World Screened UCITS ETF USD (Acc),UCITS,0.10155498463720858,0.11909652877419906,0.8527115414904464
S6DW.DE,iShares MSCI World Screened UCITS ETF USD (Dist),UCITS,0.10146371550559885,0.11912258493145866,0.8517588462673098
ONEV,State Street SPDR Russell 1000 Low Volatility Focus ETF,ETF,0.072702547270586,0.0854400000652363,0.8509193260191382
IXC,iShares Global Energy ETF,ETF,0.15642355406791575,0.18388377601544786,0.8506653357758696
FAUG,FT Vest U.S. Equity Buffer ETF - August,ETF,0.07647943447411754,0.09001819084417535,0.8495997726338016
DSTL,Distillate US Fundamental Stability & Value ETF,ETF,0.08807121226269654,0.10374590502676449,0.8489126606006842
VLED.DE,BNP Paribas Easy Low Vol Europe UCITS ETF Dis,UCITS,0.06696868488194574,0.07889375728383204,0.8488464383945605
VLEU.DE,BNP Paribas Easy Low Vol EuropeUCITS ETF Cap,UCITS,0.06685912690440121,0.07878829504881985,0.8485921273327856
QDF,FlexShares Quality Dividend Index Fund,ETF,0.0948638457596207,0.11182562364374055,0.8483193982610149
ORCL,Oracle Corporation,stock,0.2545739766319701,0.30046111145896104,0.8472776240353538
18M2.DE,Amundi MSCI EMU High Dividend UCITS ETF Acc,UCITS,0.0752271000987419,0.08880326825407031,0.8471208501416145
DIA,SPDR Dow Jones Industrial Average ETF Trust,ETF,0.08659276849021302,0.1022683536353224,0.8467210570240842
SECT,Main Sector Rotation ETF,ETF,0.0984877654327807,0.1163820427447964,0.8462453752315172
VWCE.DE,Vanguard FTSE All-World UCITS ETF USD Accumulation,UCITS,0.08934119786938344,0.10570813150172677,0.845168641240471
FNOV,FT Vest U.S. Equity Buffer ETF - November,ETF,0.07934098251191024,0.09390213879340538,0.8449326451069318
IUSQ.DE,iShares MSCI ACWI UCITS ETF USD Acc,UCITS,0.09015553598223214,0.10673519721017799,0.8446654743580231
FLGB,Franklin FTSE United Kingdom ETF,ETF,0.10225582134485234,0.12108038685318798,0.8445283666696511
PJUN,Innovator U.S. Equity Power Buffer ETF - June,ETF,0.06262453803010959,0.07419432084957286,0.8440610725055261
EL4W.DE,Deka Deutsche Börse EUROGOV Germany Money Market UCITS ETF,UCITS,0.014557658554160913,0.017258342319252204,0.8435143007866638
VGWL.DE,Vanguard FTSE All-World UCITS ETF,UCITS,0.0893133145627989,0.10588606543540002,0.8434850628885442
VNRA.DE,Vanguard FTSE North America UCITS ETF USD Accumulation,UCITS,0.1084756193268197,0.12870394664002766,0.8428305592696034
XDJE.DE,Xtrackers Nikkei 225 UCITS ETF 2D EUR Hedged,UCITS,0.14756394979361387,0.17512243209399297,0.8426330540819138
USTB,VictoryShares Short-Term Bond ETF,ETF,0.03562099116225603,0.0423193949503756,0.8417178743700324
VNRT.DE,Vanguard FTSE North America UCITS ETF,UCITS,0.10850857287937576,0.12895481078057675,0.8414464898406054
LRGF,iShares US Equity Factor ETF,ETF,0.1223843552644015,0.1454676944588549,0.841316387942187
SC0H.DE,Invesco MSCI USA UCITS ETF,UCITS,0.11113933412330268,0.1322908816660295,0.8401133375456348
SPYY.DE,SPDR MSCI All Country World UCITS ETF,UCITS,0.08969572548741356,0.10677384115603847,0.8400533737128827
MA,Mastercard,stock,0.11869317894300035,0.14138180978036274,0.8395222774937647
SXR2.DE,iShares VII PLC - iShares MSCI Canada ETF USD Acc,UCITS,0.09003017605771735,0.10726231466343321,0.8393458256071882
EQWL,Invesco S&P 100 Equal Weight ETF,ETF,0.10241059616599024,0.12201523834908873,0.8393262804846628
XLP,State Street Consumer Staples Select Sector SPDR ETF,ETF,0.057098552624725185,0.06819553303202544,0.8372770192720836
EXVM.DE,iShares eb.rexxGovernment Germany 0-1yr UCITS ETF (DE),UCITS,0.01455375499097289,0.01738699758919465,0.8370481974425239
IDOG,ALPS International Sector Dividend Dogs ETF,ETF,0.1117459157921179,0.1335199372968028,0.8369230697264093
V,Visa Inc.,stock,0.11931386586935111,0.14264136455976206,0.8364604912298249
ACM9.DE,Amundi MSCI World ex EMU UCITS ETF Acc,UCITS,0.09636250786486134,0.11522992034553602,0.8362629044253643
TEQI,T. Rowe Price Equity Income ETF,ETF,0.07701755956069145,0.09226925955839495,0.8347044284228696
ISPA.DE,iShares STOXX Global Select Dividend 100 UCITS ETF (DE),UCITS,0.07588236274602833,0.0909613520620764,0.8342264162283182
XMUS.DE,Xtrackers MSCI USA Swap UCITS ETF 1C,UCITS,0.11028709627910538,0.13236406765804704,0.8332102377211925
EL4I.DE,Deka MSCI USA LC UCITS ETF,UCITS,0.11148152205068529,0.13389060882233303,0.8326313774449736
CAT,Caterpillar Inc.,stock,0.2333556684639997,0.2803384278550872,0.8324069955355036
RJF,Raymond James Financial,stock,0.15371773495846774,0.18477514901857092,0.8319177972521524
YUM,Yum! Brands,stock,0.06978168315679056,0.08404425424993775,0.8302968927449582
XAD1.DE,Xtrackers Physical Gold EUR Hedged ETC,UCITS,0.16814795943528327,0.20253693295588984,0.830208875888843
SPYQ.DE,SPDR MSCI Europe Industrials UCITS ETF,UCITS,0.1217161793773267,0.14666791707852722,0.8298759660721087
ZPDX.DE,SPDR STOXX Europe 600 SRI UCITS ETF EUR Acc,UCITS,0.07971490824741734,0.09613060825858723,0.829235450513198
EUFN,iShares MSCI Europe Financials ETF,ETF,0.18855031945227307,0.22737922363087903,0.8292328403687415
FTA,First Trust Large Cap Value AlphaDEX Fund,ETF,0.07197806457153155,0.08689690205593878,0.8283156576191472
BJAN,Innovator U.S. Equity Buffer ETF - January,ETF,0.09291841665568912,0.11223333325409694,0.8279039208906079
ABFL,Abacus FCF Leaders ETF,ETF,0.09554517354087211,0.11554469831370036,0.8269109265530284
IQQD.DE,iShares UK Dividend UCITS ETF GBP (Dist),UCITS,0.09595387700715485,0.11617917832849588,0.8259128562249415
BBUS.DE,JPMorgan ETFs (Ireland) ICAV - BetaBuilders US Equity UCITS ETF - USD (acc),UCITS,0.10867997395958406,0.13165866777916765,0.825467671766769
CDL,VictoryShares US Large Cap High Dividend Volatility Wtd ETF,ETF,0.07678288526779209,0.09307486120951843,0.8249583643745448
FAST,Fastenal,stock,0.1482302273461631,0.17968261758383725,0.8249558546029143
UBU3.DE,UBS Core MSCI USA UCITS ETF USD dis,UCITS,0.10899366421040568,0.13220732033321125,0.8244147444763377
FDRR,Fidelity Dividend ETF for Rising Rates,ETF,0.09640174731916629,0.11701923260023046,0.8238111392210278
PR1Z.DE,Amundi Index Solutions - Amundi Prime Eurozone UCITS ETF DR,UCITS,0.09366425959679936,0.1138101905259355,0.8229865811133564
XGDE.DE,XTrackers ETC PLC             E,UCITS,0.1675850407172006,0.20368246138914797,0.8227759993385929
XD9U.DE,Xtrackers MSCI USA UCITS ETF 1C,UCITS,0.10836569184620193,0.1318047619040626,0.8221682606966706
B500.DE,Amundi Index Solutions - Amundi S&P 500 Buyback,UCITS,0.08271453383447236,0.10061963761008083,0.8220515974725137
D5BH.DE,Xtrackers MSCI Canada Screened UCITS ETF 1C,UCITS,0.09793467913009457,0.11917745413386752,0.8217550864955402
PRAZ.DE,Amundi Index Solutions - Amundi Prime Eurozone UCITS ETF DR (C),UCITS,0.09389125504419549,0.11430263472679762,0.8214268662188869
SGAS.DE,iShares MSCI USA Screened UCITS ETF USD (Acc),UCITS,0.11521710230998505,0.1403846353014837,0.8207244479607758
REGL,ProShares S&P MidCap 400 Dividend Aristocrats ETF,ETF,0.06518475386348865,0.07943144298947878,0.820641693140622
SLUS.DE,iShares MSCI USA Screened UCITS ETF USD (Dist),UCITS,0.11518084734793943,0.14043728721174847,0.8201585891806077
SJNK,State Street SPDR Bloomberg Short Term High Yield Bond ETF,ETF,0.04911151646136869,0.05989595228933931,0.8199471681179011
EXSI.DE,iShares EURO STOXX UCITS ETF (DE),UCITS,0.09223645954451642,0.11251716043315801,0.8197545973381585
NRG,NRG Energy,stock,0.43060505785991277,0.5258205078714719,0.81892024258051
ESGE.DE,Invesco MSCI Europe Universal Screened UCITS ETF,UCITS,0.07402829288361046,0.09044624597439022,0.8184783357904264
IRM,Iron Mountain,stock,0.2562425423881769,0.31357163125608756,0.8171738666592222
LYY0.DE,Amundi MSCI All Country World UCITS ETF EUR Acc,UCITS,0.0878357572614461,0.10752888989419719,0.8168572868916614
QLC,FlexShares US Quality Large Cap Index Fund,ETF,0.12437069769210973,0.15226579385175873,0.8167999820970506
RSPN,Invesco S&P 500 Equal Weight Industrials ETF,ETF,0.10871503210233913,0.13325694231699955,0.815830156478612
SXR4.DE,iShares VII PLC - iShares MSCI USA ETF USD Acc,UCITS,0.10778093746801964,0.13216679709892634,0.8154917863928111
EPU,iShares MSCI Peru and Global Exposure ETF,ETF,0.2261781268535601,0.27781698936063914,0.8141263332169879
IDMO,Invesco S&P International Developed Momentum ETF,ETF,0.13427283403857637,0.16498208578438217,0.8138631136841109
PTLC,Pacer Trendpilot US Large Cap ETF,ETF,0.09355382431459414,0.11504829480389506,0.8131700211120972
GACA.DE,Goldman Sachs ActiveBeta Paris-Aligned Sustainable US Large Cap Equity UCITS ETF USD Acc,UCITS,0.10368372240482882,0.12762267203507652,0.8124240054802474
IQQN.DE,iShares MSCI North America UCITS ETF USD (Dist),UCITS,0.10450850785724475,0.1286623986161304,0.812269233135084
PCAR,Paccar,stock,0.19150295718656096,0.23615221283797122,0.8109301830593262
UIM6.DE,UBS MSCI USA UCITS ETF USD dis,UCITS,0.10649685856014002,0.13160287379565982,0.8092289741749713
SXR7.DE,iShares VII PLC -iShares Core MSCI EMU UCITS ETF EUR (Acc),UCITS,0.09193040824586585,0.11365602060529963,0.8088476770194016
CE8G.DE,Amundi Index Solutions - Amundi MSCI World Ex Europe ETF-C EUR,UCITS,0.09858774060423214,0.12194543333157931,0.8084578315955814
IS3G.DE,iShares MSCI EMU Large Cap UCITS ETF EUR (Acc),UCITS,0.09092972684404921,0.11256716756474432,0.8077819564194855
SNPE,Xtrackers S&P 500 Scored & Screened ETF,ETF,0.11558858737837352,0.143221929567622,0.8070592801488445
ONEY,State Street SPDR Russell 1000 Yield Focus ETF,ETF,0.07092023120246949,0.08793670986790411,0.8064917519543742
MO,Altria,stock,0.146595870372062,0.18181210520305535,0.8063042348491462
FUSR.DE,Fidelity US Equity Research Enhanced UCITS ETF USD Acc,UCITS,0.11154172406607832,0.1386057250379978,0.8047411031218221
EFIV,State Street SPDR S&P 500 ESG ETF,ETF,0.1153570034306246,0.1434330681250152,0.8042566818000456
HEGD,Swan Hedged Equity US Large Cap ETF,ETF,0.073426023107525,0.09130572646213345,0.8041776343346486
LMVF.DE,Amundi Core MSCI EMU UCITS ETF Dist,UCITS,0.09120582270278055,0.11357046664096701,0.803076938929129
XD5E.DE,Xtrackers MSCI EMU UCITS ETF 1D,UCITS,0.09154870706514684,0.11409797404200075,0.8023692605746595
540J.DE,Amundi Index Solutions - Amundi MSCI Switzerland UCITS ETF-C EUR,UCITS,0.05715355354352036,0.07123272798598997,0.8023496384240866
DX2Z.DE,Xtrackers S&P Select Frontier Swap UCITS ETF,UCITS,0.10887235772837367,0.13577596676290013,0.8018529370407128
UIM4.DE,UBS Core MSCI EMU UCITS ETF EUR dis,UCITS,0.09148898441096254,0.11420529317228838,0.8010923300458906
ZPRE.DE,SPDR MSCI EMU UCITS ETF,UCITS,0.09075189453390564,0.11339134502356588,0.8003423410758984
RTX,RTX Corporation,stock,0.19036752329996198,0.23801465161324178,0.7998143055886187
MXUK.DE,Invesco MSCI Europe ex-UK UCITS ETF,UCITS,0.07559212564871975,0.09457346578385968,0.7992952888231852
FIDU,Fidelity MSCI Industrial Index ETF,ETF,0.11436346266022746,0.1431167810310802,0.7990919152617856
XUEK.DE,Xtrackers S&P Europe ex UK UCITS ETF 1D,UCITS,0.0793830843997747,0.09940452797650545,0.7985862014106352
EXI2.DE,iShares Dow Jones Global Titans 50 UCITS ETF (DE),UCITS,0.12911807887786475,0.16218252069489975,0.7961282037338886
PMAY,Innovator U.S. Equity Power Buffer ETF - May,ETF,0.06375414193950801,0.0801133308312739,0.7957994166261811
RPV,Invesco S&P 500® Pure Value ETF,ETF,0.07900881930486658,0.09934418465431541,0.7953039181889799
VIS,Vanguard Industrials ETF,ETF,0.1138232567482198,0.14313213768559715,0.7952320044170863
FGLR.DE,Fidelity Global Equity Research Enhanced UCITS ETF USD Acc,UCITS,0.08694545140108878,0.10943410167728061,0.7945005265131111
USMV,iShares MSCI USA Min Vol Factor ETF,ETF,0.0746965347381896,0.09408759029059394,0.7939042174157702
VERE.DE,Vanguard FTSE Developed Europe ex UK UCITS ETF Accuimulation,UCITS,0.07719148840900214,0.09749632728512375,0.7917373972791714
EUN0.DE,iShares Edge MSCI Europe Minimum Volatility UCITS ETF EUR (Acc),UCITS,0.06470865068460441,0.08173824146556562,0.7916569958489336
ETLN.DE,L&G Europe ex UK Equity UCITS ETF,UCITS,0.07674412939098074,0.09699661167547516,0.7912042293574766
EDM6.DE,iShares MSCI Europe CTB Enhanced ESG UCITS ETF EUR Acc,UCITS,0.06945185195307779,0.08779167420781203,0.7910983880849343
EMNU.DE,iShares MSCI Europe CTB Enhanced ESG UCITS ETF EUR Inc,UCITS,0.06937983393393865,0.08771179524782664,0.7909977641879103
IQQU.DE,iShares MSCI Europe ex-UK UCITS ETF EUR (Dist),UCITS,0.0745118283870283,0.09434653330475772,0.7897675280377346
ESGW.DE,Invesco MSCI World Universal Screened UCITS ETF,UCITS,0.09241389213015117,0.11703125447021734,0.7896513845681206
DXS0.DE,Xtrackers SLI UCITS ETF,UCITS,0.06821193697932704,0.08650802356689635,0.788504166050898
VERX.DE,Vanguard FTSE Developed Europe ex UK UCITS ETF Distributing,UCITS,0.07690775791022686,0.0977022060690814,0.7871650089031603
ADI,Analog Devices,stock,0.11789295308898207,0.1499500632683173,0.786214760563502
FICO,Fair Isaac,stock,0.3793232415634995,0.4824795007268852,0.7861955606238722
GSPY,Gotham Enhanced 500 ETF,ETF,0.11071072299934581,0.1409137633272427,0.7856629500572158
UIM9.DE,UBS MSCI Canada UCITS ETF CAD dis,UCITS,0.09506824512935408,0.12102862613868927,0.7855021424469725
RDIV,Invesco S&P Ultra Dividend Revenue ETF,ETF,0.0937273390611153,0.11942344716630886,0.7848319679684911
QUS,State Street SPDR MSCI USA StrategicFactors ETF,ETF,0.09828075272468073,0.12525964785458008,0.7846162304302465
SPMO,Invesco S&P 500® Momentum ETF,ETF,0.18157425662322124,0.23156373626550147,0.7841221581216657
JPUS,JPMorgan Diversified Return Use Equity,ETF,0.07566231818507574,0.09670861641164381,0.7823741150738449
DTH,WisdomTree International High Dividend Fund,ETF,0.1072688984097403,0.13718557945861976,0.7819254679176871
FGEU.DE,Fidelity Global Quality Income UCITS ETF EUR Hedged Inc,UCITS,0.0753823044303834,0.0964218727161047,0.781796726271142
FVAL,Fidelity Value Factor ETF,ETF,0.09711260057544946,0.12425636407359901,0.7815503157482391
GILD,Gilead Sciences,stock,0.19277648248248713,0.24735839867440093,0.7793407602716566
VONV,Vanguard Russell 1000 Value ETF,ETF,0.07784782563290715,0.09998836322328447,0.7785688566484964
EL4Z.DE,Deka MSCI USA UCITS ETF,UCITS,0.1033121266528294,0.13275415574148897,0.7782214129251684
SDY,State Street SPDR S&P Dividend ETF,ETF,0.056430221439289996,0.07252689796134455,0.778059217000653
DELG.DE,L&G US ESG Exclusions Paris Aligned UCITS ETF,UCITS,0.10973066123246022,0.1410883450567573,0.7777443359217061
XDWU.DE,Xtrackers MSCI World Utilities UCITS ETF 1C,UCITS,0.08696277201001523,0.1118442661405877,0.7775344683356717
EXI1.DE,iShares SLI UCITS ETF (DE),UCITS,0.06677352601716402,0.08590939723304457,0.7772552033630141
GRID,First Trust Nasdaq Clean Edge Smart GRID Infrastructure Index,ETF,0.12057908149874152,0.1552033199997574,0.7769104520375596
XMAW.DE,Xtrackers MSCI AC World Screened UCITS ETF 1C,UCITS,0.08755915832771,0.11288020035125208,0.7756821661837064
SPUS,SP Funds S&P 500 Sharia Industry Exclusions ETF,ETF,0.12544441247254468,0.1617722595822803,0.7754383402720624
MIVA.DE,Amundi Index Solutions - Amundi MSCI Europe Minimum Volatility Factor UCITS ETF-C,UCITS,0.06332615917687057,0.08170059815624153,0.7751003126778546
SPHQ,Invesco S&P 500® Quality ETF,ETF,0.11518182266258448,0.14864343438956215,0.7748867155525884
VFVA,Vanguard U.S. Value Factor ETF,ETF,0.07695411304565725,0.0994336535514984,0.7739242228065308
SC01.DE,Invesco STOXX Europe 600 Optimised Construction & Materials UCITS ETF,UCITS,0.10819140230710023,0.13984185039205102,0.7736696990477617
UIQN.DE,UBS MSCI EMU Select Factor Mix UCITS ETF EUR acc,UCITS,0.08281363005554199,0.10719915091139454,0.7725213245764567
FLX5.DE,Franklin S&P 500 Paris Aligned Climate UCITS ETF,UCITS,0.11108339554392344,0.14394311253108638,0.7717173374303237
OEF,iShares S&P 100 ETF,ETF,0.13032483754768087,0.1690688036576791,0.7708390591770863
IVLU,iShares MSCI Intl Value Factor ETF,ETF,0.12177406187798123,0.15802572728626788,0.7705964336894602
IBCK.DE,iShares Edge S&P 500 Minimum Volatility UCITS ETF USD (Acc),UCITS,0.08245110270842959,0.10701825605717137,0.7704396029812194
XOM,ExxonMobil,stock,0.21253120892198107,0.27591035242422074,0.7702908102382753
SCHV,Schwab U.S. Large-Cap Value ETF,ETF,0.07655231094762094,0.09952326286884237,0.769190124408462
DVY,iShares Select Dividend ETF,ETF,0.07631139636237938,0.09930884300501867,0.7684249866703502
BKNG,Booking Holdings,stock,0.2212037165407572,0.28799221481459686,0.7680892231172407
IWD,iShares Russell 1000 Value ETF,ETF,0.0765927815228098,0.09979561868256819,0.7674964345522781
SPYM,State Street SPDR Portfolio S&P 500 ETF,ETF,0.11253313730797432,0.1468340911547362,0.766396525650062
AVUS,Avantis U.S. Equity ETF,ETF,0.09943168017642723,0.12974334913112642,0.7663720787408964
VOO,Vanguard S&P 500 ETF,ETF,0.11249589109339575,0.1469709958659236,0.765429195268036
IVV,iShares Core S&P 500 ETF,ETF,0.11245659402895147,0.14697367861522231,0.7651478488428074
XZW0.DE,Xtrackers MSCI World ESG UCITS ETF 1C,UCITS,0.096408747979156,0.12608843776742162,0.7646121221438895
VYMI,Vanguard International High Dividend Yield ETF,ETF,0.10386066989997356,0.1358349595671129,0.7646092746003168
UBU5.DE,UBS MSCI USA Value UCITS ETF USD dis,UCITS,0.07722287424954066,0.10101758899122688,0.7644497856333442
PNW,Pinnacle West Capital,stock,0.09573126186654868,0.12526559646163035,0.7642262885474047
SLMB.DE,iShares MSCI EMU Screened UCITS ETF EUR (Dist),UCITS,0.08779857380924816,0.1149743365618448,0.7636362725347949
SLMA.DE,iShares MSCI EMU Screened UCITS ETF EUR (Acc),UCITS,0.0878202964294319,0.1150080697423761,0.7636011683889123
XZMU.DE,Xtrackers MSCI USA ESG UCITS ETF 1C,UCITS,0.11081431398175834,0.14512253027814956,0.763591385633683
ENOA.DE,BNP Paribas Easy MSCI USA Min TE UCITS ETF Cap,UCITS,0.09469609369063225,0.12405204574635646,0.7633577755279669
SPY,State Street SPDR S&P 500 ETF,ETF,0.11179295201230222,0.14653149611058408,0.7629278003681512
EPS,WisdomTree U.S. LargeCap Fund,ETF,0.10567569500380314,0.13852354126836194,0.7628717403280746
F703.DE,Amundi Multi-Asset Portfolio Offensive UCITS ETF Dist,UCITS,0.062047660904022806,0.08137388092554065,0.7625009425419703
D6RQ.DE,Deka MSCI USA Climate Change ESG CTB UCITS ETF,UCITS,0.12641295738413616,0.16625098471036273,0.7603741872829738
SPLV,Invesco S&P 500® Low Volatility ETF,ETF,0.05961238801141833,0.07840016861370859,0.7603604566865033
DOL,WisdomTree True Developed International Fund,ETF,0.10094521269725654,0.13277978645432714,0.7602453309561475
URI,United Rentals,stock,0.2535004905477565,0.33346081801459376,0.7602107259769936
CEMR.DE,iShares Edge MSCI Europe Momentum Factor UCITS ETF EUR (Acc),UCITS,0.10133081512574416,0.13337301069253385,0.7597550253952287
RWK,Invesco S&P MidCap 400 Revenue ETF,ETF,0.08823327187851926,0.11623909745945532,0.7590670764567438
D6RP.DE,Deka MSCI World Climate Change ESG CTB UCITS ETF,UCITS,0.1090875239658673,0.1437935723214321,0.758639779266462
VLO,Valero Energy,stock,0.23358361211904555,0.3079031632662465,0.7586268671006273
EXH9.DE,iShares STOXX Europe 600 Utilities UCITS ETF (DE),UCITS,0.0890635647978304,0.1174347260720063,0.7584090990532064
EMUX.DE,BNP Paribas Easy MSCI EMU Min TE UCITS ETF - EUR,UCITS,0.08638112426299815,0.11397014367561013,0.7579276596234028
ADP,Automatic Data Processing,stock,0.10099075264736967,0.1333118784117823,0.7575525440833033
PM,Philip Morris International,stock,0.19972899752983175,0.26393774734117165,0.7567276736345625
MJMT.DE,Amundi Index Solutions - Amundi MSCI Europe Momentum Factor UCITS ETF-C,UCITS,0.10108067010048827,0.13364588422155688,0.7563320837693565
DELF.DE,L&G MSCI Europe Climate Pathway UCITS ETF,UCITS,0.06979228625599476,0.09250685003079186,0.7544553320404238
EXXV.DE,iShares Dow Jones Eurozone Sustainability Screened UCITS ETF (DE),UCITS,0.10474187572046723,0.1388569658218955,0.7543148815077387
NANR,State Street SPDR S&P North American Natural Resources ETF,ETF,0.1254531181594638,0.1664157566503738,0.7538536054793824
EFV,iShares MSCI EAFE Value ETF,ETF,0.11221439248858744,0.1490960481148813,0.752631568089076
TDIV,First Trust NASDAQ Technology Dividend Index Fund,ETF,0.13684543678010863,0.1819071739169589,0.7522816930935277
FLXX.DE,Franklin Global Quality Dividend UCITS ETF,UCITS,0.0764020295010639,0.10158014022333844,0.7521354994498247
NOC,Northrop Grumman,stock,0.13007466626084918,0.1730114753389222,0.751826813834391
EMND.DE,iShares MSCI World CTB Enhanced ESG UCITS ETF USD Inc,UCITS,0.08375853434535108,0.11152500669606377,0.7510291801516412
SPYU.DE,SPDR MSCI Europe Utilities UCITS ETF,UCITS,0.08844067015981882,0.11783527784746987,0.7505449282709676
EDMW.DE,iShares MSCI World CTB Enhanced ESG UCITS ETF USD Acc,UCITS,0.08377108658773325,0.11162194445044842,0.7504894042131759
SPYN.DE,SPDR MSCI Europe Energy UCITS ETF,UCITS,0.13237574165905008,0.17668955454681143,0.7491995890678358
IWL,iShares Russell Top 200 ETF,ETF,0.11975377579862845,0.15987911125631682,0.7490270295951309
SPYW.DE,SPDR S&P Euro Dividend Aristocrats UCITS ETF,UCITS,0.08139348774879873,0.10873071229530877,0.7485786309183453
SPTM,State Street SPDR Portfolio S&P 1500 Composite Stock Market ETF,ETF,0.10746892565826971,0.14357742587466402,0.7485085138111109
DON,WisdomTree U.S. MidCap Dividend Fund,ETF,0.07183671191876395,0.09597319667969322,0.7485080668774238
FVD,First Trust Value Line Dividend Index Fund,ETF,0.053292994517694314,0.07121739394008317,0.7483143031396366
CSM,Proshares Large Cap Core Plus,ETF,0.10521644276096231,0.14063386379291498,0.7481586576892658
UBUM.DE,UBS S&P Dividend Aristocrats ESG Elite UCITS ETF USD dis,UCITS,0.05401360677813716,0.07224318404999545,0.7476637068039163
ETN,Eaton Corporation,stock,0.23467212921232306,0.31432050987070703,0.7466013888462237
XDWY.DE,Xtrackers MSCI World Screened UCITS ETF 1D,UCITS,0.08718012698981914,0.11680107177093486,0.7463983477890767
PSX,Phillips 66,stock,0.1721080675990756,0.23085225798948958,0.7455333948126748
CMI,Cummins,stock,0.17043325631927608,0.2287010421332397,0.7452229107901608
VST,Vistra Corp.,stock,0.7571279665224786,1.0172783148823923,0.7442682650814298
LMBS,First Trust Low Duration Opportunities ETF,ETF,0.030282070173397235,0.040690730035226226,0.7442007097730086
EMEC.DE,BNP Paribas Easy ECPI Circular Economy Leaders UCITS ETF Cap,UCITS,0.06691873600809783,0.08995411132877174,0.7439208171766346
EWP,iShares MSCI Spain ETF,ETF,0.1793850230425844,0.24115073954195437,0.7438709223256426
IXG,iShares Global Financials ETF,ETF,0.12282795883406661,0.1652292967057282,0.7433788152764581
EXV8.DE,iShares STOXX Europe 600 Construction & Materials UCITS ETF (DE),UCITS,0.10465703716915908,0.1411602405488166,0.7414059140326144
DFAU,Dimensional US Core Equity Market ETF,ETF,0.10422947302502283,0.1406440234334898,0.7410871111370949
XS6R.DE,Xtrackers MSCI Europe Utilities Screened UCITS ETF 1C,UCITS,0.08573894120768344,0.11569517474912365,0.7410762064502857
SPP2.DE,SPDR MSCI All Country World UCITS ETF USD Acc,UCITS,0.09876812917991185,0.13365678890032,0.7389682932871611
STPZ,PIMCO 1-5 Year US TIPS Index Exchange-Traded Fund,ETF,0.026993205857704705,0.03653934364347284,0.7387435888582691
MGC,Vanguard Mega Cap ETF,ETF,0.11904968218216272,0.16151944570090657,0.7370609877067856
EDM4.DE,iShares MSCI EMU CTB Enhanced ESG UCITS ETF EUR Acc,UCITS,0.08382248031714656,0.11386361333983663,0.7361656446556857
WTED.DE,WisdomTree Emerging Markets SmallCap Dividend UCITS ETF,UCITS,0.05904247497732262,0.08027603645587937,0.7354931506835548
DBXD.DE,Xtrackers DAX UCITS ETF 1C,UCITS,0.10842359580240757,0.14742470223477647,0.7354506684350703
EUIN.DE,Amundi US Inflation Expectations 10Y UCITS ETF Acc,UCITS,0.04276312550832673,0.0581589533011062,0.7352801775322417
DIVB,iShares Core Dividend ETF,ETF,0.08914978289017395,0.12155389530057172,0.7334177376194265
CG1G.DE,Amundi ETF DAX UCITS ETF DR,UCITS,0.10811070224835695,0.14741110530926377,0.7333959135680054
IDU,iShares U.S. Utilities ETF,ETF,0.09513613160137813,0.12994006510069817,0.7321539474961134
LDAX.DE,Amundi DAX II UCITS ETF Dist,UCITS,0.10793430846744889,0.14742669717401186,0.7321218648753354
MMC,Marsh McLennan,stock,0.0967052181098742,0.13209110270597768,0.7321100068725361
XLG,Invesco S&P 500® Top 50 ETF,ETF,0.13582680779881096,0.1855580609061349,0.7319908773325636
PKW,Invesco BuyBack Achievers™ ETF,ETF,0.09481146268965412,0.12952811502547154,0.7319759317968116
EL4A.DE,Deka DAX UCITS ETF,UCITS,0.10771026962946961,0.1472639678385458,0.7314095308606566
EXS1.DE,iShares Core DAX UCITS ETF (DE) EUR (Acc),UCITS,0.10751750586250197,0.14721154118641847,0.7303605749657174
DYNF,iShares U.S. Equity Factor Rotation Active ETF,ETF,0.1357838023664657,0.18608020721337756,0.7297057779539274
EL4F.DE,Deka DAX (ausschüttend) UCITS ETF,UCITS,0.10746362098650675,0.14733602554962055,0.7293777647769834
PJSR.DE,PIMCO Euro Short Maturity UCITS ETF EUR Accumulation,UCITS,0.019380979670022835,0.02660609797476493,0.7284412651718076
IQSE.DE,Invesco Global Active ESG Equity UCITS ETF EUR PfHedged Acc,UCITS,0.10754943549734874,0.14775000770212318,0.7279149231191766
JVAL,JPMorgan U.S. Value Factor ETF US Value Factor Fund,ETF,0.08350136630951965,0.11472263056844643,0.7278543552895661
SDOG,ALPS Sector Dividend Dogs ETF,ETF,0.0698509016208757,0.09598894317440052,0.7276973712895756
EDEU.DE,BNP Paribas Easy Dividend Europe UCITS ETF Capitalisation,UCITS,0.08957368003976174,0.1231027817661972,0.7276332732259815
XMVE.DE,Xtrackers MSCI EMU Screened UCITS ETF 1D,UCITS,0.08351806127275574,0.11482646651741767,0.7273415598840808
EELV,Invesco S&P Emerging Markets Low Volatility ETF,ETF,0.06032300411863467,0.08300336600739314,0.7267537091599596
TMUS,T-Mobile US,stock,0.1637972101136589,0.22564184176616572,0.7259168283309934
AXP,American Express,stock,0.19266369650625048,0.26560693168850963,0.7253714926845235
SSUS,Strategy Shares Day Hagan Smart Sector ETF,ETF,0.08177369390756994,0.11291496015325121,0.7242060201463517
FQAL,Fidelity Quality Factor ETF,ETF,0.10097500621859523,0.13965603710358937,0.723026432030986
XLK,State Street Technology Select Sector SPDR ETF,ETF,0.14899052540699897,0.20617369172371822,0.7226456691024032
PJS1.DE,PIMCO Euro Short Maturity UCITS ETF EUR Income,UCITS,0.01923973614571617,0.026634511442221058,0.7223611436407772
XAR,State Street SPDR S&P Aerospace & Defense ETF,ETF,0.16021738089555182,0.22202135937934092,0.7216304834068142
KJAN,Innovator U.S. Small Cap Power Buffer ETF - January,ETF,0.05838094835550933,0.08095497566192636,0.721153306244106
DDLS,WisdomTree Dynamic International SmallCap Equity Fund,ETF,0.08612056955148284,0.11958433061046786,0.7201660042904002
PFG,Principal Financial Group,stock,0.09162150350839093,0.12742233123229552,0.7190380416236587
RSPG,Invesco S&P 500 Equal Weight Energy ETF,ETF,0.17531831846313972,0.24389978751516353,0.718812920049141
FENY,Fidelity MSCI Energy Index ETF,ETF,0.17281565532165555,0.24054839381054782,0.7184236509920847
HFXI,IQ FTSE International Equity Currency Neutral ETF,ETF,0.09056392524319423,0.1261269227210985,0.7180380151147913
XDND.DE,Xtrackers MSCI North America High Dividend Yield UCITS ETF 1C,UCITS,0.0683344937726238,0.09518800993925605,0.7178897196845616
GS,Goldman Sachs,stock,0.20908930334513642,0.2912663739268303,0.7178628295680374
VDE,Vanguard Energy ETF,ETF,0.1727194428868175,0.24090100691486757,0.7169726897316587
MDIV,Multi-Asset Diversified Income Index Fund,ETF,0.0543934940849129,0.0759718461177734,0.7159690972967905
BKLC,BNY Mellon US Large Cap Core Equity ETF,ETF,0.11580030797341401,0.1619058604572207,0.7152323433283698
IMCV,iShares Morningstar Mid-Cap Value ETF,ETF,0.07203581839510442,0.10073464524065681,0.7151047012972509
XLSR,State Street US Sector Rotation ETF,ETF,0.0840971372432533,0.11771935404279117,0.7143866692700662
ETR,Entergy,stock,0.18419830544245075,0.2578721534393247,0.7143008773368436
XLE,State Street Energy Select Sector SPDR ETF,ETF,0.17318089088689193,0.24288955723356845,0.713002620859311
AME,Ametek,stock,0.09619243500417474,0.13499296994132773,0.7125736625098555
AFLG,First Trust Active Factor Large Cap ETF,ETF,0.10582515346641341,0.1487339128552117,0.7115065517669211
V80A.DE,Vanguard LifeStrategy 80% Equity UCITS ETF (EUR) Accumulating,UCITS,0.06695102241273143,0.09409846205060891,0.7114996457298443
V80D.DE,Vanguard LifeStrategy 80% Equity UCITS ETF (EUR) Distributing,UCITS,0.0669478470029985,0.09415220952168031,0.7110597546580413
GSLC,TR Activebeta US Large Cap Equity ETF,ETF,0.1046035700507526,0.14712705316516786,0.7109744115742092
HCA,HCA Healthcare,stock,0.16495619874721235,0.23254459138634365,0.7093529794170028
TT,Trane Technologies,stock,0.24118324766201016,0.3402429486443596,0.708855976657162
JPM,JPMorgan Chase,stock,0.19207658077170975,0.2712162729669629,0.708204484452549
IBHF,iShares iBonds 2026 Term High Yield and Income ETF,ETF,0.04368644941021671,0.06180417304127134,0.7068527457044681
JUST,Goldman Sachs JUST U.S. Large Cap Equity ETF,ETF,0.10427995793455191,0.14764104465658073,0.706307369858507
LVHD,Franklin U.S. Low Volatility High Dividend Index ETF,ETF,0.057452970224189714,0.08145769266481633,0.7053105525662051
FDMO,Fidelity Momentum Factor ETF,ETF,0.12757576323955222,0.18113923353942984,0.7042966934702299
SPYX,State Street SPDR S&P 500 Fossil Fuel Reserves Free ETF,ETF,0.10875653780858552,0.15455339089391776,0.7036826379515267
BBUS,JPMorgan BetaBuilders U.S. Equity ETF,ETF,0.10832780509939477,0.1539653093020868,0.7035857985830483
TDTT,FlexShares iBoxx 3-Year Target Duration TIPS Index Fund,ETF,0.026371056352203492,0.03751273108764824,0.7029895074978064
GSUS,Goldman Sachs MarketBeta U.S. Equity ETF,ETF,0.1095598262324955,0.15590708008857712,0.7027251499434799
STOT,State Street DoubleLine Short Duration Total Return Tactical ETF,ETF,0.02886720835875778,0.04110486763339953,0.7022819928825629
PBUS,Invesco MSCI USA ETF,ETF,0.10817309298067235,0.15426654923015495,0.7012090016954072
SC0S.DE,Invesco STOXX Europe 600 Optimised Industrial Goods & Services UCITS ETF,UCITS,0.10784289170167272,0.1538027898906989,0.7011764336545004
JHML,John Hancock Multifactor Large Cap ETF,ETF,0.09254564473996241,0.1319912689060452,0.7011497465475447
QTUM,Defiance Quantum ETF,ETF,0.18693823789857977,0.2668984264062455,0.7004096667622967
KOKU,Xtrackers MSCI Kokusai Equity ETF,ETF,0.1002278109588377,0.143183737290313,0.6999943768447686
SPSB,State Street SPDR Portfolio Short Term Corporate Bond ETF,ETF,0.027833473270358677,0.039769939909296274,0.6998620901575103
VV,Vanguard Large Cap ETF,ETF,0.10876602738698216,0.1554465550628118,0.6997004683894906
6PSK.DE,Invesco FTSE RAFI Emerging Markets UCITS ETF,UCITS,0.07301049928038683,0.10462872266336717,0.6978055109713139
XLU,State Street Utilities Select Sector SPDR ETF,ETF,0.09366901511246395,0.13435827650735457,0.6971585044657569
AMGN,Amgen,stock,0.1098998307415,0.15771173326046894,0.6968399146307958
NOBL,ProShares S&P 500 Dividend Aristocrats ETF,ETF,0.05005415890723963,0.07185851938554806,0.6965654084615936
AXON,Axon Enterprise,stock,0.4172174302857268,0.5995498604267975,0.695884459031856
QDVB.DE,iShares Edge MSCI USA Quality Factor UCITS ETF USD (Acc),UCITS,0.10000295963216255,0.1439109529315079,0.6948947081168821
IUSD.DE,iShares MSCI World Islamic UCITS ETF USD (Dist),UCITS,0.17239590935807048,0.24852516283841475,0.6936758732561752
XME,State Street SPDR S&P Metals & Mining ETF,ETF,0.17923651179146316,0.2585161455205986,0.6933281146928658
SUSL,iShares ESG MSCI USA Leaders ETF,ETF,0.10982926342322874,0.15846196655577727,0.6930954210048237
SCHX,Schwab U.S. Large-Cap ETF,ETF,0.10677359050607604,0.15406009942722576,0.6930645306802057
EXE,Expand Energy,stock,0.2299547446513046,0.3318133474830557,0.6930243957803639
USSG,Xtrackers MSCI USA Selection Equity ETF,ETF,0.10978609122035854,0.15848974016302236,0.6927015660914877
VONE,Vanguard Russell 1000 ETF,ETF,0.10519970615060559,0.15187274959109906,0.6926832261471818
APO,Apollo Global Management,stock,0.23846007303312522,0.34432615207221945,0.692541276920233
RDVY,First Trust Rising Dividend Achievers ETF,ETF,0.09224043739995147,0.13325741996775825,0.6921973832471702
ILCB,iShares Morningstar U.S. Equity ETF,ETF,0.10725652165339183,0.15498257244362068,0.6920553708863585
EWI,iShares MSCI Italy ETF,ETF,0.15483185605460315,0.22381083637377136,0.6917978528797816
XYLD,Global X S&P 500 Covered Call ETF,ETF,0.057414493876089434,0.08305813460574968,0.69125672215753
IYE,iShares U.S. Energy ETF,ETF,0.16154533280112604,0.2338479583789791,0.6908135265364266
USMF,WisdomTree US Multifactor Fund,ETF,0.07750564222073986,0.11235681412116086,0.6898170157900796
OMFL,Invesco Russell 1000 Dynamic Multifactor ETF,ETF,0.06770422840507018,0.0982381356663579,0.6891847849699757
XDEQ.DE,Xtrackers MSCI World Quality UCITS ETF 1C,UCITS,0.08708427059613566,0.12637227958143263,0.6891089634892572
TSCO,Tractor Supply,stock,0.09698753479421907,0.14094882911189668,0.6881045795507988
FLCA,Franklin FTSE Canada ETF,ETF,0.09425709205421051,0.13706224926331845,0.6876955001163566
IWB,iShares Russell 1000 ETF,ETF,0.10433283580392017,0.15178303446049635,0.6873814071168425
GARP,iShares MSCI USA Quality GARP ETF,ETF,0.15019165319631633,0.2187398669000446,0.6866222208361676
NVDA,Nvidia,stock,0.6626174219981489,0.9654285831601285,0.6863453533033064
EWJV,iShares MSCI Japan Value ETF,ETF,0.11334521049091473,0.16528480894240105,0.6857569743775643
SC0Z.DE,Invesco STOXX Europe 600 Optimised Utilities UCITS ETF,UCITS,0.08009594209971027,0.11713750490817064,0.6837770888367571
CATH,Global X S&P 500 Catholic Values Custom ETF,ETF,0.1015241790880419,0.14857837366157792,0.6833038791990483
EXH4.DE,iShares STOXX Europe 600 Industrial Goods & Services UCITS ETF (DE),UCITS,0.10386852430695681,0.1520947850908592,0.6829196954051204
VPU,Vanguard Utilities ETF,ETF,0.09196634891720468,0.13482997473732805,0.6820912715912831
SCHK,Schwab 1000 Index ETF,ETF,0.10447111106175333,0.15330970384049297,0.6814383463322552
XVV,iShares ESG Select Screened S&P 500 ETF,ETF,0.10994319842194011,0.16138342714334522,0.6812545771771567
OUSM,ALPS | O’Shares U.S. Small-Cap Quality Dividend ETF,ETF,0.07203229478742723,0.10577462405736045,0.6809978804402547
EXI,iShares Global Industrials ETF,ETF,0.10464942003767841,0.15372541201997003,0.6807555020511749
SFY,SoFi Select 500 ETF,ETF,0.12066190119487419,0.17736065076731605,0.6803194545850737
FE,FirstEnergy,stock,0.07650564912991387,0.11248304052194572,0.6801527481379509
DFNL,Davis Select Financial ETF,ETF,0.11966642104327962,0.17599586369649842,0.6799388265717548
AVUV,Avantis U.S. Small Cap Value ETF,ETF,0.07652079452738447,0.11261291595763016,0.6795028250238623
IS3Q.DE,iShares Edge MSCI World Quality Factor UCITS ETF USD (Acc),UCITS,0.0856817430479575,0.12611729165323313,0.6793814069806103
SRE,Sempra,stock,0.08902018299585412,0.13119258617439555,0.6785458354904198
SMH,VanEck Semiconductor ETF,ETF,0.23147668404008748,0.3418355679135641,0.6771579840358164
FTEC,Fidelity MSCI Information Technology Index ETF,ETF,0.14551295001676867,0.21538280095467993,0.6756015307247628
XDWS.DE,Xtrackers MSCI World Consumer Staples UCITS ETF 1C,UCITS,0.046636150504121066,0.06918139501357486,0.6741140518338791
DRI,Darden Restaurants,stock,0.12034635115331604,0.17857253810207288,0.6739353790476199
BBCA,JPMorgan BetaBuilders Canada ETF,ETF,0.09196003978478484,0.13649086917708494,0.6737449936337847
VVSM.DE,VanEck Semiconductor UCITS ETF,UCITS,0.19150385685708948,0.2843266511970311,0.6735346688425005
PEY,Invesco High Yield Equity Dividend Achievers™ ETF,ETF,0.047691331384825064,0.07083999014260756,0.6732261154867177
FEX,First Trust Large Cap Core AlphaDEX Fund,ETF,0.08111508474047668,0.1205411867368872,0.6729242256219997
IAI,iShares U.S. Broker-Dealers & Securities Exchanges ETF,ETF,0.14028095067253488,0.2086124231114713,0.6724477314449114
IVOV,Vanguard S&P Mid-Cap 400 Value ETF,ETF,0.06440303687448456,0.09584377670626891,0.6719584629042703
IYY,iShares Dow Jones U.S. ETF,ETF,0.10253774996367038,0.1528825067846777,0.6706964198859341
VGT,Vanguard Information Technology ETF,ETF,0.14322490902642304,0.2136945457982426,0.6702319354544841
USPX,Franklin U.S. Equity Index ETF,ETF,0.10384652211272183,0.1550216075824488,0.6698841776459497
BK,BNY Mellon,stock,0.20525781620504624,0.30702550804544204,0.6685366877551638
XMVM,Invesco S&P MidCap Value with Momentum ETF,ETF,0.07781818506200766,0.11643823757444297,0.6683215641447323
FNDF,Schwab Fundamental International Equity ETF,ETF,0.09834052974192109,0.14722140432246178,0.6679771205450805
AEP,American Electric Power,stock,0.10714324473992543,0.16040102564980593,0.6679710700469268
UGL,ProShares Ultra Gold,ETF,0.31046465328557304,0.4650333272002563,0.6676180719234308
FUTY,Fidelity MSCI Utilities Index ETF,ETF,0.09049452231740052,0.13578455641152967,0.6664566627380939
EQT,EQT Corporation,stock,0.29597856271577716,0.44420511381451533,0.6663105702996647
IJJ,iShares S&P Mid-Cap 400 Value ETF,ETF,0.06369490204950456,0.09559893767391495,0.6662720695366504
URTH,iShares MSCI World ETF,ETF,0.09576089067215277,0.14382583410728791,0.6658114744581926
ZPAB.DE,Amundi S&P Eurozone Climate Paris Aligned UCITS ETF Acc,UCITS,0.0891314121888731,0.13403978617226658,0.6649623573281616
FTGC,First Trust Global Tactical Commodity Strategy Fund,ETF,0.08220681073613201,0.12388535584936741,0.6635716560082172
MDYV,State Street SPDR S&P 400 Mid Cap Value ETF,ETF,0.06368567923858892,0.09597750307537407,0.6635479898719037
VTHR,Vanguard Russell 3000 ETF,ETF,0.10024678288556355,0.15115698547590428,0.6631964944917729
XMEA.DE,"Xtrackers MSCI EM Europe, Middle East & Africa ESG Swap UCITS ETF 1C",UCITS,0.08152557961692586,0.12328319859934211,0.6612870248595327
XUCS.DE,Xtrackers MSCI USA Consumer Staples UCITS ETF 1D,UCITS,0.07283157589073186,0.1104684985424143,0.6592972372369869
ALL,Allstate,stock,0.15647717396620742,0.23740377674144963,0.6591183009553495
PPL,PPL Corporation,stock,0.0936547786278068,0.14210681842072198,0.6590449330202588
SCHB,Schwab U.S. Broad Market ETF,ETF,0.10048843493233695,0.1526937683641806,0.6581043614868951
DWM,WisdomTree International Equity Fund,ETF,0.08949628557236733,0.13600270307344975,0.6580478442699325
SCHD,Schwab US Dividend Equity ETF,ETF,0.05429294371571736,0.08254065864888527,0.6577721162448054
IWV,iShares Russell 3000 ETF,ETF,0.09927567123688541,0.15099296074773316,0.657485426772624
WTW,Willis Towers Watson,stock,0.09612515463713622,0.14629742675200189,0.6570529418817743
TILT,FlexShares Morningstar US Market Factor Tilt Index Fund,ETF,0.09170466993673787,0.1396471474467221,0.6566884581135096
GGUE.DE,UBS Global Gender Equality UCITS ETF hEUR acc,UCITS,0.06324041515158352,0.09639400602433774,0.6560616967782879
FTCS,First Trust Capital Strength ETF,ETF,0.05859712608183987,0.08950744476874169,0.6546620365851791
ITOT,iShares Core S&P Total U.S. Stock Market ETF,ETF,0.09985781720956988,0.1526221074642949,0.6542814725116483
KXI,iShares Global Consumer Staples ETF,ETF,0.04133935091462759,0.06319428867034727,0.6541627698394413
VTI,Vanguard Total Stock Market ETF,ETF,0.09978464881426885,0.15257604897597585,0.6539994283767345
QVAL,Alpha Architect U.S. Quantitative Value ETF,ETF,0.08879279951223173,0.13583967259979082,0.6536588156674376
TPLC,Timothy Plan US Large/Mid Cap Core ETF,ETF,0.07012109865870153,0.10734114800506273,0.6532545995818331
JPME,JPMorgan Diversified Return U.S. Mid Cap Equity ETF,ETF,0.06306257276802141,0.09665460909677381,0.6524528251402999
KNG,FT Vest S&P 500 Dividend Aristocrats Target Income ETF,ETF,0.04385312042582523,0.06730768414755225,0.6515321538873659
AIVL,WisdomTree U.S. AI Enhanced Value Fund,ETF,0.060843931239114246,0.09339389878064086,0.6514765100664828
PXF,Invesco RAFI Developed Markets ex-U.S. ETF,ETF,0.10008459789110535,0.15372186923741468,0.6510758578958624
WFC,Wells Fargo,stock,0.16923439763989245,0.26036781728002795,0.6499820116319496
QDVI.DE,iShares Edge MSCI USA Value Factor UCITS ETF USD (Acc),UCITS,0.06308897926465962,0.09737068980180488,0.6479257710207799
PKG,Packaging Corporation of America,stock,0.13186203529390328,0.20364435193584735,0.6475113797187111
ACWV,iShares MSCI Global Min Vol Factor ETF,ETF,0.05703647021037539,0.08808704871364428,0.6475012052656124
IS0Y.DE,iShares € Corp Bond Interest Rate Hedged ESG SRI UCITS ETF EUR (Dist),UCITS,0.02845600949288274,0.043969809350843936,0.6471715459538732
JMOM,JPMorgan U.S. Momentum Factor ETF,ETF,0.11198698282810171,0.17324324400648952,0.6464147186247955
ZPRL.DE,SPDR EURO STOXX Low Volatility UCITS ETF,UCITS,0.06210868064366459,0.09617642303147234,0.645778650172303
VOE,Vanguard Mid-Cap Value ETF,ETF,0.06718551306780318,0.10409268453943733,0.6454393348107837
SMMU,PIMCO Short Term Municipal Bond Active ETF,ETF,0.01817862932123293,0.028239375320823823,0.6437334082184155
XHY1.DE,Xtrackers II Rolling Target Maturity Sept 2027 EUR High Yield UCITS ETF 1D,UCITS,0.02802063151410028,0.04353152991321442,0.6436858885952994
DUK,Duke Energy,stock,0.08652868780356848,0.13454400301130778,0.6431255638818488
ESGU,iShares ESG Aware MSCI USA ETF,ETF,0.09882560911174276,0.15380064618865094,0.6425565273017375
EDIV,State Street SPDR S&P Emerging Markets Dividend ETF,ETF,0.11240197240542327,0.17505160419354562,0.642107639762879
XB4A.DE,Xtrackers ATX UCITS ETF 1C,UCITS,0.11417290751365483,0.177953147638063,0.6415897050940054
MOAT,VanEck Morningstar Wide Moat ETF,ETF,0.08101968410747551,0.1265796100901104,0.6400689972879411
2B7D.DE,iShares V PLC - iShares S&P 500 Consumer Staples Sector UCITS ETF,UCITS,0.07244748889788855,0.11328859242850475,0.6394950042618757
CFA,VictoryShares US 500 Volatility Wtd ETF,ETF,0.06655711541702702,0.10412996236831584,0.6391735279958067
BIZD,VanEck BDC Income ETF,ETF,0.07789524580838281,0.12221866082130425,0.6373433098098935
RSP,Invesco S&P 500® Equal Weight ETF,ETF,0.06571011144511751,0.1031140794426141,0.6372564425761765
MS,Morgan Stanley,stock,0.15616594309124898,0.245086986705147,0.6371857812227506
DSI,iShares ESG MSCI KLD 400 ETF,ETF,0.10041230191930217,0.157778586053855,0.6364127378161962
EXSH.DE,iShares STOXX Europe Select Dividend 30 UCITS ETF (DE),UCITS,0.09564408813510417,0.15035752844173447,0.6361110689057882
IHDG,WisdomTree International Hedged Quality Dividend Growth Fund,ETF,0.06336854227455868,0.09965898150198974,0.6358538018301291
IXN,iShares Global Tech ETF,ETF,0.13856510182699133,0.2183377854008735,0.6346363803799806
IWY,iShares Russell Top 200 Growth ETF,ETF,0.13665259612108116,0.21542200818135063,0.6343483531452445
IYF,iShares U.S. Financials ETF,ETF,0.11418866203942546,0.18025251116785648,0.6334927668946015
BSJQ,Invesco BulletShares 2026 High Yield Corp Bond ETF,ETF,0.038195386857972746,0.0603588151894974,0.6328054442098932
MFDX,PIMCO RAFI Dynamic Multi-Factor International Equity ETF,ETF,0.08695325444206858,0.1375250294810168,0.632272210885591
DE,Deere & Company,stock,0.09609797202563275,0.15216905248042514,0.6315211303428119
EWC,iShares MSCI Canada ETF,ETF,0.08896552764427201,0.1409727909140458,0.6310829704614151
UBUD.DE,UBS Solactive Global Pure Gold Miners UCITS ETF USD dis,UCITS,0.2653322322484164,0.42045268020131543,0.6310632438384591
XMLV,Invesco S&P MidCap Low Volatility ETF,ETF,0.05745351081474337,0.09112792221128516,0.6304709843107605
5MVL.DE,iShares Edge MSCI EM Value Factor UCITS ETF USD (Acc),UCITS,0.08947859644505529,0.14193096777217457,0.6304374432835896
USXF,iShares ESG Advanced MSCI USA ETF,ETF,0.11666364737052026,0.18577624264696607,0.6279793675890963
OSX4.DE,Ossiam Europe ESG Machine Learning ETF UCITS 1C (EUR),UCITS,0.0600919955480399,0.09574180083958608,0.6276463887359203
VICI,Vici Properties,stock,0.06614233188772967,0.10552621303158341,0.6267858003009511
PTNQ,Pacer Trendpilot 100 ETF,ETF,0.08457095649504676,0.13497418517536353,0.6265713431436463
WTEU.DE,WisdomTree US Equity Income UCITS ETF,UCITS,0.08683404707689646,0.1387732547529157,0.6257260970891225
EXXX.DE,iShares ATX UCITS ETF (DE),UCITS,0.11094480855677147,0.17738991031656678,0.6254290808241653
YLD,Principal Active High Yield ETF,ETF,0.04644143825237279,0.07429119881535662,0.6251270539838557
VMC,Vulcan Materials Company,stock,0.1196169953875299,0.19187413054614952,0.6234138757895747
HPE,Hewlett Packard Enterprise,stock,0.1039355550957024,0.16688209341389446,0.6228083131599116
SMLF, iShares U.S. Small‑Cap Equity Factor ETF,ETF,0.07909153628813748,0.12726888764127922,0.621452247709317
IBCH.DE,iShares MSCI World EUR Hedged UCITS ETF (Acc),UCITS,0.08090009341753457,0.13069008481198388,0.619022426482627
WTD9.DE,WisdomTree US Equity Income UCITS ETF - Acc,UCITS,0.08579059578496318,0.13898001191988518,0.6172872962078679
D5BI.DE,Xtrackers MSCI Mexico UCITS ETF 1C,UCITS,0.10364777669627934,0.16865860798000845,0.614541872114615
SPP1.DE,SPDR MSCI All Country World EUR Hdg UCITS ETF (Acc),UCITS,0.07811515935653257,0.12728148027384262,0.6137197586677178
FSMD,Fidelity Small-Mid Multifactor ETF,ETF,0.07005997449249479,0.11424362467916899,0.613250627238453
AON,Aon plc,stock,0.08152811589892983,0.13297887215921908,0.613090745733759
CEBG.DE,iShares VII PLC - iShares MSCI Mexico Capped ETF USD Acc,UCITS,0.10269972530919191,0.1676214363267065,0.6126884935469864
DGX,Quest Diagnostics,stock,0.08331954158882482,0.13634630693824698,0.6110876301663332
SPGM,State Street SPDR Portfolio MSCI Global Stock Market ETF,ETF,0.08681890006194859,0.14217169962872195,0.6106623209026417
QDEC,FT Vest Nasdaq-100 Buffer ETF - December,ETF,0.0797529902370595,0.130732815940897,0.6100456848807956
QGRO,American Century U.S. Quality Growth ETF ,ETF,0.11533240113120957,0.18928191050441748,0.6093154957273
TMFC,Motley Fool 100 Index ETF,ETF,0.1334954582198351,0.21922430403606757,0.6089446095259217
LDOS,Leidos,stock,0.1641952047546078,0.26986531182025003,0.6084339022570406
LMT,Lockheed Martin,stock,0.10145794672401753,0.16702424125254514,0.6074444401792575
F701.DE,Amundi Multi-Asset Portfolio UCITS ETF Dist,UCITS,0.04142991420836917,0.06832435565096918,0.6063710929088211
CME,CME Group,stock,0.10909887520884287,0.17996841405324634,0.6062112386930538
SPGP,Invesco S&P 500 GARP ETF,ETF,0.0622024075258798,0.10278097734025086,0.6051937735517157
VONG,Vanguard Russell 1000 Growth ETF,ETF,0.12675258274339996,0.2100044304407011,0.603570993609066
OKE,Oneok,stock,0.1446440789331649,0.23982891771432166,0.6031135874342783
FYLD,Cambria Foreign Shareholder Yield ETF,ETF,0.08168179672400289,0.13557555260666082,0.6024817539264071
QUAL,iShares MSCI USA Quality Factor ETF,ETF,0.09966931245895116,0.1657120732749882,0.6014607776559319
SPHD,Invesco S&P 500® High Dividend Low Volatility ETF,ETF,0.06485272718582102,0.10793340374325325,0.6008587234040126
ACWI,iShares MSCI ACWI ETF,ETF,0.08695118348428466,0.14484599546090365,0.6003009141371412
URA,Global X Uranium ETF,ETF,0.19503495734197274,0.325356290527326,0.5994503964434403
FIVA,Fidelity International Value Factor ETF,ETF,0.0970952076982734,0.16203615670359509,0.5992193944459259
IWF,iShares Russell 1000 Growth ETF,ETF,0.12554022397466458,0.20983082593880845,0.5982925693257054
XLF,State Street Financial Select Sector SPDR ETF,ETF,0.10134289239156913,0.16977947665269616,0.5969089691498927
PWB,Invesco Large Cap Growth ETF,ETF,0.12415351001531016,0.20815626538477783,0.5964437812420001
IYW,iShares U.S. Technology ETF,ETF,0.15303683449801553,0.256924992381893,0.5956479090618859
F702.DE,Amundi Multi-Asset Portfolio Defensive UCITS ETF Dist,UCITS,0.043113854236668914,0.07245880824097277,0.5950119148149283
FLQM,Franklin U.S. Mid Cap Multifactor Index ETF,ETF,0.06811123589467982,0.1149059659411709,0.5927563058784183
EMR,Emerson Electric,stock,0.10220035274119788,0.17264222531182724,0.5919777305731729
PEG,Public Service Enterprise Group,stock,0.10493882122004661,0.1779867045798908,0.5895879777522594
SYK,Stryker Corporation,stock,0.10570014974727093,0.17964463451901186,0.5883846741667347
MSFT,Microsoft,stock,0.13623305465385016,0.23162509271318607,0.5881619001553652
VT,Vanguard Total World Stock ETF,ETF,0.08446242342913446,0.1438560104981706,0.5871316960385785
5MVW.DE,iShares MSCI World Energy Sector UCITS ETF USD Inc,UCITS,0.1547587823906682,0.2644249391267396,0.5852654552999326
CRBN,iShares Low Carbon Optimized MSCI ACWI ETF,ETF,0.08775828316468148,0.14998838832849057,0.5851005143976978
XDW0.DE,Xtrackers MSCI World Energy UCITS ETF 1C,UCITS,0.1544940910196515,0.26410114844250016,0.5849807618435549
SUSA,iShares ESG Optimized MSCI USA ETF,ETF,0.087976782320204,0.15059429863753895,0.5841972977473255
UIMY.DE,UBS Factor MSCI EMU Low Volatility UCITS ETF EUR dis,UCITS,0.05239674645434689,0.08973870827697329,0.5838812198257566
CTVA,Corteva,stock,0.11523555404515573,0.19893306355129575,0.5792679808373923
PKB,Invesco Building & Construction ETF,ETF,0.15014012407890487,0.2592008963508328,0.5792423027568843
FV,First Trust Dorsey Wright Focus 5 ETF,ETF,0.06879984519378657,0.11895552129401249,0.57836613589158
IHE,iShares U.S. Pharmaceuticals ETF,ETF,0.059431202192749,0.10277328484994991,0.5782748141165205
DAUG,FT Vest U.S. Equity Deep Buffer ETF - August,ETF,0.05173564945968745,0.0895284644327354,0.5778681650298774
SLQD,iShares 0-5 Year Investment Grade Corporate Bond ETF,ETF,0.025818127817747172,0.04468948223084507,0.5777226884031177
FTGE.DE,First Trust Eurozone AlphaDEX UCITS ETF Class A Shares,UCITS,0.08882345831500116,0.1539531661046322,0.5769511635417325
BR,Broadridge Financial Solutions,stock,0.10600769835341706,0.18375376839452384,0.5769008128628739
SPYG,State Street SPDR Portfolio S&P 500 Growth ETF,ETF,0.11610478954937586,0.2013334061824686,0.5766792096297721
KCE,State Street SPDR S&P Capital Markets ETF,ETF,0.12811779164500403,0.22272826585104688,0.5752201731354784
ETLX.DE,L&G Gold Mining UCITS ETF,UCITS,0.24639444338949446,0.4286608443756691,0.574800443339676
RSPT,Invesco S&P 500 Equal Weight Technology ETF,ETF,0.09604523470712123,0.16727268982618557,0.5741835968975129
VOOG,Vanguard S&P 500 Growth ETF,ETF,0.11544339700151207,0.20144462241385644,0.5730775814126238
FEUI.DE,Fidelity Europe Quality Income UCITS ETF EUR Inc,UCITS,0.06080312717287284,0.10648268043979803,0.5710142430838696
ESGV,Vanguard ESG U.S. Stock ETF,ETF,0.09644799795425851,0.16899569694827116,0.5707127441462656
AVDV,Avantis International Small Cap Value ETF,ETF,0.1070361262444941,0.1878320624606951,0.56985013550012
QQQM,Invesco NASDAQ 100 ETF,ETF,0.1257684329269544,0.22074219194202038,0.5697525779756161
SCHG,Schwab U.S. Large-Cap Growth ETF,ETF,0.1303204355121672,0.2287363072546569,0.569740926030946
IVW,iShares S&P 500 Growth ETF,ETF,0.11455870623414155,0.20111378556626852,0.5696213509759309
IUSG,iShares Core S&P U.S. Growth ETF,ETF,0.11209746085992722,0.19699904928690914,0.5690253900498201
VFH,Vanguard Financials ETF,ETF,0.100667609911816,0.17702483239290984,0.5686637775675585
HYDB,iShares High Yield Systematic Bond ETF,ETF,0.04597579740671032,0.08093093509849997,0.568086818109216
NULV,Nuveen ESG Large-Cap Value ETF,ETF,0.05796565596198122,0.1020566612139526,0.5679752332918421
FNCL,Fidelity MSCI Financials Index ETF,ETF,0.10042913667459596,0.1771705758228514,0.5668499761213885
QQQ,Invesco QQQ Trust Series I,ETF,0.12492582708494471,0.22049606117805015,0.5665671596014014
FEUQ.DE,Fidelity Europe Quality Income UCITS ETF EUR Acc,UCITS,0.05956820506352911,0.1052060046110988,0.566205372818092
AOA,iShares Core 80/20 Aggressive Allocation ETF,ETF,0.07009345186531424,0.12382164232332714,0.5660840104372378
ZPRX.DE,SPDR MSCI Europe Small Cap Value Weighted UCITS ETF EUR Acc,UCITS,0.06470322144551766,0.11436773768498729,0.5657471482362902
CMS,CMS Energy,stock,0.0706204685390881,0.1250536050923646,0.5647215726961875
PRN,Invesco Dorsey Wright Industrials Momentum ETF,ETF,0.12710921669685593,0.2261091920815408,0.5621585550180422
SUB,iShares Short-Term National Muni Bond ETF,ETF,0.013832353386970864,0.024627859435858875,0.5616547155872815
DEM,WisdomTree Emerging Markets High Dividend Fund,ETF,0.06951877529949102,0.12390129850550946,0.5610818945242916
FIW,First Trust Water ETF,ETF,0.06869948306726736,0.12254935857772317,0.5605862312506257
RCL,Royal Caribbean Group,stock,0.36083676399821374,0.64372925071302,0.560541195849865
G2X.DE,VanEck Gold Miners UCITS ETF,UCITS,0.20235206163106767,0.361325383039346,0.5600272528017575
IETC, iShares U.S. Tech Independence Focused ETF,ETF,0.1457686128810458,0.2603718455349804,0.5598478306344459
NJAN,Innovator Growth-100 Power Buffer ETF - January,ETF,0.06012464947960461,0.10774762048465587,0.558013710271837
LEER.DE,Amundi MSCI Eastern Europe Ex Russia UCITS ETF,UCITS,0.1371198950204071,0.24609639018593019,0.5571796275305404
MET,MetLife,stock,0.08862190384754176,0.15921615780696532,0.5566137574742102
FVSJ.DE,Franklin FTSE Asia ex China ex Japan UCITS ETF,UCITS,0.05521668792633072,0.09934070724230255,0.5558314356636433
MGK,Vanguard Mega Cap Growth ETF,ETF,0.12749649053892376,0.22967098627520272,0.5551266731887126
FEZ,State Street SPDR EURO STOXX 50 ETF,ETF,0.10296531416934362,0.18570750170443573,0.554448868378074
EZM,WisdomTree U.S. MidCap Fund,ETF,0.0601708010548867,0.10862622053873293,0.5539252010837619
DFAI,Dimensional International Core Equity Market ETF,ETF,0.07886298096863187,0.14263275805075426,0.5529093179322058
INTF, iShares International Equity Factor ETF,ETF,0.08344970542432706,0.15127720456979027,0.5516343699081797
IDV,iShares International Select Dividend ETF,ETF,0.09828838941823714,0.17822505301996713,0.5514846973125915
DTE,DTE Energy,stock,0.07386131052197076,0.13399340700346252,0.5512309312357593
GNR,State Street SPDR S&P Global Natural Resources ETF,ETF,0.060115360859690714,0.10921471872171323,0.5504327764911328
VFMO,Vanguard U.S. Momentum Factor ETF,ETF,0.09630102515190142,0.17496335980750996,0.5504068123625955
FNGS,MicroSectors FANG+ ETN,ETF,0.19805333087821753,0.36027434507181066,0.5497292093855339
EXX5.DE,iShares Dow Jones U.S. Select Dividend UCITS ETF (DE),UCITS,0.06916555724677131,0.12598155683012116,0.5490133555027984
NXTG,First Trust Indxx NextG ETF,ETF,0.08835156538623301,0.16120436126110005,0.5480718058435865
GLTR,abrdn Physical Precious Metals Basket Shares ETF,ETF,0.1479897653797031,0.2708526512055065,0.5463847768188079
BRO,Brown & Brown,stock,0.1366103087301438,0.2502191075525254,0.5459627366845551
ECH,iShares MSCI Chile ETF,ETF,0.10490984438661854,0.19226144859777194,0.5456624047710119
VBR,Vanguard Small Cap Value ETF,ETF,0.06169803029233312,0.1130934437680114,0.5455491338551357
SPYI.DE,SPDR MSCI All Country World Investable Market UCITS ETF,UCITS,0.06801574465247251,0.12520360106463901,0.5432411214543098
SDVY,First Trust SMID Cap Rising Dividend Achievers ETF,ETF,0.07821163148141985,0.14429740348599734,0.5420169011496422
ZPRG.DE,SPDR S&P Global Dividend Aristocrats UCITS ETF,UCITS,0.05596838738815735,0.10328959560050217,0.5418589071122788
BKIE,BNY Mellon International Equity ETF,ETF,0.07671079127433011,0.14159582223310968,0.5417588602864347
IEV,iShares Europe ETF,ETF,0.08041033217868798,0.1485054049962541,0.5414640105571663
IS0E.DE,iShares Gold Producers UCITS ETF USD (Acc),UCITS,0.1987630527219557,0.36787448849729704,0.5403012683316748
FLHY,Franklin High Yield Corporate ETF,ETF,0.04422709764222099,0.08205944424616393,0.5389641381136759
PHO,Invesco Water Resources ETF,ETF,0.06882103577794663,0.12771433880291733,0.5388669465231148
IGRO,iShares International Dividend Growth ETF,ETF,0.06974843005313103,0.12950465474181705,0.538578556826261
BBEU,JPMorgan BetaBuilders Europe ETF,ETF,0.08201637429290876,0.15253510269863096,0.5376885244241217
DFEN,Direxion Daily Aerospace & Defense Bull 3X Shares,ETF,0.31558915595542314,0.5871524777406906,0.5374909719699754
UCON,First Trust Smith Unconstrained Bond ETF,ETF,0.027381581923188847,0.051035403181357596,0.536521320815016
SPG,Simon Property Group,stock,0.12362454336671269,0.23141487096690494,0.5342117507409126
IEO,iShares U.S. Oil & Gas Exploration & Production ETF,ETF,0.15388690760148216,0.2881104656707559,0.534124670699535
CIBR,First Trust NASDAQ Cybersecurity ETF,ETF,0.1061324490325275,0.1988456592451229,0.5337428507890881
MPWR,Monolithic Power Systems,stock,0.18255883562493747,0.3428242794384698,0.5325143129417798
SPYD,State Street SPDR Portfolio S&P 500 High Dividend ETF,ETF,0.062161995129833336,0.11673808538004218,0.5324911311288364
SIXG,Defiance Connective Technologies ETF,ETF,0.11474848079135236,0.21585361948514295,0.53160322752545
GVAL,Cambria Global Value ETF,ETF,0.10853908398712031,0.20421647743902888,0.5314903349046645
NULG,Nuveen ESG Large-Cap Growth ETF,ETF,0.10893839682546336,0.20531778014886182,0.5305843300394131
XLV,State Street Health Care Select Sector SPDR ETF,ETF,0.043190795347344046,0.08156911247026001,0.5294993906313662
VUG,Vanguard Growth ETF,ETF,0.11850344324886852,0.223817218039321,0.5294652676276649
MLM,Martin Marietta Materials,stock,0.1253567210006754,0.23731373864333008,0.5282320430216638
IYJ,iShares U.S. Industrials ETF,ETF,0.07824629260005422,0.14816977287940392,0.5280853920437555
XMMO,Invesco S&P MidCap Momentum ETF,ETF,0.11848256577374139,0.22439099010526514,0.5280183741698339
XSLR.DE,XTrackers ETC PLC             E,UCITS,0.1727264961568611,0.32721915148303576,0.5278618179101777
FGD,First Trust Dow Jones Global Select Dividend Index Fund,ETF,0.08570257990401431,0.16256167886766187,0.5272003863455607
EXC,Exelon,stock,0.0977992150698126,0.18576227412960025,0.5264751173404633
SPHY,State Street SPDR Portfolio High Yield Bond ETF,ETF,0.04178200037172086,0.07942118323847205,0.5260813131713887
EG,Everest Group,stock,0.08325930897467271,0.1586093679017899,0.5249331113041599
FANG,Diamondback Energy,stock,0.16925247902638496,0.322538843339092,0.5247506851397933
CINF,Cincinnati Financial,stock,0.09625336152674757,0.1835411077410437,0.524423998042719
SPHB,Invesco S&P 500® High Beta ETF,ETF,0.08732242578983507,0.16673594329822894,0.523716866696508
QDVL.DE,iShares € Corp Bond 0-3yr ESG SRI UCITS ETF EUR (Dist),UCITS,0.016902034149396172,0.03227756602751227,0.5236464897938546
AVDE,Avantis International Equity ETF,ETF,0.08156680552237594,0.15591288953862142,0.5231562686301885
IGM,iShares Expanded Tech Sector ETF,ETF,0.14712182647969807,0.2814668688005697,0.5226967817087547
SYBD.DE,SPDR Bloomberg 0-3 Year Euro Corporate Bond UCITS ETF,UCITS,0.016645008500927094,0.03196749638188507,0.5206853956307718
DBX5.DE,Xtrackers MSCI Taiwan UCITS ETF 1C,UCITS,0.09237610305185373,0.17810645324821112,0.5186566874312936
TPR,"Tapestry, Inc.",stock,0.2810328385750849,0.542776371178099,0.5177691098916145
C030.DE,Amundi Index Solutions - Amundi DJ Switzerland Titans 30 UCITS ETF CHF Distributing,UCITS,0.05792741771253529,0.11227579538646688,0.5159386091467186
SPYX.DE,SPDR MSCI Emerging Markets Small Cap UCITS ETF,UCITS,0.05054380351078258,0.09803868142212593,0.5155496052946257
SIZE,iShares MSCI USA Size Factor ETF,ETF,0.06287906561930479,0.12211080781530204,0.5149344824121722
EPI,WisdomTree India Earnings Fund,ETF,0.08509114298528098,0.16528115808228622,0.5148266382724511
LDUR,PIMCO Enhanced Low Duration Active ETF,ETF,0.02184940110815714,0.04251406000954176,0.5139335340650436
MNST,Monster Beverage,stock,0.09986051809590246,0.19447567914180938,0.5134858946711035
XUEN.DE,Xtrackers MSCI USA Energy UCITS ETF 1D,UCITS,0.17298274197787666,0.3371331947875566,0.5130991093501819
IWS,iShares Russell Mid-Cap Value ETF,ETF,0.056896187368984164,0.11089719827719106,0.5130534247291834
M9SD.DE,Market Access NYSE Arca Gold BUGS Index UCITS ETF,UCITS,0.19439306385818544,0.3794163956725106,0.5123475581850548
VFQY,Vanguard U.S. Quality Factor ETF,ETF,0.06682983831757383,0.13050132880727205,0.512100826316259
RODM,Hartford Multifactor Developed Markets (ex-US) ETF,ETF,0.07824217449907667,0.15306829510343223,0.5111585939217942
VGSH,Vanguard Short-Term Treasury ETF,ETF,0.018542883297679946,0.036308679885086646,0.5107011148950148
V60A.DE,Vanguard LifeStrategy 60% Equity UCITS ETF (EUR) Accumulating,UCITS,0.043604417214025526,0.0853960074136477,0.5106142375346792
NDAQ,"Nasdaq, Inc.",stock,0.10946842717029681,0.21461183153645108,0.5100763848227258
USVM,VictoryShares US Small Mid Cap Value Momentum ETF,ETF,0.06901631758486215,0.13570649494211762,0.5085704823066827
SNPS,Synopsys,stock,0.12894359124811405,0.2539607770646164,0.507730338277026
V60D.DE,Vanguard LifeStrategy 60% Equity UCITS ETF (EUR) Distributing,UCITS,0.043404158875622434,0.0854908261742473,0.507705455871442
ECR3.DE,Amundi Index Solutions - Amundi EUR Corporate Bond 0-3Y ESG UCITS ETF DR (C),UCITS,0.016555069309901915,0.03260800605515131,0.5076995288182179
SCHO,Schwab Short-Term U.S. Treasury ETF,ETF,0.018478913692032473,0.036442530868439474,0.5070699880516769
SPTS,State Street SPDR Portfolio Short Term Treasury ETF,ETF,0.01858628810817864,0.036663622227995914,0.5069408579599199
EWW,iShares MSCI Mexico ETF,ETF,0.10672098439794309,0.2105826353314363,0.5067891007726006
ZPDE.DE,SPDR S&P U.S. Energy Select Sector UCITS ETF,UCITS,0.1723226561426039,0.3403246939653188,0.5063477884451272
T,AT&T,stock,0.1393909612209039,0.2756844328134779,0.5056178174384361
FXO,First Trust Financials AlphaDEX Fund,ETF,0.08581968715842825,0.16984883788924662,0.5052709704990076
ONEQ,Fidelity Nasdaq Composite Index ETF,ETF,0.10806859762455945,0.21405529940608867,0.5048629859872813
TLTD,FlexShares Morningstar Developed Markets ex-US Factor Tilt Index Fund,ETF,0.0812106005967752,0.16119428223984117,0.5038057148698479
GUNR,FlexShares Morningstar Global Upstream Natural Resources Index Fund,ETF,0.062414001000138164,0.12409480941119351,0.5029541630006995
ILCG,iShares Morningstar Growth ETF,ETF,0.10955431506886826,0.21833882612341293,0.5017628656066156
PHM,PulteGroup,stock,0.23461898338553744,0.46804481841511913,0.5012746090855101
CVX,Chevron Corporation,stock,0.1308610767631826,0.2611806008292293,0.501036739894572
PHB,Invesco Fundamental High Yield® Corporate Bond ETF,ETF,0.034955239279296224,0.06991897391733766,0.49993924854535726
GSEW,Goldman Sachs Equal Weight U.S. Large Cap Equity ETF,ETF,0.06772945803284847,0.1356199639506655,0.4994062530313489
VRP,Invesco Variable Rate Preferred ETF,ETF,0.04242407127843717,0.08504201232074558,0.4988601530080212
BBIN,JPMorgan BetaBuilders International Equity ETF,ETF,0.07268851448261815,0.1458682551316699,0.49831619921006737
QDVF.DE,iShares S&P 500 Energy Sector UCITS ETF USD (Acc),UCITS,0.1718713613860814,0.3457061162588476,0.49716031421727186
VLUE,iShares MSCI USA Value Factor ETF,ETF,0.06532234048935126,0.1314054466758079,0.4971052733492004
ICOW,Pacer Developed Markets International Cash Cows 100 ETF,ETF,0.07184450320348823,0.14463817922422126,0.49671880266214713
USHY,iShares Broad USD High Yield Corporate Bond ETF,ETF,0.040262123560283136,0.08127575883872773,0.4953767782122302
FTC,First Trust Large Cap Growth AlphaDEX Fund,ETF,0.08908901788379309,0.17989667400819442,0.4952232628810859
SOXX,iShares Semiconductor ETF,ETF,0.1429457398230629,0.28913978163887283,0.49438281724096333
QEFA,State Street SPDR MSCI EAFE StrategicFactors ETF,ETF,0.06630253216359927,0.1343869279323315,0.49337039832464136
JHMD,John Hancock Multifactor Developed International ETF,ETF,0.0731231972786055,0.1483508706015912,0.492907099109543
IYG,iShares U.S. Financial Services ETF,ETF,0.09735012049816416,0.19772768753726477,0.4923444041179972
BBHY,JPMorgan BetaBuilders USD High Yield Corporate Bond ETF,ETF,0.03827512523097898,0.07809976120182766,0.4900799265194588
DUSA,Davis Select U.S. Equity ETF,ETF,0.09643610295245009,0.19706477090670227,0.4893624695512243
VGK,Vanguard FTSE Europe ETF,ETF,0.07636865209700638,0.15615197305352377,0.48906620008464263
JPIB,JPMorgan International Bond Opportunities ETF of Benef Interest,ETF,0.028511198178674535,0.05831522523003496,0.4889151686580469
IQDF,FlexShares International Quality Dividend Index Fund,ETF,0.07978019432301364,0.16319015735571107,0.488878714352325
SHY,iShares 1-3 Year Treasury Bond ETF,ETF,0.01757713639502012,0.035996041360015406,0.4883074841264322
EFA,iShares MSCI EAFE ETF,ETF,0.07080260111032977,0.14507771081852616,0.488032246379286
EWA,iShares MSCI-Australia ETF,ETF,0.05020552130753653,0.10299811245244167,0.4874411784072103
XSMO,Invesco S&P SmallCap Momentum ETF,ETF,0.07870129308885332,0.16176372847016676,0.486520024192987
AOR,iShares Core 60/40 Balanced Allocation ETF,ETF,0.05290756982361877,0.10896424131345266,0.48554983897352055
VIDI,Vident International Equity Strategy ETF,ETF,0.08329107596104857,0.17180809547798273,0.4847913349445303
XMHQ,Invesco S&P MidCap Quality ETF,ETF,0.08828386047834358,0.18251192397793262,0.4837155762437632
IMCB,iShares Morningstar Mid-Cap ETF,ETF,0.060896773701871076,0.12607189224969204,0.48303212250722627
IGSB,iShares 1-5 Year Investment Grade Corporate Bond ETF,ETF,0.024756730589484466,0.05126721421213526,0.4828959593366085
IPKW,Invesco International BuyBack Achievers™ ETF,ETF,0.09005667147408314,0.18651079409112153,0.48284964906687994
BCD,abrdn Bloomberg All Commodity Longer Dated Strategy K-1 Free ETF,ETF,0.07669302731618521,0.15885458515983603,0.48278762138982867
IMTM,iShares MSCI Intl Momentum Factor ETF,ETF,0.0806487640348259,0.16731820994572325,0.4820082886434641
FXR,First Trust Industrials/Producer Durables AlphaDEX Fund,ETF,0.0753420415173307,0.1563206656915139,0.4819710892609176
DWX,State Street SPDR S&P International Dividend ETF,ETF,0.06527856691820877,0.13561061080638065,0.4813676933541054
JSCP,JPMorgan Short Duration Core Plus ETF,ETF,0.024280117033998128,0.05050043176543661,0.48079028604693774
DFJ,WisdomTree Japan SmallCap Dividend Fund,ETF,0.07804498373583924,0.16254462555451085,0.4801449661567932
HYLB,Xtrackers USD High Yield Corporate Bond ETF,ETF,0.03810664011089071,0.0793733511951561,0.48009362761057567
EWQ,iShares MSCI France ETF,ETF,0.06869762422410286,0.1431033898051346,0.48005588349548634
REG,Regency Centers,stock,0.05747991465682922,0.11975728830838177,0.4799700750472506
SPEU,State Street SPDR Portfolio Europe ETF,ETF,0.0749638647271802,0.15618790622379616,0.47995947022791324
SPMD,State Street SPDR Portfolio S&P 400 Mid Cap ETF,ETF,0.05666621327946442,0.11833673610214455,0.47885563812197696
DDM,ProShares Ultra Dow30,ETF,0.09434681634881548,0.19728281090352143,0.4782313061980577
IEUR,iShares Core MSCI Europe ETF,ETF,0.07439038212036908,0.1555790511161651,0.478151663650555
QYLD,Global X NASDAQ 100 Covered Call ETF,ETF,0.05779701078257449,0.12091434031929647,0.47799963701535225
LGH,HCM Defender 500 Index ETF,ETF,0.08632112548200799,0.18059771340094954,0.4779746313308202
IDEV,iShares Core MSCI International Developed Markets ETF,ETF,0.06979598123588149,0.14602919503061276,0.47795909044934365
IVOO,Vanguard S&P Mid-Cap 400 ETF,ETF,0.05652569434807764,0.11852258239131476,0.47691919301464525
IJH,iShares Core S&P Mid-Cap ETF,ETF,0.05645361250816916,0.11862141367458173,0.4759141773764417
WEC,WEC Energy Group,stock,0.07535318027514926,0.15836959740783868,0.47580584599894654
BKHY,BNY Mellon High Yield ETF,ETF,0.03887120056254756,0.08180133068698844,0.4751903206964642
FNX,First Trust Mid Cap Core AlphaDEX Fund,ETF,0.06070175742315076,0.12777135434579548,0.4750811144951149
FRDM,Freedom 100 Emerging Markets ETF,ETF,0.09797512873683334,0.20695238263628102,0.4734187038040761
NUDM,Nuveen ESG International Developed Markets Equity ETF,ETF,0.06833648770195566,0.14439817249236434,0.4732503640623931
GSIE,Goldman Sachs ActiveBeta International Equity ETF,ETF,0.06985979898220407,0.1481089945393803,0.4716783015067274
VCSH,Vanguard Short-Term Corporate Bond ETF,ETF,0.023805102998279093,0.050525218133292304,0.47115289904296975
ERIE,Erie Indemnity,stock,0.16268835005996385,0.34534509337782454,0.4710892182330061
SCHJ,Schwab 1-5 Year Corporate Bond ETF,ETF,0.023808344909659773,0.0506903051735404,0.4696824141845447
PG,Procter & Gamble,stock,0.04597448621039768,0.09793016489822699,0.46946195034161575
ELFF.DE,Deka Euro Corporates 0-3 Liquid UCITS ETF,UCITS,0.014051025126806893,0.029977577972554237,0.46871782435763193
SCHF,Schwab International Equity ETF,ETF,0.07033140266573712,0.15007896580682237,0.4686293131594858
FLIN,Franklin FTSE India ETF,ETF,0.0673442157238322,0.1437605376017759,0.46844716114222634
EL4G.DE,Deka EURO STOXX Select Dividend 30 UCITS ETF,UCITS,0.07389646002015104,0.15784237962403647,0.4681661553517151
EXV2.DE,iShares STOXX Europe 600 Telecommunications UCITS ETF (DE),UCITS,0.06737923758918085,0.14441413334148268,0.46656955264797684
EOG,EOG Resources,stock,0.13548090472572039,0.29071604058871736,0.46602486897992784
ESGD,iShares ESG Aware MSCI EAFE ETF,ETF,0.06745980370284288,0.1448006731561057,0.46588045644039433
NFRA,FlexShares STOXX Global Broad Infrastructure Index Fund,ETF,0.046522203920316585,0.09988468050089912,0.4657591503223341
JHMM,John Hancock Multifactor Mid Cap ETF,ETF,0.056699700964075284,0.12179376667534172,0.46553861098011895
GOOGL,Alphabet Inc. (Class A),stock,0.14693356455169915,0.31630918684408915,0.46452512498198056
GSID,Marketbeta INTL Equity ETF,ETF,0.06803320158118353,0.1465982854171934,0.46407910834409
SSO,ProShares Ultra S&P 500,ETF,0.13611976697443207,0.2934150080334041,0.4639154891454475
ICE,Intercontinental Exchange,stock,0.09672223020873627,0.2085261941167303,0.4638373160668362
EWS,iShares MSCI Singapore ETF,ETF,0.09108119556689198,0.19641217528848254,0.46372479421459223
EXSG.DE,iShares EURO STOXX Select Dividend 30 UCITS ETF (DE),UCITS,0.07441403932149471,0.1608199721600366,0.46271640469781417
EUSA,iShares MSCI USA Equal Weighted ETF,ETF,0.058913092363408026,0.12748929984508517,0.46210225042411024
FNDE,Schwab Fundamental Emerging Markets Equity ETF,ETF,0.07085111617667694,0.1533415037934692,0.46204787630167016
IQQA.DE,iShares Euro Dividend UCITS ETF EUR Dist,UCITS,0.07381333680793989,0.15986692464079608,0.4617173750842495
TUR,iShares MSCI Turkey ETF,ETF,0.15397776060646873,0.333525608099923,0.4616669810863146
GOOG,Alphabet Inc. (Class C),stock,0.14546747875379973,0.31574279014977646,0.4607151241198428
WMIN.DE,VanEck S&P Global Mining UCITS ETF,UCITS,0.09856492048785004,0.21398746877965155,0.4606107126270319
LNT,Alliant Energy,stock,0.06407069367870255,0.1391109554412645,0.46057259455567834
XSD,State Street SPDR S&P Semiconductor ETF,ETF,0.08866516644951439,0.19268680926094314,0.460151718685844
EZU,iShares MSCI Eurozone ETF,ETF,0.08484657037337207,0.18466782850182872,0.4594550716370819
LGQM.DE,Amundi Pan Africa UCITS ETF Acc,UCITS,0.07450404541980249,0.1622004945568393,0.4593330348551701
DBMF,iMGP DBi Managed Futures Strategy ETF,ETF,0.058726574518197294,0.12795580616601304,0.4589598258792882
PJP,Invesco Pharmaceuticals ETF,ETF,0.04651529341929184,0.1013955432799523,0.4587508672926923
MDY,State Street SPDR S&P MIDCAP 400 ETF Trust,ETF,0.053955989584454356,0.11769655539990517,0.4584330391074285
PCG,PG&E Corporation,stock,0.09958693392838747,0.21808486206468114,0.4566430378778481
JCI,Johnson Controls,stock,0.13169417436604158,0.2898820232753561,0.4543026603652016
JPEM,JPMorgan Diversified Return Emerging Markets Equity ETF,ETF,0.04888659387133565,0.10779955290953286,0.4534953304710092
MTUM,iShares MSCI USA Momentum Factor ETF,ETF,0.09443889966721786,0.2089630213250705,0.45194072649009637
IEFA,iShares Core MSCI EAFE ETF,ETF,0.06715037804545254,0.1487436267580154,0.4514504554517593
DWLD,Davis Select Worldwide ETF,ETF,0.08983894775219103,0.19920863524364016,0.4509791839209901
HYG,iShares iBoxx $ High Yield Corporate Bond ETF,ETF,0.035852516176010374,0.0795255930786801,0.4508299125859902
G2XJ.DE,VanEck Junior Gold Miners UCITS ETF,UCITS,0.19167983937406707,0.4259486514294384,0.45000691686852373
VEA,Vanguard FTSE Developed Markets ETF,ETF,0.06837732336351476,0.1521191451921247,0.4494984722478884
PHYL,PGIM Active High Yield Bond ETF,ETF,0.03791537093484365,0.0844924444830552,0.4487427386770364
ISCV,iShares Morningstar Small Cap Value ETF,ETF,0.04836005073709093,0.10801327683561475,0.44772320731172727
VTR,Ventas,stock,0.10592787290473438,0.23669516093232917,0.4475286798745286
EPOL,iShares MSCI Poland ETF,ETF,0.15145911888400465,0.338771631532547,0.44708324070356353
INDY,iShares India 50 ETF,ETF,0.046162871024782115,0.103642041201078,0.44540681069008087
ILF,iShares Latin America 40 ETF,ETF,0.08386076407287768,0.18834321706924317,0.4452550263174426
GDX,VanEck Gold Miners ETF,ETF,0.20097555086008123,0.4516065673554901,0.4450235346154295
EUHA.DE,PIMCO Advantage Euro Short-Term High Yield Corporate Bond Index UCITS ETF EUR Accumulation,UCITS,0.028564143901015138,0.06420696292753655,0.444876109982844
EUHI.DE,PIMCO Advantage Euro Short-Term High Yield Corporate Bond Index UCITS ETF EUR Income,UCITS,0.028499823492943666,0.06417007289727228,0.4441295171748999
CI,Cigna,stock,0.08735924220642222,0.19690371628328002,0.44366477106374597
SUSB,iShares ESG Aware 1-5 Year USD Corporate Bond ETF,ETF,0.022582791297524718,0.05090563181761567,0.4436206857904088
HYBB,iShares BB Rated Corporate Bond ETF,ETF,0.03302742762351141,0.07452588079001109,0.44316722289497806
EWL,iShares MSCI Switzerland ETF,ETF,0.05642266966763043,0.12740356375608544,0.4428657095938998
FLTB,Fidelity Limited Term Bond ETF,ETF,0.02262101657256843,0.05115448178623618,0.44220986671503976
18MN.DE,Amundi Index Solutions - Amundi MSCI Switzerland,UCITS,0.03858320932395931,0.08732020363892558,0.4418589022479065
PFFA,Virtus InfraCap U.S. Preferred Stock ETF,ETF,0.05924379061407348,0.13425357647898525,0.4412827737467904
PSI,Invesco Semiconductors ETF,ETF,0.1126021417711518,0.25519973117683653,0.44123142783847985
SMIN,iShares MSCI India Small-Cap ETF,ETF,0.08326318513082498,0.18900878814336722,0.44052546947006543
FTXL,First Trust Nasdaq Semiconductor ETF,ETF,0.11804148037836537,0.2680145176958689,0.4404294267085697
VO,Vanguard Mid-Cap ETF,ETF,0.05780443682936931,0.13185626804825118,0.4383897533655092
BKMC,BNY Mellon US Mid Cap Core Equity ETF,ETF,0.05516092343765999,0.1259003018301538,0.43813178074882625
RWJ,Invesco S&P SmallCap 600 Revenue ETF,ETF,0.04824107828192781,0.11011256120752592,0.4381069494061559
DGS,WisdomTree Emerging Markets SmallCap Dividend Fund,ETF,0.05410110015394043,0.12349143787327672,0.43809596102895315
EMXC.DE,Amundi MSCI Emerging Ex China UCITS ETF Acc,UCITS,0.05178333990522743,0.11846969464596308,0.4371019952400289
EFAV,iShares MSCI EAFE Min Vol Factor ETF,ETF,0.058197918835161344,0.13326138708453525,0.4367200440307822
PXH,Invesco RAFI Emerging Markets ETF,ETF,0.06904567772907977,0.15897867127060786,0.43430780479698855
AEE,Ameren,stock,0.07523605949176382,0.1736223441306368,0.4333316651637577
CTRA,Coterra,stock,0.13965779472940887,0.3226046716265863,0.43290691986959895
SPDW,State Street SPDR Portfolio Developed World ex-US ETF,ETF,0.06640188069264696,0.15360307222486372,0.43229526422127446
TEL,TE Connectivity,stock,0.09383786299614405,0.2174188294259774,0.4315995226535435
EFAX,State Street SPDR MSCI EAFE Fossil Fuel Reserves Free ETF,ETF,0.06612996676638305,0.15331263433644354,0.4313406201165475
IQLT,iShares MSCI Intl Quality Factor ETF,ETF,0.058505718521107086,0.1359027143819998,0.43049705656840154
JPIN,JPMorgan Diversified Return International Equity ETF,ETF,0.06453206283248769,0.15026629025469426,0.4294513608016069
WWJD,Inspire International ETF,ETF,0.058758774429731764,0.13698797838601465,0.4289338022359673
RING,iShares MSCI Global Gold Miners ETF,ETF,0.2102480705408949,0.4903717211141451,0.42875243715767797
J,Jacobs Solutions,stock,0.05966096904335805,0.13923623743539726,0.4284873689655648
CSCO,Cisco,stock,0.0875496520388539,0.20488539070085404,0.427310369662628
FCG,First Trust Natural Gas ETF,ETF,0.133244668830947,0.31231206169466197,0.42663952236726693
CBRE,CBRE Group,stock,0.11846980315319189,0.2777016508140493,0.4266082063463137
IWR,iShares Russell Midcap ETF,ETF,0.05637665882587384,0.1321904039171186,0.42648072140865206
FPEI,First Trust Institutional Preferred Securities & Income ETF,ETF,0.037992369070059206,0.08920145541751891,0.4259164706700247
ITW,Illinois Tool Works,stock,0.051518019816690686,0.12098276691943047,0.4258294063566885
CWI,State Street SPDR MSCI ACWI ex-US ETF,ETF,0.06425611649819118,0.15108890404408995,0.42528679987936313
EQAL,Invesco Russell 1000 Equal Weight ETF,ETF,0.04505772183563783,0.10607929285252325,0.42475511123815024
GL,Globe Life,stock,0.08839167943419124,0.2082972418544758,0.4243535759150616
TPL,Texas Pacific Land Corporation,stock,0.254474077471849,0.599790860401421,0.42427134901911906
FFSM,Fidelity Fundamental Small-Mid Cap ETF,ETF,0.05961785371342865,0.140653068274658,0.4238645800247375
IR,Ingersoll Rand,stock,0.11749709744340153,0.27752605110432216,0.42337321839107034
LRGE,ClearBridge Large Cap Growth Select ETF,ETF,0.09578438435858172,0.22624244781711103,0.42337052698444777
FDHY,Fidelity Enhanced High Yield ETF,ETF,0.03413542614660159,0.08070012107531081,0.4229910152767403
GLW,Corning Inc.,stock,0.17442224276484675,0.41330805876106347,0.42201510245819224
PSC,Principal U.S. Small-Cap ETF,ETF,0.054659568683709914,0.12982736783184093,0.42101730626248074
FLTW,Franklin FTSE Taiwan ETF,ETF,0.08339320914099946,0.19878636573340344,0.41951171466578263
QINT,American Century Quality Diversified International ETF,ETF,0.07371980011683665,0.17632208775074718,0.4180973640752746
GSG,iShares S&P GSCI Commodity-Indexed Trust,ETF,0.08298452501491682,0.19865572050977529,0.41773035683023985
PTC,PTC Inc.,stock,0.08570653300851316,0.2052143027097114,0.41764405247011693
USD,ProShares Ultra Semiconductors,ETF,0.4339521330069427,1.0438357069568103,0.4157283853338214
NTSX,WisdomTree U.S. Efficient Core Fund,ETF,0.06768128108473381,0.16291827527503513,0.4154308715242395
SC0Q.DE,Invesco STOXX Europe 600 Optimised Telecommunications UCITS ETF,UCITS,0.0591417468385147,0.14248192688387346,0.41508244681949585
BSJR,Invesco BulletShares 2027 High Yield Corporate Bond ETF,ETF,0.03297993115036024,0.07949118178198789,0.41488792103771754
QAI,NYLI Hedge Multi-Strategy Tracker ETF,ETF,0.03004772450381532,0.07251010344756333,0.41439362344234887
AIQ,Global X Artificial Intelligence & Technology ETF,ETF,0.10976034560364334,0.2653584121980387,0.41363054856436393
WSM,"Williams-Sonoma, Inc.",stock,0.23413224564236335,0.5670260948725688,0.41291264680681283
MCO,Moody's Corporation,stock,0.08830304241177545,0.21421869966413573,0.41220977697195427
SGDM,Sprott Gold Miners ETF,ETF,0.19431953576017613,0.4719926182589275,0.41170037039345303
FSMB,First Trust Short Duration Managed Municipal ETF,ETF,0.012726838135797447,0.030924528268293523,0.41154510184868665
XOP,State Street SPDR S&P Oil & Gas Exploration & Production ETF,ETF,0.1087196535551831,0.2642006392163732,0.41150412761168464
HYGV,FlexShares High Yield Value-Scored Bond Index Fund,ETF,0.03314436352892569,0.08061506264739687,0.4111435560609336
EVRG,Evergy,stock,0.0728262927859804,0.1772646944383816,0.41083360122393303
FTNT,Fortinet,stock,0.12903481519403415,0.31415695520534476,0.4107335936894733
VEU,Vanguard FTSE All-World ex-US Index Fund,ETF,0.06138902938536961,0.1499301990730672,0.40945072950548267
EWX,State Street SPDR S&P Emerging Markets Small Cap ETF,ETF,0.04858054397615619,0.11879769482340138,0.4089350727585544
AIZ,Assurant,stock,0.09468499032070854,0.23161012686622282,0.4088119617299733
FOXA,Fox Corporation (Class A),stock,0.12794815424778316,0.31306575588029023,0.40869418594829593
GRPM,Invesco S&P MidCap 400 GARP ETF,ETF,0.06519849199999306,0.1595808376210493,0.4085609085147021
FXF,Invesco CurrencyShares Swiss Franc Trust,ETF,0.02727028340396398,0.06675180461357626,0.4085325267508594
INDA,iShares MSCI India ETF,ETF,0.05445568242825538,0.13364193902365842,0.40747450108917666
PRFZ,Invesco RAFI US 1500 Small-Mid ETF,ETF,0.05216012622616173,0.12830307684872852,0.40653838947026494
H4ZD.DE,HSBC MSCI USA QUALITY UCITS ETF,UCITS,0.0252805187432521,0.06224111116311029,0.40617074905686484
OSCV,Opus Small Cap Value ETF,ETF,0.03988823309061562,0.09830897252093652,0.40574356610349843
XNTK,State Street SPDR NYSE Technology ETF,ETF,0.12480227530270005,0.30774210628391563,0.4055417596562506
FDEM,Fidelity Emerging Markets Multifactor ETF,ETF,0.06157858633358848,0.15193454878804843,0.40529679934411605
SIVR,abrdn Physical Silver Shares ETF,ETF,0.1679693194033105,0.4146962744420059,0.4050417854110733
IXJ,iShares Global Healthcare ETF,ETF,0.03363657242702578,0.08329732449237645,0.40381335933670076
UIQK.DE,UBS CMCI Composite SF UCITS ETF USD acc,UCITS,0.07861954498337487,0.19475126358681433,0.4036920918273201
XJH,iShares ESG Select Screened S&P Mid-Cap ETF,ETF,0.04904042822822263,0.12159911347056816,0.4032959355422634
LII,Lennox International,stock,0.1619448148113325,0.40175474984119486,0.40309371544542
JHSC,John Hancock Multifactor Small Cap ETF,ETF,0.047975380832459225,0.11912334426691688,0.4027370212589223
EMNE.DE,iShares MSCI EMU CTB Enhanced ESG UCITS ETF EUR Inc,UCITS,0.051252450888582546,0.12753636709604677,0.40186538205204386
XHYA.DE,Xtrackers II EUR High Yield Corporate Bond UCITS ETF 1C,UCITS,0.028563045604183657,0.07109675992893964,0.40174890716162137
JNK,State Street SPDR Bloomberg High Yield Bond ETF,ETF,0.03346921535289993,0.08343391228018407,0.40114642161936614
NFLT,Virtus Newfleet Multi-Sector Bond ETF,ETF,0.028008400197039984,0.0698252006312082,0.4011216572791586
FAD,First Trust Multi Cap Growth AlphaDEX Fund,ETF,0.06993913340635594,0.17461004032990665,0.4005447411512738
SLV,iShares Silver Trust,ETF,0.16580957156214282,0.41397337319600686,0.40053197209772184
VRSK,Verisk Analytics,stock,0.0776001380662763,0.19423371271953177,0.3995194087564439
KKR,KKR & Co.,stock,0.19395844845317978,0.4855051283275779,0.39949824859998795
XHYG.DE,Xtrackers II EUR High Yield Corporate Bond UCITS ETF 1D,UCITS,0.02835986847707539,0.07103657663425315,0.3992290988780635
VAW,Vanguard Materials ETF,ETF,0.04139016632751802,0.10399748352644307,0.39799199869094803
PAYX,Paychex,stock,0.06455447678514203,0.16231972710274817,0.3976995152553401
STT,State Street Corporation,stock,0.08663541007837994,0.21796511251687783,0.39747374741758934
AVSF,Avantis Short-Term Fixed Income ETF,ETF,0.018427925729138872,0.04644278444759787,0.3967877022948827
FDD,First Trust STOXX European Select Dividend Index Fund,ETF,0.08881096649272435,0.22440113858291627,0.3957687873313026
IYM,iShares U.S. Basic Materials ETF,ETF,0.04288351146821956,0.10837345667358711,0.3957012425780747
GVIP,Goldman Sachs Hedge Industry VIP ETF,ETF,0.09560581580680383,0.24192387381052133,0.39518966979539955
FBCG,Fidelity Blue Chip Growth ETF,ETF,0.11255437948978786,0.28528336935282217,0.39453536932462063
VXUS,Vanguard Total International Stock ETF,ETF,0.05910199304394226,0.1501510610558468,0.39361688574388437
XQUI.DE,Xtrackers Portfolio UCITS ETF 1C,UCITS,0.03286659740662068,0.08366383402378702,0.3928411575935685
EA,Electronic Arts,stock,0.06568986029941137,0.16751517811588004,0.3921427361881791
TIPX,State Street SPDR Bloomberg 1-10 Year TIPS ETF,ETF,0.01811082586849655,0.04624001208633981,0.39167000723701884
TDY,Teledyne Technologies,stock,0.0544982589166203,0.13923458281485596,0.3914132381111676
IYH,iShares U.S. Healthcare ETF,ETF,0.03246243903509716,0.08334249776568485,0.3895064331568801
QQQE,Direxion NASDAQ-100 Equal Weighted Index Shares,ETF,0.059334650254325494,0.15238980602694632,0.38936101961986647
NVR,"NVR, Inc.",stock,0.1038792821321326,0.2671011438633077,0.38891365506579073
ISRG,Intuitive Surgical,stock,0.1336850293781826,0.34424384164083793,0.3883439969208252
PTF,Invesco Dorsey Wright Technology Momentum ETF,ETF,0.09205451405690424,0.237542283643753,0.3875289596649676
QMOM,Alpha Architect U.S. Quantitative Momentum ETF,ETF,0.07127933829344313,0.18394488529041114,0.3875037796289237
SYBJ.DE,SPDR Bloomberg Euro High Yield Bond UCITS ETF,UCITS,0.03241711536674741,0.08378021276556091,0.3869304492871011
ROST,Ross Stores,stock,0.08805760359171577,0.22763494603890197,0.38683692958403254
ACWX,iShares MSCI ACWI ex U.S. ETF,ETF,0.0584598188773271,0.151168259160516,0.3867201964352339
FNDA,Schwab Fundamental U.S. Small Company ETF,ETF,0.04402496366336717,0.11386146645122211,0.38665375596780427
FOX,Fox Corporation (Class B),stock,0.12113898036717652,0.3134123381061712,0.38651630978911755
UEQU.DE,UBS CMCI ex-Agriculture SF UCITS ETF USD acc,UCITS,0.07793411237403136,0.20236108063336058,0.38512401757348297
IXP,iShares Global Comm Services ETF,ETF,0.09553055724863202,0.2483273620657401,0.38469605787276095
TECB,iShares U.S. Tech Breakthrough Multisector ETF,ETF,0.09919001523970872,0.25804729378656305,0.38438696172396636
COPX,Global X Copper Miners ETF,ETF,0.1165091284920865,0.30349822740673194,0.3838873442115603
EUNW.DE,iShares € High Yield Corp Bond UCITS ETF EUR (Dist),UCITS,0.02744690038615194,0.07156415570880263,0.38352859911929177
ISTB,iShares Core 1-5 Year USD Bond ETF,ETF,0.018776154230826014,0.04912735053512371,0.38219350374700056
DELL,Dell Technologies,stock,0.2562398376811219,0.6712815495537957,0.3817173849801858
FMAT,Fidelity MSCI Materials Index ETF,ETF,0.040098254798616395,0.10514249830304187,0.381370572753989
IXUS,iShares Core MSCI Total International Stock ETF,ETF,0.05820345565608398,0.15263101667401696,0.381334390115428
QQH,HCM Defender 100 Index ETF,ETF,0.09401305630596801,0.24659090259878694,0.3812511139509917
ISCF,iShares International Small‑Cap Equity Factor ETF,ETF,0.058624436565252624,0.15506892148795773,0.37805406784753615
URNM,Sprott Uranium Miners ETF,ETF,0.1291655869160666,0.34198220227088405,0.3776968101215822
CHRW,C.H. Robinson,stock,0.09426532043848201,0.24995636560450157,0.37712710460687043
EZA,iShares MSCI South Africa ETF,ETF,0.09264252264373285,0.2459294721195468,0.3767036209417761
LOW,Lowe's,stock,0.05237059846936365,0.1396315335135938,0.37506283252461103
PLTR,Palantir Technologies,stock,0.6187499753128101,1.6543396294334887,0.37401629284834004
DHI,D. R. Horton,stock,0.1289436107167603,0.34564092756084125,0.3730565463607115
SYLD,Cambria Shareholder Yield ETF,ETF,0.03996350945685978,0.1071550486274568,0.37295031796215117
8PSB.DE,Invesco Physical Markets PLC  O,UCITS,0.12876220161494212,0.3454514150405753,0.37273606651696084
AOM,iShares Core 40/60 Moderate Allocation ETF,ETF,0.03538834900666088,0.09515578177706023,0.37189909373633206
OTIS,Otis Worldwide,stock,0.04798294266543879,0.12918545182217847,0.37142682855254067
BSV,Vanguard Short-Term Bond ETF,ETF,0.016659990595076613,0.044873822954806276,0.3712630103268752
CMDY,iShares Bloomberg Roll Select Commodity Strategy ETF,ETF,0.05618282901127025,0.1513406230686024,0.37123429170634964
IPAC,iShares Core MSCI Pacific ETF,ETF,0.052485371720643936,0.14148049815518854,0.37097248316918746
LYV,Live Nation Entertainment,stock,0.11061429551989033,0.29839284511378106,0.3707002273386001
QQQH,NEOS Nasdaq 100 Hedged Equity Income ETF,ETF,0.07229034335271689,0.19566247062984835,0.3694645330809238
SMDV,ProShares Russell 2000 Dividend Growers ETF,ETF,0.033355363922726644,0.09060803701248463,0.3681280935170321
GDDY,GoDaddy,stock,0.16697274291609165,0.45420964505593114,0.36761161884955285
FDT,First Trust Developed Markets ex-US AlphaDEX Fund,ETF,0.07894283423866044,0.21478372914649368,0.3675456914374427
BCI,abrdn Bloomberg All Commodity Strategy K-1 Free ETF,ETF,0.05717764284647053,0.15560804353352725,0.36744657633428224
FLJP,Franklin FTSE Japan ETF,ETF,0.05964619381817382,0.16287179018180664,0.36621562120483475
COP,ConocoPhillips,stock,0.13579656118000782,0.37108645332732776,0.3659431918422106
FSLR,First Solar,stock,0.2206354278843332,0.6035798441804008,0.365544724549133
VHT,Vanguard Health Care ETF,ETF,0.03067196983973819,0.08393724847101956,0.36541547880650493
EWT,iShares MSCI Taiwan ETF,ETF,0.07221765623817822,0.19770455248521282,0.36528069450287287
BBAX,JPMorgan BetaBuilders Developed Asia Pacific-ex Japan ETF,ETF,0.03961537633662737,0.10846130802583634,0.36524892662359076
BLDR,Builders FirstSource,stock,0.20994417397295928,0.576048295231517,0.36445585502267924
GDXJ,VanEck Junior Gold Miners ETF,ETF,0.18916615933139846,0.5213791406519616,0.36281880992564175
QQEW,First Trust Nasdaq-100 Select Equal Weight ETF,ETF,0.055226403727404394,0.1524968488808677,0.36214783539919504
TCHP,T. Rowe Price Blue Chip Growth ETF,ETF,0.09767667806888514,0.2701088973109792,0.36161962468207387
EWG,iShares MSCI Germany ETF,ETF,0.0799989916944086,0.22129889738214198,0.36149747079970873
BBJP,JPMorgan BetaBuilders Japan ETF,ETF,0.05931987350954304,0.1642028738880591,0.36125965462689025
BX,Blackstone Inc.,stock,0.11584268324171765,0.3211403454650475,0.36072292029817793
ULTA,Ulta Beauty,stock,0.08815665919293081,0.2446531185884429,0.36033327390863357
PNR,Pentair,stock,0.11506283244724602,0.3197254422676623,0.3598801259954773
H4ZR.DE,HSBC MSCI Canada UCITS ETF,UCITS,0.02470972435906682,0.0687427124555168,0.35945227466920815
GRMN,Garmin,stock,0.13377557316490551,0.37220757585281405,0.3594112045097271
DJP,iPath Bloomberg Commodity Index Total Return ETN,ETF,0.06370369724564084,0.1778216593985608,0.35824486995061994
RF,Regions Financial Corporation,stock,0.07422220636846344,0.2071943209699637,0.35822510009443354
ETL2.DE,L&G Longer Dated All Commodities UCITS ETF,UCITS,0.08289636000606015,0.23176011501451063,0.357681734844108
JPSE,JPMorgan Diversified Return U.S. Small Cap Equity ETF,ETF,0.038241384221736174,0.10712910206590713,0.3569654135457012
DES,WisdomTree U.S. SmallCap Dividend Fund,ETF,0.037282597455812416,0.1044839457946818,0.3568260862685575
DIV,Global X SuperDividend U.S. ETF,ETF,0.036227620820736606,0.10185890196325784,0.35566474920183705
CGW,Invesco S&P Global Water Index ETF,ETF,0.04779970908205877,0.13459564394823792,0.3551356320301223
XLB,State Street Materials Select Sector SPDR ETF,ETF,0.03643375490433587,0.10259504639377703,0.3551219691884245
LRCX,Lam Research,stock,0.19450074501137382,0.5500839639770009,0.35358373948073485
COMT,iShares U.S. ETF Trust iShares GSCI Commodity Dynamic Roll Strategy ETF,ETF,0.06512559761777004,0.184250475101159,0.35346230495207215
BLK,BlackRock,stock,0.07742200860091608,0.21905830991708042,0.3534310505281559
XLC,State Street Communication Services Select Sector SPDR ETF,ETF,0.09681055269109562,0.27546146323672993,0.3514486257117469
FALN,iShares Fallen Angels USD Bond ETF,ETF,0.03305614788218647,0.09408468544789171,0.35134461814717377
HACK,Amplify Cybersecurity ETF,ETF,0.07900970181225353,0.2252012709380806,0.3508403903900585
XEL,Xcel Energy,stock,0.05626950023171706,0.16076930222674837,0.3500015205163657
SMCI,Supermicro,stock,0.7887980063078053,2.2601321897650584,0.34900525282541156
EIS,iShares MSCI Israel ETF,ETF,0.090286063999935,0.2587522559903502,0.34892860606905046
MTB,M&T Bank,stock,0.09097464701333946,0.26213109711652444,0.34705781959512705
LHX,L3Harris,stock,0.07445687327989625,0.21461518454230036,0.34693199103636074
IYC, iShares U.S. Consumer Discretionary ETF,ETF,0.06616399470260892,0.19116352193210753,0.3461120303386507
JNJ,Johnson & Johnson,stock,0.050839075424937485,0.14722923480210456,0.3453055739457716
BIBL, Inspire 100 ETF,ETF,0.05188677117485274,0.15058422925324674,0.34456975628962827
PDP,Invesco Dorsey Wright Momentum ETF,ETF,0.061953829814952455,0.17986598285712443,0.34444439593764176
HYLS,First Trust Tactical High Yield ETF,ETF,0.028058233241640584,0.08162509991568914,0.34374516258628823
FXL,First Trust Technology AlphaDEX Fund,ETF,0.06566460449784484,0.19166162580025836,0.34260694713232637
GSDE.DE,BNP Paribas Easy Energy & Metals Enhanced Roll,UCITS,0.07901131548977736,0.2306416709028331,0.34257172687178455
XHB,State Street SPDR S&P Homebuilders ETF,ETF,0.09501125271997268,0.2778848587961719,0.3419087068348092
EWJ,iShares MSCI Japan ETF,ETF,0.05573986626422878,0.16313069462720436,0.3416884013864388
FHLC,Fidelity MSCI Health Care Index ETF,ETF,0.02891277858526986,0.08463441147793233,0.3416196565956935
NUE,Nucor,stock,0.09941519039441316,0.2914229721525267,0.3411371096111827
USO,United States Oil Fund LP,ETF,0.09156503946539707,0.26921612325949373,0.3401172201604685
PIZ,Invesco Dorsey Wright Developed Markets Momentum ETF,ETF,0.07175362845501265,0.21118675860081765,0.33976386081402193
FEP,First Trust Europe AlphaDEX Fund,ETF,0.07559802968969986,0.22283448963062147,0.33925641320162736
EPP,iShares MSCI Pacific ex Japan ETF,ETF,0.0397538967319051,0.11765062931085499,0.3378978673107465
BSJS,Invesco BulletShares 2028 High Yield Corporate Bond ETF,ETF,0.029168244743030813,0.08651254669796007,0.3371562375208472
FNDC,Schwab Fundamental International Small Equity ETF,ETF,0.0553495609143686,0.16437705937666444,0.3367231481342963
IMFL,Invesco International Developed Dynamic Multifactor ETF,ETF,0.05428062941467049,0.16124474118213128,0.3366350370047648
SCHM,Schwab US Mid-Cap ETF,ETF,0.0425686032370447,0.12663006661067852,0.33616505444888517
C,Citigroup,stock,0.11352031691407571,0.3383160688649728,0.3355451524810175
VIGI,Vanguard International Dividend Appreciation ETF,ETF,0.03992838442618507,0.11939383010017282,0.3344258609735921
DBC,Invesco DB Commodity Index Tracking Fund,ETF,0.06065469953757163,0.18137695166528672,0.33441238801666434
HII,Huntington Ingalls Industries,stock,0.1112942219076909,0.33292092981841875,0.3342962605817328
DLS,WisdomTree International SmallCap Dividend Fund,ETF,0.053141156704206605,0.15926953095230473,0.33365551079647743
UAL,United Airlines Holdings,stock,0.16919962670585442,0.5071399974595906,0.33363494804871197
FDG,American Century Focused Dynamic Growth ETF,ETF,0.09124234124313602,0.275334288788163,0.3313874986102299
DGRS,WisdomTree US Smallcap Quality Dividend Growth Fund,ETF,0.040101557043915825,0.12106602793211615,0.3312370755766553
SYF,Synchrony Financial,stock,0.12510853334581862,0.37792499853722544,0.33104063988901616
UYG,ProShares Ultra Financials,ETF,0.11414050714121848,0.34728395344731516,0.32866622833621423
NFLX,Netflix,stock,0.18861957502963778,0.5793460926608002,0.32557322370701164
NWS,News Corp (Class B),stock,0.08370454810378791,0.2572886108871569,0.3253332816216243
EYLD,Cambria Emerging Shareholder Yield ETF,ETF,0.05812396436847589,0.17874076881651096,0.3251858249985705
ITB,iShares U.S. Home Construction ETF,ETF,0.09724301854851491,0.2992721867297522,0.32493169382401377
HD,Home Depot (The),stock,0.048615157809159815,0.1496224125681964,0.32491895415067923
UHS,Universal Health Services,stock,0.08912066726441381,0.2744618836443755,0.3247105429761199
UBER,Uber,stock,0.17397564587731562,0.537913342189749,0.32342690212719377
EMHY,iShares J.P. Morgan EM High Yield Bond ETF,ETF,0.039950092999718745,0.12378852092113242,0.32272857533511984
XLY,State Street Consumer Discretionary Select Sector SPDR ETF,ETF,0.05942871920117687,0.18447875853826035,0.32214396753353874
DMXF,iShares ESG Advanced MSCI EAFE ETF,ETF,0.049629526913505195,0.15414930066285354,0.3219575223506984
GSSC,TR Activebeta US Small Cap Equity ETF,ETF,0.040247556320633704,0.12560055648056448,0.32044090765522715
CF,CF Industries,stock,0.13431567771990416,0.4195175276779339,0.3201670224921308
BBMC,JPMorgan BetaBuilders U.S. Mid Cap Equity ETF,ETF,0.0462966103356135,0.14462088838997678,0.3201239520170322
NUMV,Nuveen ESG Mid-Cap Value ETF,ETF,0.041997459104383905,0.13151240116310622,0.3193421968799521
JSMD,Janus Henderson Small/Mid Cap Growth Alpha ETF,ETF,0.050723686089114706,0.15951883811797643,0.31797928500206757
OIH,VanEck Oil Services ETF,ETF,0.08148334586101935,0.25737718671059706,0.3165911746196906
FNGO,MicroSectors FANG+ Index 2X Leveraged ETNs,ETF,0.24262613486347595,0.7702332537431884,0.3150034534140907
IDHQ,Invesco S&P International Developed High Quality ETF,ETF,0.0486064833551445,0.1550223980307571,0.31354490688178344
VB,Vanguard Small Cap ETF,ETF,0.04247692079669041,0.13568072613513477,0.31306525257231016
EES,WisdomTree U.S. SmallCap Fund,ETF,0.03545303755635931,0.11330250545955957,0.3129060333887618
SPGI,S&P Global,stock,0.05668718783573823,0.18117133089601867,0.3128927052386298
XES,State Street SPDR S&P Oil & Gas Equipment & Services ETF,ETF,0.08099315673902541,0.2590501582327005,0.31265434189108116
LYTR.DE,Amundi Bloomberg Equal-weight Commodity ex-Agriculture UCITS ETF Acc,UCITS,0.08323841521027564,0.2662651999459244,0.3126146985305645
MDYG,State Street SPDR S&P 400 Mid Cap Growth ETF,ETF,0.04569034068208766,0.1462336626200731,0.31244748892595864
MRK,Merck & Co.,stock,0.07296292265679272,0.23380143993769123,0.31207216977037244
IVOG,Vanguard S&P Mid-Cap 400 Growth ETF,ETF,0.045762693734871185,0.14680024571741884,0.3117344491572682
IJK,iShares S&P Mid-Cap 400 Growth ETF,ETF,0.04560041240463231,0.14635694875475513,0.3115698488702659
FLBR,Franklin FTSE Brazil ETF,ETF,0.059711420516272096,0.19216662298983117,0.31072732396110136
EMGF,iShares Emerging Markets Equity Factor ETF,ETF,0.05049469871632084,0.16291329473846586,0.3099482997835315
PDBC,Invesco Optimum Yield Diversified Commodity Strategy No K-1 ETF,ETF,0.05786368179274892,0.18702766570390064,0.3093856813908902
VSGX,Vanguard ESG International Stock ETF,ETF,0.04853231595810481,0.15726295382706484,0.3086061578842889
WDNR.DE,Amundi Global Bioenergy UCITS ETF EUR Acc,UCITS,0.08912294543828803,0.2910008478978266,0.30626352494196174
QLD,ProShares Ultra QQQ,ETF,0.13547755542465456,0.44236600439380797,0.30625670616417494
FYX,First Trust Small Cap Core AlphaDEX Fund,ETF,0.039531375067383356,0.12927819190538142,0.30578533381961537
ANGL,VanEck Fallen Angel High Yield Bond ETF,ETF,0.02712225562435089,0.08879478596808509,0.30544874148465495
PREF,Principal Spectrum Preferred Secs Active ETF,ETF,0.027799901611953004,0.09204070650950696,0.3020392027203912
IWP,iShares Russell Mid-Cap Growth ETF,ETF,0.057806020878558684,0.19153394378952915,0.30180562115966225
SPXL,Direxion Daily S&P 500 Bull 3X Shares,ETF,0.1373165645359744,0.4554481908984339,0.30149766160032093
AOK,iShares Core 30/70 Conservative Allocation ETF,ETF,0.026618949392346103,0.08839742524021192,0.301128107747613
CDC,VictoryShares US EQ Income Enhanced Volatility Wtd ETF,ETF,0.03259055211443984,0.10829204100785489,0.30095057597146874
EEMS,iShares MSCI Emerging Markets Small-Cap ETF,ETF,0.043545560797802585,0.1447005012261381,0.30093579793306685
CRWD,CrowdStrike,stock,0.19085315769615208,0.6366937016234311,0.2997566289874045
CARR,Carrier Global,stock,0.07777932677262767,0.25961475441513665,0.2995951711136368
AVEM,Avantis Emerging Markets Equity ETF,ETF,0.05203775818926948,0.17397807051044029,0.2991052725012647
HNDL,Strategy Shares Nasdaq 7HANDL Index ETF,ETF,0.03209703776188477,0.10810203241561932,0.2969142859264797
COF,Capital One,stock,0.09881440885785353,0.3341334966551126,0.29573332170239797
FNY,First Trust Mid Cap Growth AlphaDEX Fund,ETF,0.049968490350427386,0.16938190342736759,0.2950048933170379
UPRO,ProShares UltraPro S&P500,ETF,0.13371636879337467,0.4549655493510248,0.2939043823957909
VPL,Vanguard FTSE Pacific ETF,ETF,0.04671628078006784,0.15968882214244864,0.2925457158071784
PCEF,Invesco CEF Income Composite ETF,ETF,0.03633212733936331,0.12437980861113761,0.29210631327591496
DTCR,Global X Data Center And Digital Infrastructure ETF,ETF,0.05695099587732577,0.19498599692658852,0.29207736337480483
STX,Seagate Technology,stock,0.22052816128209862,0.7581466402019746,0.29087797740994886
ALLE,Allegion,stock,0.05629055127137739,0.1939261096530533,0.29026803751225105
CPRT,Copart,stock,0.08434894628644729,0.29172954598481016,0.28913405394611347
RPG,Invesco S&P 500® Pure Growth ETF,ETF,0.052501398799925436,0.1820242037417577,0.28843086644900523
QTEC,First Trust NASDAQ-100 Technology Sector Index Fund,ETF,0.07636897893102557,0.2655960605893257,0.287538071014954
UDOW,ProShares UltraPro Dow30,ETF,0.08686265545694094,0.3023829961631802,0.2872603835503559
MXI,iShares Global Materials ETF,ETF,0.033684354081656265,0.11764700660323466,0.2863171367823831
TGRW,T. Rowe Price Growth Stock ETF,ETF,0.0736027172267788,0.2586409969612206,0.2845748280107907
CL,Colgate-Palmolive,stock,0.04397443277207569,0.1549156648755285,0.28386046567600653
FFLG,Fidelity Fundamental Large Cap Growth ETF,ETF,0.08069516738597393,0.2845154455047723,0.28362315178639536
DAL,Delta Air Lines,stock,0.08114243379684627,0.28614761146857215,0.2835684469998039
AMAT,Applied Materials,stock,0.1138246934356304,0.40177818138437676,0.28330232628221186
META,Meta Platforms,stock,0.2032080972244228,0.7199496015519925,0.2822532254846282
EWM,iShares MSCI Malaysia ETF,ETF,0.03418875620040507,0.12134005984638896,0.28175984290502654
ECL,Ecolab,stock,0.06748623285926136,0.24120929164684682,0.27978289061131023
DFAE,Dimensional Emerging Core Equity Market ETF,ETF,0.043993879502798094,0.15787572127038152,0.2786614632623162
DECK,Deckers Brands,stock,0.15136635953800281,0.5439500717181606,0.278272524277616
IGV,iShares Expanded Tech-Software Sector ETF,ETF,0.07469473381860947,0.2688413764712019,0.2778394263526274
SMMD,iShares Russell 2500 ETF,ETF,0.03723178433322527,0.1347729758998825,0.2762555629912282
IMCG,iShares Morningstar Mid-Cap Growth ETF,ETF,0.04508436100713897,0.1636066713322841,0.27556554167386565
ESML,iShares ESG Aware MSCI USA Small-Cap ETF,ETF,0.036161642867327926,0.13162615632357438,0.27472991597834373
EWZ,iShares MSCI Brazil ETF,ETF,0.054142522769580426,0.19712416015947604,0.27466203394742894
BTC-USD,Bitcoin,crypto,0.2026845914010993,0.7383964391998663,0.274492915513962
VOT,Vanguard Mid-Cap Growth ETF,ETF,0.04736323918743657,0.1727828905223385,0.2741199608610156
XSVM,Invesco S&P SmallCap Value with Momentum ETF,ETF,0.032188005168305445,0.11786422869934902,0.27309392784821424
STE,Steris,stock,0.03910284836084377,0.14377387552248957,0.27197464225499834
XCEM,Columbia EM Core ex-China ETF,ETF,0.044093182003707376,0.16215175006748717,0.27192541545407867
VOX,Vanguard Communication Services ETF,ETF,0.07237808073621288,0.26883000948744445,0.26923363531552924
EMXC,iShares MSCI Emerging Markets ex China ETF,ETF,0.04520413448519389,0.16918295917446696,0.26719082528032817
FDIS,Fidelity MSCI Consumer Discretionary Index ETF,ETF,0.050230496691945126,0.18831042207430873,0.26674305191734843
NOW,ServiceNow,stock,0.0987353084460243,0.37076614212783715,0.2663007681321159
VCR,Vanguard Consumer Discretionary ETF,ETF,0.049995911041032626,0.18789024468857907,0.26609104226724994
FYC,First Trust Small Cap Growth AlphaDEX Fund,ETF,0.048505413949774256,0.18324349958280686,0.2647046910815785
HBAN,Huntington Bancshares,stock,0.06164366324138926,0.23303329294736655,0.2645272804659386
SGDJ,Sprott Junior Gold Miners ETF,ETF,0.1454222778513785,0.5500157315423597,0.2643965790643549
PDN,Invesco RAFI Developed Markets ex-U.S. Small-Mid ETF,ETF,0.045152082418121964,0.17145019640224196,0.26335392647897565
CPER,United States Copper Index Fund,ETF,0.040533216525298954,0.1541781247373399,0.26289862193065283
FPE,First Trust Preferred Securities & Income ETF,ETF,0.026309301634261928,0.10023082517343511,0.26248712996962204
DOV,Dover Corporation,stock,0.04871919582857531,0.18595120547513455,0.2619998924131205
SHM,State Street SPDR Nuveen ICE Short Term Municipal Bond ETF,ETF,0.007972087236858272,0.03044680094680581,0.26183661300858696
FCOM,Fidelity MSCI Communication Services Index ETF,ETF,0.07023801413402286,0.2688807973578358,0.26122361590793597
PRU,Prudential Financial,stock,0.050748986950366115,0.19595914250233307,0.2589773883592183
DRSK,Aptus Defined Risk ETF,ETF,0.024229117579407378,0.09361807933801793,0.2588081036348289
TTWO,Take-Two Interactive,stock,0.07912544746406991,0.3060853402406855,0.25850779851740313
VIOV,Vanguard S&P Small-Cap 600 Value ETF,ETF,0.026329889913659033,0.10218645286800411,0.25766517160224534
FBT,First Trust NYSE Arca Biotechnology Index Fund,ETF,0.03180219744893242,0.12377200187578996,0.25694177170089866
FFIV,"F5, Inc.",stock,0.08063558176452812,0.3150504856444433,0.25594495307501625
EEMV,iShares MSCI Emerging Markets Min Vol Factor ETF,ETF,0.026020401723179543,0.10170092399646166,0.2558521663390672
MU,Micron Technology,stock,0.19151811090487536,0.753794583033854,0.2540720180477524
ROM,ProShares Ultra Technology,ETF,0.11676087899398957,0.46791893098931303,0.24953228275488668
VTWV,Vanguard Russell 2000 Value ETF,ETF,0.0306088640295068,0.1231480189700355,0.2485534423168803
TXT,Textron,stock,0.041693163585375004,0.16908950379775492,0.24657452206639324
SPEM,State Street SPDR Portfolio Emerging Markets ETF,ETF,0.03790833894535672,0.1540364264514039,0.2460998337774099
SCHW,Charles Schwab Corporation,stock,0.060261943253338,0.24518323269523473,0.24578329680579836
SPIB,State Street SPDR Portfolio Intermediate Term Corporate Bond ETF,ETF,0.01635400852046498,0.06662146973140276,0.24547654962280632
NTAP,NetApp,stock,0.08131948444170645,0.3315514646971477,0.2452695677758109
SLYV,State Street SPDR S&P 600 Small Cap Value ETF,ETF,0.024747246004812817,0.10110902432172912,0.24475803392254117
FEM,First Trust Emerging Markets AlphaDEX Fund,ETF,0.03703190346747487,0.15198498476179242,0.24365501319433192
SKOR,FlexShares Credit-Scored US Corporate Bond Index Fund,ETF,0.01656291946683064,0.06817547595649884,0.24294541746065765
SHW,Sherwin-Williams,stock,0.054056415545362224,0.223699776036048,0.2416471598820525
HST,Host Hotels & Resorts,stock,0.03371290371607172,0.13951963768748202,0.24163554518101008
INTU,Intuit,stock,0.0625401752232917,0.25983233937226563,0.2406943468791599
IJS,iShares S&P Small-Cap 600 Value ETF,ETF,0.024277631460931648,0.10119640374419842,0.23990606941230838
PFXF,VanEck Preferred Securities ex Financials ETF,ETF,0.021057041347152028,0.08893337572950362,0.23677321561702916
IWN,iShares Russell 2000 Value ETF,ETF,0.0286672729011046,0.12240457290713515,0.2342009960923081
IHAK,iShares Cybersecurity & Tech ETF,ETF,0.041245652612343475,0.17788213324899999,0.23187068796059285
SLVP,iShares MSCI Global Silver Miners ETF,ETF,0.14047618827420938,0.6118623779214192,0.2295878833920568
CPAY,Corpay,stock,0.05462716407203194,0.2385164611901502,0.22902890559189562
MDLZ,Mondelez International,stock,0.024392820275936478,0.10700793928696642,0.22795336905350094
IBDR,iShares iBonds Dec 2026 Term Corporate ETF,ETF,0.012929864099202382,0.05695932916911444,0.22700169204614606
SCHC,Schwab International Small-Cap Equity ETF,ETF,0.04033789183863323,0.17835643923605557,0.2261644828266943
IYT,iShares US Transportation ETF,ETF,0.02954108772376496,0.13100900806198632,0.22548898095455946
AMD,Advanced Micro Devices,stock,0.11233632849629926,0.49929714619995624,0.2249889256352996
KIM,Kimco Realty,stock,0.0345433395215069,0.15363579313824044,0.2248391394733455
EBAY,eBay Inc.,stock,0.07334356650931761,0.32693146993001165,0.22433926756888453
TAP,Molson Coors Beverage Company,stock,0.03404672460540925,0.1519700128146835,0.22403580795197262
PICK,iShares MSCI Global Metals & Mining Producers ETF,ETF,0.041582942974120574,0.18589424699507695,0.22369139253256082
SIL,Global X Silver Miners ETF,ETF,0.12235806167514873,0.550225875825674,0.2223778761613803
SLB,Schlumberger,stock,0.06932595159791255,0.3121013515733824,0.22212640620882532
XYL,Xylem Inc.,stock,0.04754944053830834,0.21469494022385316,0.22147443478980264
TDTF,FlexShares iBoxx 5-Year Target Duration TIPS Index Fund,ETF,0.011706478387633279,0.052957704013663294,0.22105335957565234
KORP,American Century Diversified Corporate Bond ETF,ETF,0.01520466890354255,0.06886186082987694,0.2207995648143411
XGLF.DE,Xtrackers MSCI GCC Select Swap UCITS ETF 1C,UCITS,0.041328244805174386,0.18840984670446764,0.2193528922615189
HYEM,VanEck Emerging Markets High Yield Bond ETF,ETF,0.02655439001038018,0.1214200913705793,0.21869848482764725
LH,Labcorp,stock,0.030832983186776408,0.1410159097449086,0.21864896835081857
BSCQ,Invesco BulletShares 2026 Corporate Bond ETF,ETF,0.012411600108896303,0.05688365766297759,0.21819272210714968
CMG,Chipotle Mexican Grill,stock,0.07403808247204058,0.3398542351749563,0.21785246381857187
BBSC,JPMorgan BetaBuilders U.S. Small Cap Equity Fund,ETF,0.03129451669455929,0.14461685444953626,0.21639605434427042
ROK,Rockwell Automation,stock,0.050760355027751336,0.23523612343535116,0.21578469448677837
BAC,Bank of America,stock,0.05633635855442609,0.2613055790199157,0.21559569744254237
VSS,Vanguard FTSE All-World ex-US Small-Cap ETF,ETF,0.03423006541894291,0.1588636585326045,0.21546819288388525
VWO,Vanguard FTSE Emerging Markets ETF,ETF,0.032517667414690976,0.1533285444779732,0.21207836756946705
FCX,Freeport-McMoRan,stock,0.05123418170573135,0.24216083914549746,0.21157087944739209
SPSM,State Street SPDR Portfolio S&P 600 Small Cap ETF,ETF,0.024492186263696647,0.11592937653489983,0.21126816166671458
EQIX,Equinix,stock,0.03410704742659254,0.16219363588185753,0.21028597849200598
DLR,Digital Realty,stock,0.055621147441508034,0.26738511030505013,0.20801886603951825
FLMI,Franklin Dynamic Municipal Bond ETF,ETF,0.013956039767943906,0.06716322103288248,0.2077928895207566
JHEM,John Hancock Multifactor Emerging Markets ETF,ETF,0.03167335999778942,0.15274639148226452,0.20735913752481042
HON,Honeywell,stock,0.02244225506201336,0.10847056711081972,0.20689718565853052
SCHE,Schwab Emerging Markets Equity ETF,ETF,0.032398998325462,0.15681739065616235,0.2066033504950992
IQDG,WisdomTree International Quality Dividend Growth Fund,ETF,0.02990274489259437,0.1452801420431088,0.2058281639325584
SYY,Sysco,stock,0.020954567599215546,0.1023494484052049,0.2047355205692532
IJR,iShares Core S&P Small-Cap ETF,ETF,0.023765281613805644,0.11608303216492166,0.20472657519870602
VIOO,Vanguard S&P Small-Cap 600 ETF,ETF,0.0237665805125995,0.11611863351569948,0.20467499309132164
XOVR,ERShares Private-Public Crossover ETF,ETF,0.0580457288214129,0.2840381699474548,0.20435890300289916
GMF,State Street SPDR S&P Emerging Asia Pacific ETF,ETF,0.03298118467496769,0.16239715531694987,0.20308966995510755
ABT,Abbott Laboratories,stock,0.028041538595682702,0.1383687524754296,0.2026580285940071
KBE,State Street SPDR S&P Bank ETF,ETF,0.045106345796558145,0.22346047217778095,0.2018538015111343
PPLT,abrdn Physical Platinum Shares ETF,ETF,0.0728931122216423,0.3615998911346839,0.20158499493157217
AGZ,iShares Agency Bond ETF,ETF,0.009816930600005769,0.04943573829949699,0.19857962958966582
SCHA,Schwab U.S. Small-Cap ETF,ETF,0.02785259389920558,0.14145035778834075,0.19690720005730072
TSLA,"Tesla, Inc.",stock,0.08125823491769801,0.4155115156759703,0.19556193234621658
TECL,Direxion Daily Technology Bull 3X Shares,ETF,0.1286584280607057,0.6651515581407103,0.19342723697489786
FPX,First Trust US Equity Opportunities ETF,ETF,0.0521874659415531,0.27011710756344953,0.19320311257699388
AMZN,Amazon,stock,0.06900478059094883,0.3586758325572306,0.1923875943884186
OXY,Occidental Petroleum,stock,0.11431885987155521,0.597827157741952,0.19122393218693512
IBDS,iShares iBonds Dec 2027 Term Corporate ETF,ETF,0.012001996774942292,0.06339861288076877,0.18931008470980218
FEMB,First Trust Emerging Markets Local Currency Bond ETF,ETF,0.022797921166466173,0.12054622625135458,0.18912181555090357
CWB,State Street SPDR Bloomberg Convertible Securities ETF,ETF,0.02657477193437696,0.14102208923800058,0.1884440379373984
GBTC,Grayscale Bitcoin Trust ETF,ETF,0.2325675368914819,1.2351930381211844,0.18828436504567214
OMC,Omnicom Group,stock,0.03477782913497096,0.18501422622091088,0.1879738106919708
WDC,Western Digital,stock,0.1897848025970208,1.0130688854578274,0.18733652303540346
IBD,Inspire Corporate Bond ETF,ETF,0.011926338333976716,0.06394205464116771,0.18651790908042232
KBWB,Invesco KBW Bank ETF,ETF,0.05345842316222282,0.2866631350328566,0.18648516892866449
VXF,Vanguard Extended Market ETF,ETF,0.03400551984246003,0.18238105729714815,0.18645313469729385
UNP,Union Pacific Corporation,stock,0.023251762256212727,0.12607188831577973,0.18443256912256809
EWD,iShares MSCI Sweden ETF,ETF,0.036186425142187506,0.19715382161369774,0.18354412227976497
SILJ,Amplify Junior Silver Miners ETF,ETF,0.10657051232523429,0.5826594675725769,0.1829035967942282
TXN,Texas Instruments,stock,0.025650248826488253,0.1406748298487059,0.1823371590644523
BSCR,Invesco BulletShares 2027 Corporate Bond ETF,ETF,0.011449331690648323,0.06289885620727192,0.18202766124902334
CHD,Church & Dwight,stock,0.02481523280111886,0.1366755121159762,0.18156312288087026
CEMB,iShares J.P. Morgan EM Corporate Bond ETF,ETF,0.01622897730911732,0.08967586347780915,0.1809737501232233
EFG,iShares MSCI EAFE Growth ETF,ETF,0.02711869130307676,0.14992693537269247,0.18087938125103656
CFO,VictoryShares US 500 Enhanced Volatility Wtd ETF,ETF,0.01880941579375972,0.10428195317554127,0.18037076618710052
ICVT,iShares Convertible Bond ETF,ETF,0.026493094943994988,0.15062588102420596,0.17588673847980668
NUGT,Direxion Daily Gold Miners Index Bull 2x Shares,ETF,0.20942402624812173,1.1909257318574535,0.17584977857644316
SCZ,iShares MSCI EAFE Small-Cap ETF,ETF,0.029391744747427673,0.16843749142586426,0.17449645265207536
LEN,Lennar,stock,0.061926767928646154,0.3578709677528563,0.17304216745352877
XT,iShares Future Exponential Technologies ETF,ETF,0.02666066540132972,0.1549781169203632,0.17202858010611605
GWX,State Street SPDR S&P International Small Cap ETF,ETF,0.028877805639341503,0.1682861068578484,0.17159946342887736
NTRS,Northern Trust,stock,0.04562318587856895,0.2662586306450077,0.17134913436626426
VRSN,Verisign,stock,0.04293637087320579,0.25085879601591776,0.17115752588751698
DD,DuPont,stock,0.032433877308266634,0.190158535354674,0.1705623008074427
GEM,Goldman Sachs ActiveBeta Emerging Markets Equity ETF,ETF,0.02939302678927147,0.1732712536923666,0.16963590995571107
YYY,Amplify CEF High Income ETF,ETF,0.022798445821550883,0.13450732709106245,0.16949593984657926
IEMG,iShares Core MSCI Emerging Markets ETF,ETF,0.029065833534700936,0.17150856444307935,0.16947161577081107
MAS,Masco,stock,0.04067846127266228,0.24082655138635056,0.16891186224480326
MUNI,PIMCO Intermediate Municipal Bond Active Exchange-Traded Fund,ETF,0.008076773860039133,0.047875751948929464,0.16870280948599775
CFG,Citizens Financial Group,stock,0.053420180524311744,0.3173852506273296,0.16831336811878872
EXPD,Expeditors International,stock,0.026487979506959913,0.1582118465623981,0.16742096171991244
BLOK,Amplify Blockchain Technology ETF,ETF,0.08947796261814744,0.5357455443459342,0.16701578494206004
EIX,Edison International,stock,0.03315357852040868,0.19860808074561748,0.1669296556109047
NWSA,News Corp (Class A),stock,0.0415990505958137,0.2514816712313994,0.1654158348484036
FAS,Direxion Daily Financial Bull 3X Shares,ETF,0.09101980875055671,0.5531144146432786,0.16455873566278023
GVI,iShares Intermediate Government/Credit Bond ETF,ETF,0.008946110927875228,0.05461870361261224,0.16379207736833656
VTWO,Vanguard Russell 2000 ETF,ETF,0.023714606644155367,0.14678892610878458,0.16155582899067322
GEN,Gen Digital,stock,0.039324718708590334,0.24351406000788156,0.16148849354865816
AGQ,ProShares Ultra Silver,ETF,0.16074409401817302,1.002147855300921,0.16039957893229778
NEM,Newmont,stock,0.08154848210447851,0.5103129087140106,0.15980093921194513
BUG,Global X Cybersecurity ETF,ETF,0.032453392038335194,0.20375103035739978,0.15927964624968366
JKHY,Jack Henry & Associates,stock,0.021798905576554617,0.13744953322445438,0.1585957046573386
HMOP,Hartford Municipal Opportunities ETF,ETF,0.008612061595545173,0.05470110341871955,0.1574385351904619
ROP,Roper Technologies,stock,0.02542682593855683,0.1620169583311692,0.15693928709970825
GPC,Genuine Parts Company,stock,0.02910121205468097,0.18644427536028046,0.1560853075185413
BSCS,Invesco BulletShares 2028 Corporate Bond ETF,ETF,0.010870610785768786,0.07128039368714663,0.15250492068661214
FITB,Fifth Third Bancorp,stock,0.046919389928637756,0.30894386952747005,0.15187027339432568
IWM,iShares Russell 2000 ETF,ETF,0.02211932493349944,0.14630280681199073,0.15118865738457302
IAGG,iShares Core International Aggregate Bond ETF,ETF,0.00928670261041975,0.0614510479476777,0.15112358406526905
FLIA,Franklin International Aggregate Bond ETF,ETF,0.006762887207657942,0.045253161701379656,0.1494456288443545
IBDT,iShares iBonds Dec 2028 Term Corporate ETF,ETF,0.01071509329657605,0.0718955052952364,0.14903703997315118
AIA,iShares Asia 50 ETF,ETF,0.03746080932195395,0.25302758178025647,0.14805029972774683
ARKQ,ARK Autonomous Technology & Robotics ETF,ETF,0.054690034115327135,0.3711076874610354,0.14736971494579815
VIOG,Vanguard S&P Small-Cap 600 Growth ETF,ETF,0.01978426567882008,0.13438799386358835,0.14721750887138224
SLYG,State Street SPDR S&P 600 Small Cap Growth ETF,ETF,0.019789838882032562,0.13448840287899533,0.1471490363361537
8PSE.DE,Invesco Physical Gold ETC EUR Hedged,UCITS,0.0372226156742661,0.2540157319004488,0.14653665501652474
JMUB,JPMorgan Municipal ETF,ETF,0.007175602247425861,0.049307676546798705,0.14552708117599866
IJT,iShares S&P Small-Cap 600 Growth ETF,ETF,0.019511769525807576,0.13445130129665123,0.14512146284666383
PSA,Public Storage,stock,0.025622546525334577,0.17667862633181947,0.14502346467881727
USRT,iShares Core U.S. REIT ETF,ETF,0.019387153341253294,0.1346483935694728,0.14398354727678464
BG,Bunge Global,stock,0.030941619733229953,0.21578226498720318,0.14339278408753808
SKYY,First Trust Cloud Computing ETF,ETF,0.0430449958061212,0.30039669270205577,0.1432938406176621
EXPE,Expedia Group,stock,0.050334950207271634,0.35341322508103423,0.14242520266673755
NUSC,Nuveen ESG Small-Cap ETF,ETF,0.017268361959999368,0.1245334602157915,0.13866443548646895
O,Realty Income,stock,0.016150108761281423,0.11735422131703849,0.13761847320047457
HSY,Hershey Company (The),stock,0.027350901442656284,0.20096696051266683,0.13609650747010413
TQQQ,ProShares UltraPro QQQ,ETF,0.09189812246104201,0.676393917550403,0.13586479723805917
BTAL,AGF U.S. Market Neutral Anti-Beta Fund,ETF,0.01774398799220256,0.1312315202259679,0.1352113269864522
IGPT,Invesco AI and Next Gen Software ETF,ETF,0.03321758713870282,0.2482794136296467,0.13379114544008394
EMLC,VanEck J. P. Morgan EM Local Currency Bond ETF,ETF,0.014334935159956652,0.10735908332235974,0.13352326339182802
DASH,DoorDash,stock,0.08316802774222576,0.6237037588304031,0.13334540086496532
H413.DE,HSBC Europe Screened Equity UCITS ETF,UCITS,0.009099417743423599,0.0688577301102633,0.1321480933056102
BBRE,JPMorgan BetaBuilders MSCI US REIT ETF,ETF,0.017566419835681968,0.13410888146299085,0.13098625269296318
NSC,Norfolk Southern,stock,0.01981059106434091,0.15327891350656447,0.12924537766567926
PNC,PNC Financial Services,stock,0.033440397984948245,0.2619234779618225,0.12767239594238458
CSX,CSX Corporation,stock,0.015315268585345487,0.122516989028152,0.1250052642236118
VWOB,Vanguard Emerging Markets Government Bond ETF,ETF,0.014113037289265717,0.11357042495336428,0.1242668352703707
NXPI,NXP Semiconductors,stock,0.028412147630415996,0.22890998351476322,0.12411930311717312
RSPH,Invesco S&P 500 Equal Weight Health Care ETF,ETF,0.009984197308758436,0.08077123074370957,0.1236108106417086
MMIT,NYLI MacKay Muni Intermediate ETF,ETF,0.005942871530906002,0.04831700439237474,0.12299751620868056
QCOM,Qualcomm,stock,0.03546143071549146,0.2890262542493735,0.12269276646714293
RM8U.DE,Royal Mint Responsibly Sourced Physical Gold ETC,UCITS,0.040303782590879855,0.3313052020553824,0.12165152355242072
KBWD,Invesco KBW High Dividend Yield Financial ETF,ETF,0.013653879850201278,0.11264074241837438,0.12121617415737138
IBMO,iShares iBonds Dec 2026 Term Muni Bond ETF,ETF,0.0043549178552344525,0.035992325294835995,0.12099573505075192
ISCG,iShares Morningstar Small-Cap Growth ETF,ETF,0.020556088642932346,0.17213868705728946,0.11941585586795533
IGIB,iShares 5-10 Year Investment Grade Corporate Bond ETF,ETF,0.010139782299418032,0.08568533884456457,0.1183374243032622
ODFL,Old Dominion,stock,0.02719161394188485,0.2303106542599524,0.11806494158621766
NUEM,Nuveen ESG Emerging Markets Equity ETF,ETF,0.01935837752963243,0.1648708841895312,0.11741538007025276
DNL,WisdomTree Global ex-U.S. Quality Growth Fund,ETF,0.015954784240452602,0.1371757637636209,0.11630906074593202
IBDU,iShares iBonds Dec 2029 Term Corporate ETF,ETF,0.009025170208343036,0.0781802280516425,0.11544057152636338
EEM,iShares MSCI Emerging Markets ETF,ETF,0.020273749703292543,0.17780928881889918,0.11401963214611129
BSCT,Invesco BulletShares 2029 Corporate Bond ETF,ETF,0.008753829854106332,0.07752543654836991,0.11291558285704867
PTMC,Pacer Trendpilot US Mid Cap ETF,ETF,0.010693247244989212,0.09553449959388415,0.1119307401037956
MSCI,MSCI Inc.,stock,0.015816659307538172,0.1418143967335282,0.11153070260742258
LVS,Las Vegas Sands,stock,0.03415465280548635,0.3064380357743173,0.11145696296865792
EEMA,iShares MSCI Emerging Markets Asia ETF,ETF,0.02034748437709144,0.1836530158354941,0.11079308599711511
DVYE,iShares Emerging Markets Dividend ETF,ETF,0.023275626397368576,0.21193590553121167,0.1098238938750319
KSA,iShares MSCI Saudi Arabia ETF,ETF,0.013494018874466551,0.12350381926721339,0.10925993183474621
UFO,Procure Space ETF,ETF,0.04399558051170649,0.4032438882936244,0.10910414711523377
REZ,iShares Residential and Multisector Real Estate ETF,ETF,0.01747608149490243,0.16184786205345467,0.10797845132566829
PSCT,Invesco S&P SmallCap Information Technology ETF,ETF,0.013741989466893756,0.13044474822643617,0.10534720372980703
MMM,3M,stock,0.04005743612825907,0.3805337280092389,0.105266453877346
JNUG,Direxion Daily Junior Gold Miners Index Bull 2x Shares,ETF,0.14425915805406642,1.3832247947825955,0.10429191162434298
FDN,First Trust Dow Jones Internet Index Fund,ETF,0.03190852200280614,0.3075139321977651,0.10376284994556105
APD,Air Products,stock,0.016922519479589893,0.16329924713885263,0.10362888853492845
SCHI,Schwab 5-10 Year Corporate Bond ETF,ETF,0.008779533142656781,0.0848855566868083,0.10342787966920608
DVA,DaVita,stock,0.03614603474374478,0.34957563971680916,0.10339975283468449
ESGE,iShares ESG Aware MSCI EM ETF,ETF,0.01924964258225903,0.18757547874286712,0.10262344903113318
DVN,Devon Energy,stock,0.06475269889631852,0.634491795044605,0.10205443065148917
SPSK,SP Funds Dow Jones Global Sukuk ETF,ETF,0.005329145539302971,0.05240290607409064,0.10169561076953018
VCIT,Vanguard Intermediate-Term Corporate Bond ETF,ETF,0.008468634025507793,0.08446020578343025,0.10026774084854533
XSW,State Street SPDR S&P Software & Services ETF,ETF,0.023164757310964124,0.2320652630939912,0.09982001184546918
KMB,Kimberly-Clark,stock,0.010377514007496202,0.10400833309134258,0.09977579391049776
KEYS,Keysight Technologies,stock,0.015304057966451623,0.1605453463450455,0.09532545361707342
IBTG,iShares iBonds Dec 2026 Term Treasury ETF,ETF,0.0048947931727008065,0.051654453012939874,0.0947603330825054
DWAS,Invesco Dorsey Wright SmallCap Momentum ETF,ETF,0.013502101372697473,0.14369887768306175,0.09396107743080173
HAL,Halliburton,stock,0.03318776586537564,0.3532363918214977,0.09395341656118643
AAXJ,iShares MSCI All Country Asia ex-Japan ETF,ETF,0.016864340621875584,0.18231484545321397,0.0925011925383956
INCY,Incyte,stock,0.01940120088703834,0.21185931355241627,0.09157586967371285
QQQJ,Invesco NASDAQ Next Gen 100 ETF,ETF,0.015856875507258783,0.17597639536052187,0.09010796859870263
EMB,iShares J.P. Morgan USD Emerging Markets Bond ETF,ETF,0.010675814815523488,0.11956870420883253,0.08928602920106636
EMCS,Xtrackers MSCI Emerging Markets Climate Selection ETF,ETF,0.017915961077251463,0.20234049766273715,0.08854362465349837
PEP,PepsiCo,stock,0.010191593925097608,0.11590614817954861,0.08792970938271498
IBMP,iShares iBonds Dec 2027 Term Muni Bond ETF,ETF,0.0034447130058745667,0.03983122514890622,0.08648272788488807
NEE,NextEra Energy,stock,0.016018240940285144,0.18730610475800338,0.08551905428272327
SHYD,VanEck Short High Yield Muni ETF,ETF,0.004736196086883471,0.05560798474549418,0.0851711513833854
RMD,ResMed,stock,0.021618294349417866,0.25867044105189213,0.0835746607208243
CMBS,iShares CMBS ETF,ETF,0.005822930573851304,0.06985715862859515,0.08335481557172525
RWR,State Street SPDR Dow Jones REIT ETF,ETF,0.011432486027470157,0.13716332877922055,0.08334943551765209
JCPB,JPMorgan Core Plus Bond ETF,ETF,0.005751263951225161,0.07120305932103319,0.0807727084491474
VBK,Vanguard Small Cap Growth ETF,ETF,0.013757063361442556,0.17387598905096138,0.07911997186345547
REGN,Regeneron Pharmaceuticals,stock,0.021711661563476037,0.2788493422214376,0.0778616201512663
PNQI,Invesco NASDAQ Internet ETF,ETF,0.02604188371267857,0.3353403892498633,0.0776580589380621
VTWG,Vanguard Russell 2000 Growth ETF,ETF,0.013602267303919113,0.17764422730879495,0.07657027481267151
XLRE,State Street Real Estate Select Sector SPDR ETF,ETF,0.010456578912853454,0.13797441988713174,0.07578635895992408
GM,General Motors,stock,0.025350364342991538,0.3446845340771979,0.07354656747469238
TYL,Tyler Technologies,stock,0.02070378695805064,0.2860730659043005,0.07237237414366245
IWO,iShares Russell 2000 Growth ETF,ETF,0.012706846437223529,0.17713665612200566,0.07173470875769207
IGEB,iShares Investment Grade Systematic Bond ETF,ETF,0.006110179430732776,0.08603169990767674,0.07102241891407234
FXE,Invesco CurrencyShares Euro Trust,ETF,0.0057089404298220625,0.0850703091907396,0.06710849512750465
SWAN,Amplify BlackSwan Growth & Treasury Core ETF,ETF,0.009845194685658143,0.1483696080093194,0.066355871783659
JETS,U.S. Global Jets ETF,ETF,0.013270207518490507,0.20851003273174895,0.06364301681139158
PFF,iShares Preferred & Income Securities ETF,ETF,0.005527543113744482,0.09017424859609649,0.06129846602330059
IT,Gartner,stock,0.019750348877103585,0.3232420414494309,0.061100804797984166
IBDV,iShares iBonds Dec 2030 Term Corporate ETF,ETF,0.005153811408416864,0.0847052962288103,0.060844027916449564
SCHP,Schwab U.S. TIPS ETF,ETF,0.003392949006066237,0.05715396413299619,0.059365068679591654
CCL,Carnival,stock,0.028969427475602716,0.5280511505885694,0.054861025192944265
TOTL,State Street DoubleLine Total Return Tactical ETF,ETF,0.0037223503355532372,0.06803592426233446,0.05471154211414127
BITW,Bitwise 10 Crypto Index ETF,ETF,0.062407524069192366,1.1619096828016584,0.05371116618867658
MUB,iShares National Muni Bond ETF,ETF,0.0024341903164626366,0.04628961686608182,0.05258609773126598
H4ZU.DE,HSBC MSCI Taiwan Capped UCITS ETF,UCITS,0.005498593117533757,0.11008383287176353,0.0499491430675298
PFLD,AAM Low Duration Preferred and Income Securities ETF,ETF,0.003226704469798447,0.0655384383108688,0.04923377109618029
IBMQ,iShares iBonds Dec 2028 Term Muni Bond ETF,ETF,0.0021904230042366635,0.04486896631982277,0.04881821855719799
CALF,Pacer US Small Cap Cash Cows ETF,ETF,0.007251679563037738,0.15008512479960814,0.048317110524577926
FBND,Fidelity Total Bond ETF,ETF,0.0033453310086799526,0.06986217218787726,0.04788472651098654
PODD,Insulet Corporation,stock,0.017132097960755877,0.3579679430187157,0.04785930778125615
WYNN,Wynn Resorts,stock,0.016035306467569566,0.34677732157903907,0.04624093177302751
TAXF,American Century Diversified Municipal Bond ETF,ETF,0.0025331386659965816,0.0555545475193951,0.04559732333545183
UCO,ProShares Ultra Bloomberg Crude Oil,ETF,0.026489600668484492,0.5834520894034604,0.045401501082236735
ON,ON Semiconductor,stock,0.015518344849644983,0.3421402807792132,0.045356673041544435
LEMB,iShares J.P. Morgan EM Local Currency Bond ETF,ETF,0.004808707537153678,0.10684568574240043,0.04500609925184279
VTEB,Vanguard Tax-Exempt Bond ETF,ETF,0.0022056688980387484,0.04932095637867252,0.04472072441386252
NDSN,Nordson Corporation,stock,0.006377315996181077,0.14260603411681774,0.04471981873471784
IYZ,iShares U.S. Telecommunications ETF,ETF,0.009623864433439877,0.22345738253435926,0.04306800842420184
ARTY,iShares Future AI & Tech ETF,ETF,0.010037633513467537,0.2409872244238007,0.04165213959979609
BSCU,Invesco BulletShares 2030 Corporate Bond ETF,ETF,0.0034860197884369892,0.08558237349567657,0.04073291784333482
CORP,PIMCO Investment Grade Corporate Bond Index ETF,ETF,0.00333468836521722,0.08329932442595227,0.04003259796160223
EBND,SPDR Bloomberg Emerging Markets Local Bond ETF,ETF,0.00428820511830974,0.1072910067447287,0.03996798285724375
AOS,A. O. Smith,stock,0.008289959105470812,0.21085441767339957,0.039316032345651133
SCHH,Schwab US REIT ETF,ETF,0.004989315707136122,0.1330397193416656,0.037502452138543856
FDX,FedEx,stock,0.009432882538093379,0.2518945281028907,0.03744774691667917
IYR,iShares U.S. Real Estate ETF,ETF,0.004505135325940435,0.1312997792541852,0.034311827114490996
NYF,iShares New York Muni Bond ETF,ETF,0.0016708243826664138,0.04927046036486215,0.03391128011172356
IP,International Paper,stock,0.010382457907835985,0.3069482121866436,0.03382478703450732
TIP,iShares TIPS Bond ETF,ETF,0.0018971623226102796,0.05704648288861684,0.033256429258127725
CTSH,Cognizant,stock,0.005380792039905602,0.1676741577403745,0.03209076528201312
IHI,iShares U.S. Medical Devices ETF,ETF,0.003545442071882121,0.11895681313771335,0.02980444733146685
IEI,iShares 3-7 Year Treasury Bond ETF,ETF,0.0016881469139777838,0.057892875205724885,0.02915983889172682
ARKW,ARK Next Generation Internet ETF,ETF,0.014232215670187953,0.5333340353311287,0.02668536925709544
ICF,iShares Select U.S. REIT ETF,ETF,0.003618660803818674,0.1370047443904195,0.026412667823434304
IBTH,iShares iBonds Dec 2027 Term Treasury ETF,ETF,0.0012899492013846992,0.05708419051275886,0.022597310915644556
IWC,iShares Micro-Cap ETF,ETF,0.0036368596890585803,0.17863844318266686,0.020358773980915783
CRM,Salesforce,stock,0.007029996326695986,0.3562872124951375,0.019731261971104083
PCY,Invesco Emerging Markets Sovereign Debt ETF,ETF,0.0031015435263133107,0.1591941627939454,0.019482771678807253
VNQ,Vanguard Real Estate ETF,ETF,0.0025920697601788945,0.13478677013360094,0.01923089156012589
APA,APA Corporation,stock,0.009088461405923898,0.4844293023633361,0.0187611718811908
DDOG,Datadog,stock,0.006849511953253229,0.37546671886468586,0.01824266069164367
ADSK,Autodesk,stock,0.004142512493980011,0.22878973211754056,0.018106199328262677
EWY,iShares MSCI South Korea ETF,ETF,0.006260629202069934,0.35687958949639265,0.01754269335185171
USIG,iShares Broad USD Investment Grade Corporate Bond ETF,ETF,0.001176515060047123,0.08436290242804323,0.013945881734576684
FLKR,Franklin FTSE South Korea ETF,ETF,0.004501651410454999,0.3453289125172715,0.01303583698694748
JIG,JPMorgan International Growth ETF,ETF,0.0023739544446559346,0.18533377771859785,0.012809076002650938
BNDX,Vanguard Total International Bond ETF,ETF,0.0008447718595192555,0.06618683785652887,0.012763441899890138
UITB,VictoryShares Core Intermediate Bond ETF,ETF,0.0008637872143091307,0.0691462051535554,0.012492185397461627
WAT,Waters Corporation,stock,0.001736353985140493,0.16156363393730108,0.010747183278969386
TER,Teradyne,stock,0.003912944570766186,0.3816641254431627,0.010252324779602322
SPIP,State Street SPDR Portfolio TIPS ETF,ETF,0.0004417412712089952,0.059031765478023836,0.007483111298330477
REET,iShares Global REIT ETF,ETF,0.0008982367974756933,0.12324510398869519,0.007288214853208978
DIAL,Columbia Diversified Fixed Income Allocation ETF,ETF,0.000517195461419595,0.08946559822835891,0.0057809423025313635
CMF,iShares California Muni Bond ETF,ETF,0.00028463246501009287,0.04938074165302733,0.005764037871485537
JMBS,Janus Henderson Mortgage-Backed Securities ETF,ETF,0.00038350364144235094,0.06758121500626882,0.0056747077040088315
FXI,iShares China Large-Cap ETF,ETF,0.0012552649956265594,0.27984588265004473,0.004485558207037493
SPBO,State Street SPDR Portfolio Corporate Bond ETF,ETF,0.0003832653552351406,0.08580477655159348,0.0044667135168714915
VZ,Verizon,stock,0.0007118868590292315,0.1874824812957332,0.003797084688175785
FREL,Fidelity MSCI Real Estate Index ETF,ETF,0.0003075804967591633,0.1369190293169233,0.002246440821948963
XSOE,WisdomTree Emerging Markets ex-State-Owned Enterprises Fund,ETF,-0.0007105045375767061,0.18739063958542354,-0.0037915689873763243
GQRE,FlexShares Global Quality Real Estate Index Fund,ETF,-0.0005691450076286131,0.13832133432471755,-0.004114658164679871
BGRN,iShares Trust iShares USD Green Bond ETF,ETF,-0.0003100333002943323,0.07429433023524312,-0.004173041190527636
GNMA,iShares GNMA Bond ETF,ETF,-0.00027948419126055946,0.06341741018286012,-0.004407057785152126
ETHE,Grayscale Ethereum Staking ETF,ETF,-0.005251050773159238,1.0285671605294384,-0.005105209435673937
VCEB,Vanguard ESG U.S. Corporate Bond ETF,ETF,-0.0004910352040999877,0.08204128719867547,-0.005985220623256083
FMB,First Trust Managed Municipal ETF,ETF,-0.00034173131886894303,0.056127678343950126,-0.006088463463156542
KRE,State Street SPDR S&P Regional Banking ETF,ETF,-0.0014440753699757058,0.23138606197358116,-0.006240978206114183
ARKF,ARK Blockchain & Fintech Innovation ETF,ETF,-0.003332233459003353,0.5149872385636173,-0.0064705165671628895
DPZ,Domino's,stock,-0.0017598857065842521,0.2383057648494316,-0.007384990068100947
KEY,KeyCorp,stock,-0.003058619816063479,0.33462181603249214,-0.009140527214658604
GDXU,MicroSectors Gold Miners 3X Leveraged ETN,ETF,-0.021718882588541155,2.1662969257161153,-0.010025810557507724
IUSB,iShares Core Total USD Bond Market ETF,ETF,-0.0007608440886466283,0.07099515727957555,-0.010716844891975668
EFX,Equifax,stock,-0.002761529116096506,0.23313164905832892,-0.011845363455588044
IDXX,Idexx Laboratories,stock,-0.004358401193609196,0.3025047761791603,-0.014407710346457164
NUMG,Nuveen ESG Mid-Cap Growth ETF,ETF,-0.002409556339268981,0.16171749589208687,-0.014899787595504595
BIV,Vanguard Intermediate-Term Bond ETF,ETF,-0.0011254989590469,0.07335611487771394,-0.015342946677630467
VMBS,Vanguard Mortgage-Backed Securities ETF,ETF,-0.0010765304602436965,0.06857035468151507,-0.01569964841575923
AVB,AvalonBay Communities,stock,-0.003269161298881551,0.19554543769861948,-0.01671816707848782
VTC,Vanguard Total Corporate Bond ETF,ETF,-0.001417513189066577,0.08448914100395222,-0.01677746006436814
BOTZ,Global X Robotics & Artificial Intelligence ETF,ETF,-0.004385938779441045,0.25389655634855934,-0.017274510700412388
ADM,Archer Daniels Midland,stock,-0.004721515245541097,0.2672213608668238,-0.01766892897418548
FSEC,Fidelity Investment Grade Securitized ETF,ETF,-0.0012895775630062944,0.07286604364389558,-0.01769792208437448
HTRB,Hartford Total Return Bond ETF,ETF,-0.0014398815185516778,0.07726777339817278,-0.0186349554960222
RWO,State Street SPDR Dow Jones Global Real Estate ETF,ETF,-0.0025064061189660203,0.1279548692116571,-0.019588204297407687
EUSB,iShares ESG Advanced Universal USD Bond ETF,ETF,-0.001455139373543357,0.06893126300313969,-0.02111000597039805
BOND,PIMCO Active Bond Exchange-Traded Fund,ETF,-0.0016908951816558826,0.07885308913655616,-0.021443613689346084
VGIT,Vanguard Intermediate-Term Treasury ETF,ETF,-0.001316732837804091,0.060608623680335635,-0.02172517305043676
SCHR,Schwab Intermediate-Term U.S. Treasury ETF,ETF,-0.0013624513842713792,0.06079947886039794,-0.022408931948244365
F,Ford Motor Company,stock,-0.00512052685570219,0.2219633608658349,-0.023069243661332364
SPTI,State Street SPDR Portfolio Intermediate Term Treasury ETF,ETF,-0.0014578769548184711,0.06096100568376331,-0.023914909842223456
VBND,Vident U.S. Bond Strategy ETF,ETF,-0.0018971461511291254,0.07384893316267548,-0.025689553929642627
BNDW,Vanguard Total World Bond ETF,ETF,-0.0017258386247601676,0.06690379548816962,-0.025795825366370165
GIGB,Goldman Sachs Access Investment Grade Corporate Bond ETF,ETF,-0.0022719204518943936,0.08401859861332439,-0.02704068491251999
USB,U.S. Bancorp,stock,-0.006259444241042189,0.229075216805349,-0.027324842592470387
PLD,Prologis,stock,-0.004628033926781572,0.16643094039893985,-0.027807533357007048
IBTI,iShares iBonds Dec 2028 Term Treasury ETF,ETF,-0.0017760440643981301,0.062017476657717764,-0.028637799538351747
ESS,Essex Property Trust,stock,-0.006523263989184125,0.22579399876139392,-0.028890333777548863
FTV,Fortive,stock,-0.004426522849765857,0.14763861358713262,-0.02998214858712036
FMHI,First Trust Municipal High Income ETF,ETF,-0.0025481196666350403,0.07809212716887873,-0.032629661388587666
IVZ,Invesco,stock,-0.008727791024924492,0.26311822333260865,-0.03317060640794789
MBB,iShares MBS ETF,ETF,-0.002364942548934712,0.06806515843764371,-0.03474527354698363
ITM,VanEck Intermediate Muni ETF,ETF,-0.0020618779943625265,0.058074105701417904,-0.03550425735289773
SUSC,iShares ESG Aware USD Corporate Bond ETF,ETF,-0.003214749916170101,0.08516164136637865,-0.037748801744434984
SPMB,State Street SPDR Portfolio Mortgage Backed Bond ETF,ETF,-0.002720539591614779,0.06861580760439225,-0.039648875187772784
FIGB,Fidelity Investment Grade Bond ETF,ETF,-0.0028759629208858772,0.07048271285150329,-0.040803805706870394
DRIV,Global X Autonomous & Electric Vehicles ETF,ETF,-0.0070799040371101185,0.17208969761738663,-0.04114077794971277
ROBO,ROBO Global Robotics & Automation Index ETF,ETF,-0.007706070260395048,0.18129187933898777,-0.04250642824428936
IAT,iShares U.S. Regional Banks ETF,ETF,-0.012131597450505183,0.25824308835654886,-0.046977433269212734
KOMP,State Street SPDR S&P Kensho New Economies Composite ETF,ETF,-0.010082163276387557,0.20699979412096553,-0.04870615122687413
MMIN,NYLI MacKay Muni Insured ETF,ETF,-0.0030817450456235296,0.06282975539812452,-0.049049133266489214
AVIG,Avantis Core Fixed Income ETF,ETF,-0.0038132416974145933,0.07526988244101222,-0.05066092271903
HCRB,Hartford Core Bond ETF,ETF,-0.003900726813394817,0.07587516399515455,-0.051409797462103946
EXR,Extra Space Storage,stock,-0.01220676336094495,0.22404512630235807,-0.05448350322279014
FLCO,Franklin Investment Grade Corporate ETF,ETF,-0.0046419082095509046,0.08514589486872995,-0.054517111091584254
RYLD,Global X Russell 2000 Covered Call ETF,ETF,-0.004785324938300972,0.07756452218376567,-0.06169476461111425
BA,Boeing,stock,-0.01812457101870857,0.2934158840191088,-0.061770926544413664
QLTA,iShares Aaa - A Rated Corporate Bond ETF,ETF,-0.005065540521655976,0.07937338980992223,-0.06381912796954461
AGG,iShares Core U.S. Aggregate Bond ETF,ETF,-0.004400595240668714,0.06859217755891159,-0.06415593435401852
FRT,Federal Realty Investment Trust,stock,-0.008518930085125387,0.1314175058889293,-0.06482340406251026
BND,Vanguard Total Bond Market ETF,ETF,-0.004485372304046997,0.06892104454877224,-0.06507986542300453
MOS,Mosaic Company (The),stock,-0.025170164856686217,0.3788732123867605,-0.06643426886298856
AGGY,WisdomTree Yield Enhanced U.S. Aggregate Bond Fund,ETF,-0.0052643078691431144,0.07877020752827261,-0.06683120477058058
SPAB,State Street SPDR Portfolio Aggregate Bond ETF,ETF,-0.004693662829365786,0.06890475438117004,-0.06811812728336852
CVS,CVS Health,stock,-0.0179880733019796,0.26328943926231807,-0.06832052722045526
NAIL,Direxion Daily Homebuilders & Supplies Bull 3X Shares,ETF,-0.06762671375219342,0.9840168731142575,-0.06872515665119196
SCHZ,Schwab U.S. Aggregate Bond ETF,ETF,-0.004771804140385583,0.06883335115897468,-0.06932401314247827
IBTJ,iShares iBonds Dec 2029 Term Treasury ETF,ETF,-0.004637320131626099,0.06513565655941018,-0.07119480138188831
DLTR,Dollar Tree,stock,-0.027113009290059997,0.379698419135969,-0.07140669521816181
BKAG,BNY Mellon Core Bond ETF,ETF,-0.004987384141969642,0.06921904733558049,-0.0720521927698648
SW,Smurfit Westrock,stock,-0.02003472598727818,0.2736032009524371,-0.07322548097951893
HYMB,State Street SPDR Nuveen ICE High Yield Municipal Bond ETF,ETF,-0.006225417302111569,0.080788484853268,-0.0770582257288087
FLCB,Franklin U.S. Core Bond ETF,ETF,-0.005658256557922958,0.07138598198750824,-0.07926285245908771
XRT,State Street SPDR S&P Retail ETF,ETF,-0.015356295567582001,0.1932177055875659,-0.079476647964969
GTO,Invesco Total Return Bond ETF,ETF,-0.006367723652522472,0.07959424994356101,-0.08000230741589652
EAGG,iShares ESG Aware US Aggregate Bond ETF,ETF,-0.005529740809139594,0.06863836105843653,-0.08056341561582084
BBAG,JPMorgan BetaBuilders U.S. Aggregate Bond ETF,ETF,-0.005601877797168586,0.06928621839561051,-0.08085125623660075
EWH,iShares MSCI Hong Kong ETF,ETF,-0.016602641474039892,0.20396561380121536,-0.08139921805751438
TRMB,Trimble Inc.,stock,-0.022089176631240104,0.26946504128733756,-0.0819741830914751
IBB,iShares Biotechnology ETF,ETF,-0.012126429201512523,0.14744726183646106,-0.08224248487545582
NUBD,Nuveen ESG U.S. Aggregate Bond ETF,ETF,-0.005648704347676836,0.06801872958468959,-0.08304630771798933
TFC,Truist Financial,stock,-0.023423890765541744,0.2803072649893125,-0.08356505053993105
HAS,Hasbro,stock,-0.02224334607759526,0.2625325922837685,-0.0847260368097561
IBND,SPDR Bloomberg International Corporate Bond ETF,ETF,-0.011211647359100962,0.1319573759787437,-0.08496415813017519
RPAR,RPAR Risk Parity ETF,ETF,-0.010108153353810656,0.11864201598722167,-0.08519876596583924
LQD,iShares iBoxx $ Investment Grade Corporate Bond ETF,ETF,-0.008039928040491362,0.09218117915751545,-0.08721875890471156
ELV,Elevance Health,stock,-0.018314499364513015,0.20846719359251115,-0.08785314873241971
GIS,General Mills,stock,-0.01894671579975571,0.20620830491036113,-0.09188143905257287
BMY,Bristol Myers Squibb,stock,-0.01926200764520969,0.19998442173493217,-0.09631754052693349
MCHI,iShares MSCI China ETF,ETF,-0.025575676130807024,0.2644922502206622,-0.09669726091962844
FDS,FactSet,stock,-0.017583316871846666,0.1804538663508644,-0.09743940225508191
WDAY,"Workday, Inc.",stock,-0.031482980609674804,0.3219620763252153,-0.09778474834369533
PGF,Invesco Financial Preferred ETF,ETF,-0.009575651044323896,0.09697188337858813,-0.09874667491957001
VNQI,Vanguard Global ex-U.S. Real Estate ETF,ETF,-0.014830790302269192,0.14852791060224463,-0.09985187458797432
ROBT,First Trust Nasdaq Artificial Intelligence & Robotics ETF,ETF,-0.017914917591838275,0.17594313528858627,-0.10182220273870751
D,Dominion Energy,stock,-0.022264380387751137,0.21820965159489933,-0.10203206056661689
ISHG,iShares 1-3 Year International Treasury Bond ETF,ETF,-0.00907584607717904,0.08846580889476742,-0.102591568319632
GXC,State Street SPDR S&P China ETF,ETF,-0.02595349451350193,0.25115580865386883,-0.10333623041651335
PGX,Invesco Preferred ETF,ETF,-0.010620532604287969,0.1002158388897248,-0.10597658735336796
PSK,State Street SPDR ICE Preferred Securities ETF,ETF,-0.009640077464811658,0.08919261365339676,-0.10808156718305262
SJM,J.M. Smucker Company (The),stock,-0.015326212537767114,0.1412826555643761,-0.10847908029859796
FLGV,Franklin U.S. Treasury Bond ETF,ETF,-0.006393736945493389,0.05829338816578826,-0.10968202649860387
EQR,Equity Residential,stock,-0.019444605567842665,0.17534225265198666,-0.11089515090487435
SOXL,Direxion Daily Semiconductor Bull 3x Shares,ETF,-0.0970577155186455,0.8549185336544703,-0.11352861319283669
HAUZ,DBX ETF Trust - Xtrackers International Real Estate ETF,ETF,-0.01626154812025704,0.1432297929348577,-0.11353467590121386
PFFD,Global X U.S. Preferred ETF,ETF,-0.01093468870712544,0.0947281092622432,-0.11543235468633802
NCLH,Norwegian Cruise Line Holdings,stock,-0.043347553168765374,0.3747388663058224,-0.11567402547829042
LW,Lamb Weston,stock,-0.04266110431498071,0.36085101966049066,-0.11822359364570655
GCOR,Goldman Sachs Access U.S. Aggregate Bond ETF,ETF,-0.008269250922142923,0.06989023654134509,-0.1183176840051338
KORU,Direxion MSCI Daily South Korea Bull 3X Shares,ETF,-0.2297612408904225,1.885147560497817,-0.1218797115435084
CSGP,CoStar Group,stock,-0.024576060771153818,0.1921190071834698,-0.1279210273436619
VNM,VanEck Vietnam ETF,ETF,-0.03626358272889296,0.2814267435184956,-0.1288562070381548
KDP,Keurig Dr Pepper,stock,-0.014744334579093854,0.11425602371139856,-0.12904645287093874
HOLX,Hologic,stock,-0.01600928747357988,0.12099909404961096,-0.13230915156286954
SDIV,Global X SuperDividend ETF,ETF,-0.02473838608599266,0.18325512467957988,-0.13499423892918427
CDW,CDW Corporation,stock,-0.027541206723891487,0.20270633256017337,-0.13586752015118167
AVY,Avery Dennison,stock,-0.022782291361391094,0.16476914000397333,-0.1382679509090216
FIXD,First Trust Smith Opportunistic Fixed Income ETF,ETF,-0.010590433922116671,0.07647563414223256,-0.13848115208067635
MAA,Mid-America Apartment Communities,stock,-0.027090303344872613,0.1950340872897294,-0.13890035183762056
MCHP,Microchip Technology,stock,-0.03269476852106856,0.23129759493754332,-0.14135368995037342
HPQ,HP Inc.,stock,-0.028787622814573255,0.20183849554541783,-0.14262701838309852
TFI,State Street SPDR Nuveen ICE Municipal Bond ETF,ETF,-0.008348579029007208,0.056110088344497405,-0.1487892690125471
JBHT,J.B. Hunt,stock,-0.020027329655676773,0.13300496623895303,-0.15057580346057325
TMO,Thermo Fisher Scientific,stock,-0.02114009818841056,0.13783320236813523,-0.15337449776395679
BAB,Invesco Taxable Municipal Bond ETF,ETF,-0.014237583990694636,0.0917503505100076,-0.15517743432644088
ACN,Accenture,stock,-0.02991682115345684,0.19204265134441648,-0.1557821710126408
GOVT,iShares U.S. Treasury Bond ETF,ETF,-0.009697624259507487,0.06210087266530732,-0.15615922680785563
CPT,Camden Property Trust,stock,-0.034509133027318506,0.21951174322043485,-0.1572085963194427
IBTK,iShares iBonds Dec 2030 Term Treasury ETF,ETF,-0.011394246283884524,0.07156020270316114,-0.15922602023849755
BBH,VanEck Biotech ETF,ETF,-0.02127111315057495,0.1332275970798161,-0.15965996247632924
ES,Eversource Energy,stock,-0.025357566509081275,0.15806995088026612,-0.1604199050348853
HYD,VanEck High Yield Muni ETF,ETF,-0.012340631121223855,0.07641716228221869,-0.1614903086252833
SBUX,Starbucks,stock,-0.03121650279866317,0.19137546497136224,-0.1631165353580432
PWZ,Invesco California AMT-Free Municipal Bond ETF,ETF,-0.010474145298101312,0.06415606253353966,-0.16326041350535833
PZA,Invesco National AMT-Free Municipal Bond ETF,ETF,-0.011594744965516157,0.06830603489806507,-0.16974700672962947
UNH,UnitedHealth Group,stock,-0.040337061208425395,0.23445967048187077,-0.17204264224001967
VTRS,Viatris,stock,-0.0366472696712985,0.20677382893424512,-0.17723359798571256
MTD,Mettler Toledo,stock,-0.02714452555434166,0.15212165320503632,-0.17843959083034064
HSIC,Henry Schein,stock,-0.017656221804389416,0.09700475489895503,-0.18201398295146473
BEN,Franklin Resources,stock,-0.031881461195741534,0.1709659370246246,-0.18647843980259984
MORT,VanEck Mortgage REIT Income ETF,ETF,-0.027548864440226306,0.14747452886328288,-0.18680422071912933
AMCR,Amcor,stock,-0.02667530118268846,0.136669402486112,-0.1951812234300149
FISR,State Street Fixed Income Sector Rotation ETF,ETF,-0.014507506739211196,0.0739761451660701,-0.19611060709696468
MDT,Medtronic,stock,-0.03245873021799406,0.16328319559393978,-0.19878794079161663
UDR,"UDR, Inc.",stock,-0.03625344334900793,0.180714524908562,-0.2006116739501236
BWZ,SPDR Bloomberg Short Term International Treasury Bond ETF,ETF,-0.01668492776796815,0.08246550520872226,-0.20232614504377533
AWK,American Water Works,stock,-0.023103788290134153,0.11359661892904285,-0.20338447136851612
IHF,iShares U.S. Healthcare Providers ETF,ETF,-0.016787872671425674,0.08191896653963923,-0.20493267164573298
WIP,SPDR FTSE International Government Inflation-Protected Bond ETF,ETF,-0.019323489348041956,0.09260197204468647,-0.20867254682996508
KWEB,KraneShares CSI China Internet ETF,ETF,-0.0630632788434029,0.2993900552473226,-0.21063919037426634
XBI,State Street SPDR S&P Biotech ETF,ETF,-0.050572849015167676,0.23986713237510301,-0.21083692673693247
TTD,Trade Desk (The),stock,-0.09719411715943971,0.46043249741078807,-0.2110930868390143
REM,iShares Mortgage Real Estate ETF,ETF,-0.031691237009905504,0.14766447389832865,-0.21461653011899026
FXH,First Trust Health Care AlphaDEX Fund,ETF,-0.01761225133468247,0.08071014561660311,-0.21821607680335303
ARKK,ARK Innovation ETF,ETF,-0.09775592541554734,0.42766984107337724,-0.22857801983463902
WBD,Warner Bros. Discovery,stock,-0.15169319452729568,0.650623847214863,-0.2331503758687165
A,Agilent Technologies,stock,-0.03245770969615369,0.13809653170495467,-0.2350363857471821
ABNB,Airbnb,stock,-0.05993133731671196,0.25043718380323565,-0.2393068649254538
AMT,American Tower,stock,-0.039212654253670265,0.16323590423981477,-0.2402207678285151
INVH,Invitation Homes,stock,-0.03132611542047292,0.1286478876246928,-0.24350275779001718
CPB,Campbell's Company (The),stock,-0.048292836385710136,0.1981959124608899,-0.24366212090897577
KOLD,ProShares UltraShort Bloomberg Natural Gas,ETF,-0.3439322390848718,1.4102440332924207,-0.2438813644769776
IEF,iShares 7-10 Year Treasury Bond ETF,ETF,-0.017695886815330963,0.07224267774453286,-0.2449505938568306
ASHR,Xtrackers Harvest CSI 300 China A-Shares ETF,ETF,-0.04729458574046219,0.18524212430523154,-0.25531226181866085
TSN,Tyson Foods,stock,-0.0527763695925384,0.2045791182272255,-0.25797534982978965
MOH,Molina Healthcare,stock,-0.06600217255821184,0.2548741450909798,-0.2589598585397971
BXP,"BXP, Inc.",stock,-0.07221658764934824,0.27501443596982245,-0.2625919886520889
REMX,VanEck Rare Earth and Strategic Metals ETF,ETF,-0.109563577420413,0.41557321296824623,-0.26364446504588523
SRVR,Pacer Data & Infrastructure Real Estate ETF,ETF,-0.03688563244805143,0.139495375273624,-0.264421901985634
CQQQ,Invesco China Technology ETF,ETF,-0.08226775589912894,0.3105205079436006,-0.2649350165112802
MKC,McCormick & Company,stock,-0.03605697501860128,0.1339117410447015,-0.2692592504384286
MLN,VanEck Long Muni ETF,ETF,-0.023079289665476566,0.08563536366189202,-0.2695065295290725
IGLB,iShares 10+ Year Investment Grade Corporate Bond ETF,ETF,-0.031595292390037555,0.11651027796925832,-0.27118030220796563
INTC,Intel,stock,-0.12825190499011208,0.470513384043372,-0.272578654167019
DHR,Danaher Corporation,stock,-0.042072411417482525,0.15428236537320242,-0.27269747463173233
MGM,MGM Resorts,stock,-0.05301123081366943,0.18917553317076002,-0.28022244697901094
VCLT,Vanguard Long-Term Corporate Bond ETF,ETF,-0.03313781747362754,0.11594515064058696,-0.2858059805912016
SPLB,State Street SPDR Portfolio Long Term Corporate Bond ETF,ETF,-0.03347546750167296,0.11702011372089802,-0.28606592864466474
CXSE,WisdomTree China ex-State-Owned Enterprises Fund,ETF,-0.0816099662550398,0.2828044241787203,-0.288573866876516
ADBE,Adobe Inc.,stock,-0.11094647269345737,0.37831166668072874,-0.2932673836545707
CLX,Clorox,stock,-0.05177273317368414,0.1653811828410405,-0.3130509304885463
IEX,IDEX Corporation,stock,-0.03926688826711522,0.12483236952599952,-0.3145569407695725
BBY,Best Buy,stock,-0.06647979599551734,0.2110296030069398,-0.31502592550169906
LGOV,First Trust Long Duration Opportunities ETF,ETF,-0.02819508551168226,0.08876324379223087,-0.31764370371230255
MOO,VanEck Agribusiness ETF,ETF,-0.03353023423955803,0.10351031134544691,-0.32393134368668786
LUV,Southwest Airlines,stock,-0.07853668067240838,0.23583569689801692,-0.3330143897018703
LIT,Global X Lithium & Battery Tech ETF,ETF,-0.09312283238749108,0.27140379985326474,-0.3431154333057909
AKAM,Akamai Technologies,stock,-0.07402971414097181,0.21360126746704006,-0.34657900216998966
MHK,Mohawk Industries,stock,-0.11009215499534875,0.30794279019621695,-0.3575084674825461
COO,Cooper Companies (The),stock,-0.06956355231904054,0.19069482303197707,-0.36478993615561145
EMN,Eastman Chemical Company,stock,-0.0812274688454776,0.2220602703585614,-0.3657901916192363
FIS,Fidelity National Information Services,stock,-0.12148220397044296,0.3307800875683976,-0.36725972492320375
WST,West Pharmaceutical Services,stock,-0.10560290775726489,0.2814566741954678,-0.3752012918475868
DG,Dollar General,stock,-0.14047122550573943,0.37341655516955247,-0.37617835514003245
ICLN,iShares Global Clean Energy ETF,ETF,-0.08609739553781126,0.21989370146469361,-0.39154098077536414
ZTS,Zoetis,stock,-0.06487872061032574,0.16568681123663803,-0.3915744417198321
STZ,Constellation Brands,stock,-0.07223649525124809,0.18171710121154755,-0.39752172343511766
WY,Weyerhaeuser,stock,-0.051509477311016516,0.12938750828315154,-0.3981023979400949
LYB,LyondellBasell,stock,-0.08050710019471008,0.20136022610902068,-0.3998162981358684
IQV,IQVIA,stock,-0.06584819225891803,0.1641742459699019,-0.40108722211515435
BDX,Becton Dickinson,stock,-0.04184571390317471,0.10371113098465128,-0.4034833436477292
ILTB,iShares Core 10+ Year USD Bond ETF,ETF,-0.04559184338086686,0.11263907453295115,-0.40476045785984804
DXCM,Dexcom,stock,-0.10982027442536857,0.27118787714683884,-0.4049601168783245
KHC,Kraft Heinz,stock,-0.045370355112267724,0.10990008723979752,-0.4128327488336879
BWX,SPDR Bloomberg International Treasury Bond ETF,ETF,-0.04285002595757981,0.1036512212963649,-0.4134058954796182
EW,Edwards Lifesciences,stock,-0.07512941318603727,0.18087169406566747,-0.4153740781504524
IGOV,iShares International Treasury Bond ETF,ETF,-0.04783508106567602,0.11399329448483636,-0.41963065706500086
ALB,Albemarle Corporation,stock,-0.17216808864454225,0.3991164402061941,-0.4313730813884682
DIS,Walt Disney Company (The),stock,-0.1000239301821848,0.2313767366889694,-0.4322989926020221
P500.DE,Invesco S&P 500 UCITS ETF,UCITS,-0.12549896626396995,0.28046255285486205,-0.4474713824947426
LULU,Lululemon Athletica,stock,-0.1255046120405351,0.2750288333310227,-0.4563325616462862
ZBRA,Zebra Technologies,stock,-0.1469061278667939,0.32170046095498817,-0.45665501202793984
BLV,Vanguard Long-Term Bond ETF,ETF,-0.05068477755415224,0.11059314572991644,-0.4582994472182877
PALL,abrdn Physical Palladium Shares ETF,ETF,-0.14944036640535308,0.3240156264530727,-0.4612134545523118
TNA,Direxion Daily Small Cap Bull 3X Shares,ETF,-0.1711689548432085,0.36951646069168803,-0.4632241673964994
UNG,United States Natural Gas Fund LP,ETF,-0.2786697361652769,0.6009548179809158,-0.4637116266103827
PFE,Pfizer,stock,-0.09386334195626234,0.20177023629355487,-0.46519914770630916
CMCSA,Comcast,stock,-0.0959171917248196,0.2044548653425073,-0.4691362642025515
URTY,ProShares UltraPro Russell2000,ETF,-0.17642022501476684,0.36858841615099397,-0.47863746467413526
BALL,Ball Corporation,stock,-0.1096894662333211,0.2288096156209927,-0.47939185569462306
AES,AES Corporation,stock,-0.11581807732711225,0.23889535481476284,-0.4848067364763809
CNC,Centene Corporation,stock,-0.12330010957954007,0.25226698324077124,-0.4887683199582988
GOVI,Invesco Equal Weight 0-30 Year Treasury ETF,ETF,-0.03963456789946984,0.08098732812289557,-0.4893922150305503
GNRC,Generac,stock,-0.19522541047761155,0.39078123055497116,-0.4995772447933607
PPG,PPG Industries,stock,-0.07526957469743911,0.1503976150145665,-0.5004705339918389
BIIB,Biogen,stock,-0.14522501279243627,0.2851473229941098,-0.5092981805599351
YINN,Direxion Daily FTSE China Bull 3X Shares,ETF,-0.3453299154818863,0.6700083808334549,-0.5154113371721025
PAYC,Paycom,stock,-0.15998969769058424,0.29596610314886285,-0.5405676392952128
TLH,iShares 10-20 Year Treasury Bond ETF,ETF,-0.054675677453632665,0.10076210303422685,-0.5426214400771334
CAG,Conagra Brands,stock,-0.08912714029226843,0.16220355997261668,-0.5494770910534573
HUM,Humana,stock,-0.11718874799100076,0.21121078344113145,-0.5548426367333823
SBAC,SBA Communications,stock,-0.09131061174103294,0.1619234377751161,-0.5639122599894879
IFF,International Flavors & Fragrances,stock,-0.13708716217804906,0.24286370918619565,-0.5644612883390858
DOC,Healthpeak Properties,stock,-0.10345150366766387,0.18216092874910791,-0.5679126933424273
LKQ,LKQ Corporation,stock,-0.07354868319615504,0.128851630356377,-0.5708013394377283
POOL,Pool Corporation,stock,-0.10271512615729428,0.17587303383127137,-0.5840299898154759
ZBH,Zimmer Biomet,stock,-0.08265523647496775,0.1413382813767927,-0.5848043125317037
DPST,Direxion Daily Regional Banks Bull 3X Shares,ETF,-0.3266191459365777,0.557863971445116,-0.585481699222283
TAN,Invesco Solar ETF,ETF,-0.1555171002525645,0.2635190890139599,-0.5901549706872506
QCLN,First Trust NASDAQ Clean Edge Green Energy Index Fund,ETF,-0.12215225666037777,0.2065734568185274,-0.5913260035517885
TROW,T. Rowe Price,stock,-0.11129761559735374,0.18507103513526788,-0.6013778196896485
IVOL,KraneShares Quadratic Interest Rate Volatility and Inflation Hedge ETF,ETF,-0.052274936239023684,0.0862480436270425,-0.6060999651780301
DOW,Dow Inc.,stock,-0.1409003208212598,0.21473901530499057,-0.6561468144069731
CCI,Crown Castle,stock,-0.10809818963019291,0.16469067902465379,-0.6563710239728314
PSQ,ProShares Short QQQ,ETF,-0.10664710578278758,0.15687443498560022,-0.6798246367712936
SCHQ,Schwab Long-Term U.S. Treasury ETF,ETF,-0.07376937516109328,0.10754376631068271,-0.6859474769367966
VGLT,Vanguard Long-Term Treasury ETF,ETF,-0.07398566124248829,0.10753199738996161,-0.6880339158416399
SPTL,State Street SPDR Portfolio Long Term Treasury ETF,ETF,-0.07422172524095316,0.10785483498380907,-0.6881631709148242
PBW,Invesco WilderHill Clean Energy ETF,ETF,-0.23305519845216094,0.33815230437429894,-0.6892018638861424
LTPZ,PIMCO 15+ Year US TIPS Index Exchange-Traded Fund,ETF,-0.07529487768780774,0.10889934755074414,-0.6914171607201078
ENPH,Enphase Energy,stock,-0.3010988007453145,0.4272702381030735,-0.7047034262954637
XYZ,"Block, Inc.",stock,-0.25056161302952884,0.35282515751798804,-0.7101580136522847
SH,ProShares Short S&P500,ETF,-0.0688558477606227,0.09611525098200778,-0.7163883676848757
SWK,Stanley Black & Decker,stock,-0.18809348272753523,0.2608788481067449,-0.7209993607859394
RVTY,Revvity,stock,-0.12340687797882766,0.16765367061614916,-0.7360821718086532
PSKY,Paramount Skydance Corporation,stock,-0.21806424744578212,0.29560063979746115,-0.7376988344652934
APTV,Aptiv,stock,-0.1697165951781211,0.22836683081120746,-0.7431753314404361
CHTR,Charter Communications,stock,-0.1965865895436012,0.25884554656445674,-0.7594744903005235
TGT,Target Corporation,stock,-0.1674144996219714,0.22033103520581243,-0.75983167539511
HRL,Hormel Foods,stock,-0.10155207164796054,0.1311358574193731,-0.774403535740774
TLT,iShares 20+ Year Treasury Bond ETF,ETF,-0.08589460484573241,0.10918381515598968,-0.7866972290995305
PYPL,PayPal,stock,-0.2694359277447209,0.33777921832362795,-0.7976687526305215
LABU,Direxion Daily S&P Biotech Bull 3x Shares,ETF,-0.448484481788073,0.5425187400925084,-0.8266709491207602
KMX,CarMax,stock,-0.19635429789745296,0.2353795210160492,-0.8342029801482376
CRL,Charles River Laboratories,stock,-0.18027900819849962,0.21476461918586096,-0.8394260138467365
MKTX,MarketAxess,stock,-0.1734841375764843,0.20551721574149442,-0.8441343317666279
GPN,Global Payments,stock,-0.15736332803913855,0.17788474403178933,-0.8846364475810053
ARKG,ARK Genomic Revolution ETF,ETF,-0.22571728666124147,0.24126954878879758,-0.9355398880396206
SWKS,Skyworks Solutions,stock,-0.17961793323404096,0.1907341128723263,-0.9417189748027596
ALGN,Align Technology,stock,-0.28153143676293846,0.29710097960401627,-0.9475951144226138
FXY,Invesco Currencyshares Japanese Yen Trust,ETF,-0.07599546127520462,0.07992508316911177,-0.9508336840189137
MSOS,AdvisorShares Pure US Cannabis ETF,ETF,-0.42476081667250043,0.4353425490581939,-0.9756933191837424
EDV,Vanguard Extended Duration Treasury ETF,ETF,-0.13090014844451325,0.13039721435897594,-1.0038569388771816
EL,Estée Lauder Companies (The),stock,-0.27056493356647016,0.2659323980452037,-1.0174199742314924
TECH,Bio-Techne,stock,-0.154022910677734,0.147157741981748,-1.046651767032668
UPS,United Parcel Service,stock,-0.12662594300316599,0.12001557280448304,-1.0550792704997698
ARE,Alexandria Real Estate Equities,stock,-0.1950365379079423,0.18377720382785515,-1.06126621716714
ZROZ,PIMCO 25+ Year Zero Coupon US Treasury Index Exchange-Traded Fund,ETF,-0.14931347123359073,0.12972403795449292,-1.1510085068888294
SQQQ,ProShares UltraPro Short QQQ,ETF,-0.4294542941685967,0.3515431037574569,-1.2216262801869489
NKE,"Nike, Inc.",stock,-0.17546803269171263,0.1429231616457428,-1.2277088658774378
MTCH,Match Group,stock,-0.3049668704961189,0.24733791695430968,-1.2329968419377242
CZR,Caesars Entertainment,stock,-0.28447533764803357,0.2273775225955508,-1.2511145974355866
BF-B,Brown–Forman,stock,-0.18215437101651855,0.14174069766282027,-1.2851239906398395
SPXU,ProShares UltraPro Short S&P500,ETF,-0.30944707506168945,0.22795266481088908,-1.3575058458667664
MRNA,Moderna,stock,-0.4031694892456468,0.29470261431895756,-1.3680553536226698
BAX,Baxter International,stock,-0.24306235728798464,0.15719950583863213,-1.546203062097995
EPAM,EPAM Systems,stock,-0.24222320638330908,0.15381263762355643,-1.5747939189244653
TMF,Direxion Daily 20+ Year Treasury Bull 3X Shares,ETF,-0.3624470517371584,0.22332044815528254,-1.6229908847627614
VXX,iPath Series B S&P 500 VIX Short-Term Futures ETN,ETF,-0.4538781964740394,0.2545885364058488,-1.7827911770170821
SOXS,Direxion Daily Semiconductor Bear 3x Shares,ETF,-0.6726590615169752,0.2623517382034336,-2.563958852048389
UVXY,ProShares Ultra VIX Short-Term Futures ETF,ETF,-0.674502399962544,0.21422907013950096,-3.148510141613012
